Date,Ticker,Open,High,Low,Close,Volume
2023-01-03,AAPL,130.27999877929688,130.89999389648438,124.16999816894531,125.06999969482422,112117500
2023-01-04,AAPL,126.88999938964844,128.66000366210938,125.08000183105469,126.36000061035156,89113600
2023-01-05,AAPL,127.12999725341797,127.7699966430664,124.76000213623047,125.0199966430664,80962700
2023-01-06,AAPL,126.01000213623047,130.2899932861328,124.88999938964844,129.6199951171875,87754700
2023-01-09,AAPL,130.47000122070312,133.41000366210938,129.88999938964844,130.14999389648438,70790800
2023-01-10,AAPL,130.25999450683594,131.25999450683594,128.1199951171875,130.72999572753906,63896200
2023-01-11,AAPL,131.25,133.50999450683594,130.4600067138672,133.49000549316406,69458900
2023-01-12,AAPL,133.8800048828125,134.25999450683594,131.44000244140625,133.41000366210938,71379600
2023-01-13,AAPL,132.02999877929688,134.9199981689453,131.66000366210938,134.75999450683594,57809700
2023-01-17,AAPL,134.8300018310547,137.2899932861328,134.1300048828125,135.94000244140625,63646600
2023-01-18,AAPL,136.82000732421875,138.61000061035156,135.02999877929688,135.2100067138672,69672800
2023-01-19,AAPL,134.0800018310547,136.25,133.77000427246094,135.27000427246094,58280400
2023-01-20,AAPL,135.27999877929688,138.02000427246094,134.22000122070312,137.8699951171875,80223600
2023-01-23,AAPL,138.1199951171875,143.32000732421875,137.89999389648438,141.11000061035156,81760300
2023-01-24,AAPL,140.30999755859375,143.16000366210938,140.3000030517578,142.52999877929688,66435100
2023-01-25,AAPL,140.88999938964844,142.42999267578125,138.80999755859375,141.86000061035156,65799300
2023-01-26,AAPL,143.1699981689453,144.25,141.89999389648438,143.9600067138672,54105100
2023-01-27,AAPL,143.16000366210938,147.22999572753906,143.0800018310547,145.92999267578125,70555800
2023-01-30,AAPL,144.9600067138672,145.5500030517578,142.85000610351562,143.0,64015300
2023-01-31,AAPL,142.6999969482422,144.33999633789062,142.27999877929688,144.2899932861328,65874500
2023-02-01,AAPL,143.97000122070312,146.61000061035156,141.32000732421875,145.42999267578125,77663600
2023-02-02,AAPL,148.89999389648438,151.17999267578125,148.1699981689453,150.82000732421875,118339000
2023-02-03,AAPL,148.02999877929688,157.3800048828125,147.8300018310547,154.5,154357300
2023-02-06,AAPL,152.57000732421875,153.10000610351562,150.77999877929688,151.72999572753906,69858300
2023-02-07,AAPL,150.63999938964844,155.22999572753906,150.63999938964844,154.64999389648438,83322600
2023-02-08,AAPL,153.8800048828125,154.5800018310547,151.1699981689453,151.9199981689453,64120100
2023-02-09,AAPL,153.77999877929688,154.3300018310547,150.4199981689453,150.8699951171875,56007100
2023-02-10,AAPL,149.4600067138672,151.33999633789062,149.22000122070312,151.00999450683594,57450700
2023-02-13,AAPL,150.9499969482422,154.25999450683594,150.9199981689453,153.85000610351562,62199000
2023-02-14,AAPL,152.1199951171875,153.77000427246094,150.86000061035156,153.1999969482422,61707600
2023-02-15,AAPL,153.11000061035156,155.5,152.8800048828125,155.3300018310547,65573800
2023-02-16,AAPL,153.50999450683594,156.3300018310547,153.35000610351562,153.7100067138672,68167900
2023-02-17,AAPL,152.35000610351562,153.0,150.85000610351562,152.5500030517578,59144100
2023-02-21,AAPL,150.1999969482422,151.3000030517578,148.41000366210938,148.47999572753906,58867200
2023-02-22,AAPL,148.8699951171875,149.9499969482422,147.16000366210938,148.91000366210938,51011300
2023-02-23,AAPL,150.08999633789062,150.33999633789062,147.24000549316406,149.39999389648438,48394200
2023-02-24,AAPL,147.11000061035156,147.19000244140625,145.72000122070312,146.7100067138672,55469600
2023-02-27,AAPL,147.7100067138672,149.1699981689453,147.4499969482422,147.9199981689453,44998500
2023-02-28,AAPL,147.0500030517578,149.0800018310547,146.8300018310547,147.41000366210938,50547000
2023-03-01,AAPL,146.8300018310547,147.22999572753906,145.00999450683594,145.30999755859375,55479000
2023-03-02,AAPL,144.3800048828125,146.7100067138672,143.89999389648438,145.91000366210938,52238100
2023-03-03,AAPL,148.0399932861328,151.11000061035156,147.3300018310547,151.02999877929688,70732300
2023-03-06,AAPL,153.7899932861328,156.3000030517578,153.4600067138672,153.8300018310547,87558000
2023-03-07,AAPL,153.6999969482422,154.02999877929688,151.1300048828125,151.60000610351562,56182000
2023-03-08,AAPL,152.80999755859375,153.47000122070312,151.8300018310547,152.8699951171875,47204800
2023-03-09,AAPL,153.55999755859375,154.5399932861328,150.22999572753906,150.58999633789062,53833600
2023-03-10,AAPL,150.2100067138672,150.94000244140625,147.61000061035156,148.5,68572400
2023-03-13,AAPL,147.80999755859375,153.13999938964844,147.6999969482422,150.47000122070312,84457100
2023-03-14,AAPL,151.27999877929688,153.39999389648438,150.10000610351562,152.58999633789062,73695900
2023-03-15,AAPL,151.19000244140625,153.25,149.9199981689453,152.99000549316406,77167900
2023-03-16,AAPL,152.16000366210938,156.4600067138672,151.63999938964844,155.85000610351562,76161100
2023-03-17,AAPL,156.0800018310547,156.74000549316406,154.27999877929688,155.0,98944600
2023-03-20,AAPL,155.07000732421875,157.82000732421875,154.14999389648438,157.39999389648438,73641400
2023-03-21,AAPL,157.32000732421875,159.39999389648438,156.5399932861328,159.27999877929688,73938300
2023-03-22,AAPL,159.3000030517578,162.13999938964844,157.80999755859375,157.8300018310547,75701800
2023-03-23,AAPL,158.8300018310547,161.5500030517578,157.67999267578125,158.92999267578125,67622100
2023-03-24,AAPL,158.86000061035156,160.33999633789062,157.85000610351562,160.25,59196500
2023-03-27,AAPL,159.94000244140625,160.77000427246094,157.8699951171875,158.27999877929688,52390300
2023-03-28,AAPL,157.97000122070312,158.49000549316406,155.97999572753906,157.64999389648438,45992200
2023-03-29,AAPL,159.3699951171875,161.0500030517578,159.35000610351562,160.77000427246094,51305700
2023-03-30,AAPL,161.52999877929688,162.47000122070312,161.27000427246094,162.36000061035156,49501700
2023-03-31,AAPL,162.44000244140625,165.0,161.91000366210938,164.89999389648438,68749800
2023-04-03,AAPL,164.27000427246094,166.2899932861328,164.22000122070312,166.1699981689453,56976200
2023-04-04,AAPL,166.60000610351562,166.83999633789062,165.11000061035156,165.6300048828125,46278300
2023-04-05,AAPL,164.74000549316406,165.0500030517578,161.8000030517578,163.75999450683594,51511700
2023-04-06,AAPL,162.42999267578125,164.9600067138672,162.0,164.66000366210938,45390100
2023-04-10,AAPL,161.4199981689453,162.02999877929688,160.0800018310547,162.02999877929688,47716900
2023-04-11,AAPL,162.35000610351562,162.36000061035156,160.50999450683594,160.8000030517578,47644200
2023-04-12,AAPL,161.22000122070312,162.05999755859375,159.77999877929688,160.10000610351562,50133100
2023-04-13,AAPL,161.6300048828125,165.8000030517578,161.4199981689453,165.55999755859375,68445600
2023-04-14,AAPL,164.58999633789062,166.32000732421875,163.82000732421875,165.2100067138672,49386500
2023-04-17,AAPL,165.08999633789062,165.38999938964844,164.02999877929688,165.22999572753906,41516200
2023-04-18,AAPL,166.10000610351562,167.41000366210938,165.64999389648438,166.47000122070312,49923000
2023-04-19,AAPL,165.8000030517578,168.16000366210938,165.5399932861328,167.6300048828125,47720200
2023-04-20,AAPL,166.08999633789062,167.8699951171875,165.55999755859375,166.64999389648438,52456400
2023-04-21,AAPL,165.0500030517578,166.4499969482422,164.49000549316406,165.02000427246094,58337300
2023-04-24,AAPL,165.0,165.60000610351562,163.88999938964844,165.3300018310547,41949600
2023-04-25,AAPL,165.19000244140625,166.30999755859375,163.72999572753906,163.77000427246094,48714100
2023-04-26,AAPL,163.05999755859375,165.27999877929688,162.8000030517578,163.75999450683594,45498800
2023-04-27,AAPL,165.19000244140625,168.55999755859375,165.19000244140625,168.41000366210938,64902300
2023-04-28,AAPL,168.49000549316406,169.85000610351562,167.8800048828125,169.67999267578125,55275900
2023-05-01,AAPL,169.27999877929688,170.4499969482422,168.63999938964844,169.58999633789062,52472900
2023-05-02,AAPL,170.08999633789062,170.35000610351562,167.5399932861328,168.5399932861328,48425700
2023-05-03,AAPL,169.5,170.9199981689453,167.16000366210938,167.4499969482422,65136000
2023-05-04,AAPL,164.88999938964844,167.0399932861328,164.30999755859375,165.7899932861328,81235400
2023-05-05,AAPL,170.97999572753906,174.3000030517578,170.75999450683594,173.57000732421875,113453200
2023-05-08,AAPL,172.47999572753906,173.85000610351562,172.11000061035156,173.5,55962800
2023-05-09,AAPL,173.0500030517578,173.5399932861328,171.60000610351562,171.77000427246094,45326900
2023-05-10,AAPL,173.02000427246094,174.02999877929688,171.89999389648438,173.55999755859375,53724500
2023-05-11,AAPL,173.85000610351562,174.58999633789062,172.1699981689453,173.75,49514700
2023-05-12,AAPL,173.6199951171875,174.05999755859375,171.0,172.57000732421875,45533100
2023-05-15,AAPL,173.16000366210938,173.2100067138672,171.47000122070312,172.07000732421875,37266700
2023-05-16,AAPL,171.99000549316406,173.13999938964844,171.8000030517578,172.07000732421875,42110300
2023-05-17,AAPL,171.7100067138672,172.92999267578125,170.4199981689453,172.69000244140625,57951600
2023-05-18,AAPL,173.0,175.24000549316406,172.5800018310547,175.0500030517578,65496700
2023-05-19,AAPL,176.38999938964844,176.38999938964844,174.94000244140625,175.16000366210938,55809500
2023-05-22,AAPL,173.97999572753906,174.7100067138672,173.4499969482422,174.1999969482422,43570900
2023-05-23,AAPL,173.1300048828125,173.3800048828125,171.27999877929688,171.55999755859375,50747300
2023-05-24,AAPL,171.08999633789062,172.4199981689453,170.52000427246094,171.83999633789062,45143500
2023-05-25,AAPL,172.41000366210938,173.89999389648438,171.69000244140625,172.99000549316406,56058300
2023-05-26,AAPL,173.32000732421875,175.77000427246094,173.11000061035156,175.42999267578125,54835000
2023-05-30,AAPL,176.9600067138672,178.99000549316406,176.57000732421875,177.3000030517578,55964400
2023-05-31,AAPL,177.3300018310547,179.35000610351562,176.75999450683594,177.25,99625300
2023-06-01,AAPL,177.6999969482422,180.1199951171875,176.92999267578125,180.08999633789062,68901800
2023-06-02,AAPL,181.02999877929688,181.77999877929688,179.25999450683594,180.9499969482422,61996900
2023-06-05,AAPL,182.6300048828125,184.9499969482422,178.0399932861328,179.5800018310547,121946500
2023-06-06,AAPL,179.97000122070312,180.1199951171875,177.42999267578125,179.2100067138672,64848400
2023-06-07,AAPL,178.44000244140625,181.2100067138672,177.32000732421875,177.82000732421875,61944600
2023-06-08,AAPL,177.89999389648438,180.83999633789062,177.4600067138672,180.57000732421875,50214900
2023-06-09,AAPL,181.5,182.22999572753906,180.6300048828125,180.9600067138672,48900000
2023-06-12,AAPL,181.27000427246094,183.88999938964844,180.97000122070312,183.7899932861328,54274900
2023-06-13,AAPL,182.8000030517578,184.14999389648438,182.44000244140625,183.30999755859375,54929100
2023-06-14,AAPL,183.3699951171875,184.38999938964844,182.02000427246094,183.9499969482422,57462900
2023-06-15,AAPL,183.9600067138672,186.52000427246094,183.77999877929688,186.00999450683594,65433200
2023-06-16,AAPL,186.72999572753906,186.99000549316406,184.27000427246094,184.9199981689453,101256200
2023-06-20,AAPL,184.41000366210938,186.10000610351562,184.41000366210938,185.00999450683594,49799100
2023-06-21,AAPL,184.89999389648438,185.41000366210938,182.58999633789062,183.9600067138672,49515700
2023-06-22,AAPL,183.74000549316406,187.0500030517578,183.6699981689453,187.0,51245300
2023-06-23,AAPL,185.5500030517578,187.55999755859375,185.00999450683594,186.67999267578125,53117000
2023-06-26,AAPL,186.8300018310547,188.0500030517578,185.22999572753906,185.27000427246094,48088700
2023-06-27,AAPL,185.88999938964844,188.38999938964844,185.6699981689453,188.05999755859375,50730800
2023-06-28,AAPL,187.92999267578125,189.89999389648438,187.60000610351562,189.25,51216800
2023-06-29,AAPL,189.0800018310547,190.07000732421875,188.94000244140625,189.58999633789062,46347300
2023-06-30,AAPL,191.6300048828125,194.47999572753906,191.25999450683594,193.97000122070312,85213200
2023-07-03,AAPL,193.77999877929688,193.8800048828125,191.75999450683594,192.4600067138672,31458200
2023-07-05,AAPL,191.57000732421875,192.97999572753906,190.6199951171875,191.3300018310547,46920300
2023-07-06,AAPL,189.83999633789062,192.02000427246094,189.1999969482422,191.80999755859375,45094300
2023-07-07,AAPL,191.41000366210938,192.6699981689453,190.24000549316406,190.67999267578125,46815000
2023-07-10,AAPL,189.25999450683594,189.99000549316406,187.0399932861328,188.61000061035156,59922200
2023-07-11,AAPL,189.16000366210938,189.3000030517578,186.60000610351562,188.0800018310547,46638100
2023-07-12,AAPL,189.67999267578125,191.6999969482422,188.47000122070312,189.77000427246094,60750200
2023-07-13,AAPL,190.5,191.19000244140625,189.77999877929688,190.5399932861328,41342300
2023-07-14,AAPL,190.22999572753906,191.17999267578125,189.6300048828125,190.69000244140625,41616200
2023-07-17,AAPL,191.89999389648438,194.32000732421875,191.80999755859375,193.99000549316406,50520200
2023-07-18,AAPL,193.35000610351562,194.3300018310547,192.4199981689453,193.72999572753906,48288200
2023-07-19,AAPL,193.10000610351562,198.22999572753906,192.64999389648438,195.10000610351562,80507300
2023-07-20,AAPL,195.08999633789062,196.47000122070312,192.5,193.1300048828125,59581200
2023-07-21,AAPL,194.10000610351562,194.97000122070312,191.22999572753906,191.94000244140625,71951700
2023-07-24,AAPL,193.41000366210938,194.91000366210938,192.25,192.75,45377800
2023-07-25,AAPL,193.3300018310547,194.44000244140625,192.9199981689453,193.6199951171875,37283200
2023-07-26,AAPL,193.6699981689453,195.63999938964844,193.32000732421875,194.5,47471900
2023-07-27,AAPL,196.02000427246094,197.1999969482422,192.5500030517578,193.22000122070312,47460200
2023-07-28,AAPL,194.6699981689453,196.6300048828125,194.13999938964844,195.8300018310547,48291400
2023-07-31,AAPL,196.05999755859375,196.49000549316406,195.25999450683594,196.4499969482422,38824100
2023-08-01,AAPL,196.24000549316406,196.72999572753906,195.27999877929688,195.61000061035156,35175100
2023-08-02,AAPL,195.0399932861328,195.17999267578125,191.85000610351562,192.5800018310547,50389300
2023-08-03,AAPL,191.57000732421875,192.3699951171875,190.69000244140625,191.1699981689453,61235200
2023-08-04,AAPL,185.52000427246094,187.3800048828125,181.9199981689453,181.99000549316406,115956800
2023-08-07,AAPL,182.1300048828125,183.1300048828125,177.35000610351562,178.85000610351562,97576100
2023-08-08,AAPL,179.69000244140625,180.27000427246094,177.5800018310547,179.8000030517578,67823000
2023-08-09,AAPL,180.8699951171875,180.92999267578125,177.00999450683594,178.19000244140625,60378500
2023-08-10,AAPL,179.47999572753906,180.75,177.60000610351562,177.97000122070312,54686900
2023-08-11,AAPL,177.32000732421875,178.6199951171875,176.5500030517578,177.7899932861328,52036700
2023-08-14,AAPL,177.97000122070312,179.69000244140625,177.30999755859375,179.4600067138672,43675600
2023-08-15,AAPL,178.8800048828125,179.47999572753906,177.0500030517578,177.4499969482422,43622600
2023-08-16,AAPL,177.1300048828125,178.5399932861328,176.5,176.57000732421875,46964900
2023-08-17,AAPL,177.13999938964844,177.50999450683594,173.47999572753906,174.0,66062900
2023-08-18,AAPL,172.3000030517578,175.10000610351562,171.9600067138672,174.49000549316406,61172200
2023-08-21,AAPL,175.07000732421875,176.1300048828125,173.74000549316406,175.83999633789062,46311900
2023-08-22,AAPL,177.05999755859375,177.67999267578125,176.25,177.22999572753906,42038900
2023-08-23,AAPL,178.52000427246094,181.5500030517578,178.3300018310547,181.1199951171875,52722800
2023-08-24,AAPL,180.6699981689453,181.10000610351562,176.00999450683594,176.3800048828125,54945800
2023-08-25,AAPL,177.3800048828125,179.14999389648438,175.82000732421875,178.61000061035156,51449600
2023-08-28,AAPL,180.08999633789062,180.58999633789062,178.5500030517578,180.19000244140625,43820700
2023-08-29,AAPL,179.6999969482422,184.89999389648438,179.5,184.1199951171875,53003900
2023-08-30,AAPL,184.94000244140625,187.85000610351562,184.74000549316406,187.64999389648438,60813900
2023-08-31,AAPL,187.83999633789062,189.1199951171875,187.47999572753906,187.8699951171875,60794500
2023-09-01,AAPL,189.49000549316406,189.9199981689453,188.27999877929688,189.4600067138672,45766500
2023-09-05,AAPL,188.27999877929688,189.97999572753906,187.61000061035156,189.6999969482422,45280000
2023-09-06,AAPL,188.39999389648438,188.85000610351562,181.47000122070312,182.91000366210938,81755800
2023-09-07,AAPL,175.17999267578125,178.2100067138672,173.5399932861328,177.55999755859375,112488800
2023-09-08,AAPL,178.35000610351562,180.24000549316406,177.7899932861328,178.17999267578125,65551300
2023-09-11,AAPL,180.07000732421875,180.3000030517578,177.33999633789062,179.36000061035156,58953100
2023-09-12,AAPL,179.49000549316406,180.1300048828125,174.82000732421875,176.3000030517578,90370200
2023-09-13,AAPL,176.50999450683594,177.3000030517578,173.97999572753906,174.2100067138672,84267900
2023-09-14,AAPL,174.0,176.10000610351562,173.5800018310547,175.74000549316406,60895800
2023-09-15,AAPL,176.47999572753906,176.5,173.82000732421875,175.00999450683594,109259500
2023-09-18,AAPL,176.47999572753906,179.3800048828125,176.1699981689453,177.97000122070312,67257600
2023-09-19,AAPL,177.52000427246094,179.6300048828125,177.1300048828125,179.07000732421875,51826900
2023-09-20,AAPL,179.25999450683594,179.6999969482422,175.39999389648438,175.49000549316406,58436200
2023-09-21,AAPL,174.5500030517578,176.3000030517578,173.86000061035156,173.92999267578125,63149100
2023-09-22,AAPL,174.6699981689453,177.0800018310547,174.0500030517578,174.7899932861328,56725400
2023-09-25,AAPL,174.1999969482422,176.97000122070312,174.14999389648438,176.0800018310547,46172700
2023-09-26,AAPL,174.82000732421875,175.1999969482422,171.66000366210938,171.9600067138672,64588900
2023-09-27,AAPL,172.6199951171875,173.0399932861328,169.0500030517578,170.42999267578125,66921800
2023-09-28,AAPL,169.33999633789062,172.02999877929688,167.6199951171875,170.69000244140625,56294400
2023-09-29,AAPL,172.02000427246094,173.07000732421875,170.33999633789062,171.2100067138672,51861100
2023-10-02,AAPL,171.22000122070312,174.3000030517578,170.92999267578125,173.75,52164500
2023-10-03,AAPL,172.25999450683594,173.6300048828125,170.82000732421875,172.39999389648438,49594600
2023-10-04,AAPL,171.08999633789062,174.2100067138672,170.97000122070312,173.66000366210938,53020300
2023-10-05,AAPL,173.7899932861328,175.4499969482422,172.67999267578125,174.91000366210938,48527900
2023-10-06,AAPL,173.8000030517578,177.99000549316406,173.17999267578125,177.49000549316406,57266700
2023-10-09,AAPL,176.80999755859375,179.0500030517578,175.8000030517578,178.99000549316406,42390800
2023-10-10,AAPL,178.10000610351562,179.72000122070312,177.9499969482422,178.38999938964844,43698000
2023-10-11,AAPL,178.1999969482422,179.85000610351562,177.60000610351562,179.8000030517578,47551100
2023-10-12,AAPL,180.07000732421875,182.33999633789062,179.0399932861328,180.7100067138672,56743100
2023-10-13,AAPL,181.4199981689453,181.92999267578125,178.13999938964844,178.85000610351562,51427100
2023-10-16,AAPL,176.75,179.0800018310547,176.50999450683594,178.72000122070312,52517000
2023-10-17,AAPL,176.64999389648438,178.4199981689453,174.8000030517578,177.14999389648438,57549400
2023-10-18,AAPL,175.5800018310547,177.5800018310547,175.11000061035156,175.83999633789062,54764400
2023-10-19,AAPL,176.0399932861328,177.83999633789062,175.19000244140625,175.4600067138672,59302900
2023-10-20,AAPL,175.30999755859375,175.4199981689453,172.63999938964844,172.8800048828125,64244000
2023-10-23,AAPL,170.91000366210938,174.00999450683594,169.92999267578125,173.0,55980100
2023-10-24,AAPL,173.0500030517578,173.6699981689453,171.4499969482422,173.44000244140625,43816600
2023-10-25,AAPL,171.8800048828125,173.05999755859375,170.64999389648438,171.10000610351562,57157000
2023-10-26,AAPL,170.3699951171875,171.3800048828125,165.6699981689453,166.88999938964844,70625300
2023-10-27,AAPL,166.91000366210938,168.9600067138672,166.8300018310547,168.22000122070312,58499100
2023-10-30,AAPL,169.02000427246094,171.1699981689453,168.8699951171875,170.2899932861328,51131000
2023-10-31,AAPL,169.35000610351562,170.89999389648438,167.89999389648438,170.77000427246094,44846000
2023-11-01,AAPL,171.0,174.22999572753906,170.1199951171875,173.97000122070312,56934900
2023-11-02,AAPL,175.52000427246094,177.77999877929688,175.4600067138672,177.57000732421875,77334800
2023-11-03,AAPL,174.24000549316406,176.82000732421875,173.35000610351562,176.64999389648438,79829200
2023-11-06,AAPL,176.3800048828125,179.42999267578125,176.2100067138672,179.22999572753906,63841300
2023-11-07,AAPL,179.17999267578125,182.44000244140625,178.97000122070312,181.82000732421875,70530000
2023-11-08,AAPL,182.35000610351562,183.4499969482422,181.58999633789062,182.88999938964844,49340300
2023-11-09,AAPL,182.9600067138672,184.1199951171875,181.80999755859375,182.41000366210938,53763500
2023-11-10,AAPL,183.97000122070312,186.57000732421875,183.52999877929688,186.39999389648438,66133400
2023-11-13,AAPL,185.82000732421875,186.02999877929688,184.2100067138672,184.8000030517578,43627500
2023-11-14,AAPL,187.6999969482422,188.11000061035156,186.3000030517578,187.44000244140625,60108400
2023-11-15,AAPL,187.85000610351562,189.5,187.77999877929688,188.00999450683594,53790500
2023-11-16,AAPL,189.57000732421875,190.9600067138672,188.64999389648438,189.7100067138672,54412900
2023-11-17,AAPL,190.25,190.3800048828125,188.57000732421875,189.69000244140625,50922700
2023-11-20,AAPL,189.88999938964844,191.91000366210938,189.8800048828125,191.4499969482422,46505100
2023-11-21,AAPL,191.41000366210938,191.52000427246094,189.74000549316406,190.63999938964844,38134500
2023-11-22,AAPL,191.49000549316406,192.92999267578125,190.8300018310547,191.30999755859375,39617700
2023-11-24,AAPL,190.8699951171875,190.89999389648438,189.25,189.97000122070312,24048300
2023-11-27,AAPL,189.9199981689453,190.6699981689453,188.89999389648438,189.7899932861328,40552600
2023-11-28,AAPL,189.77999877929688,191.0800018310547,189.39999389648438,190.39999389648438,38415400
2023-11-29,AAPL,190.89999389648438,192.08999633789062,188.97000122070312,189.3699951171875,43014200
2023-11-30,AAPL,189.83999633789062,190.32000732421875,188.19000244140625,189.9499969482422,48794400
2023-12-01,AAPL,190.3300018310547,191.55999755859375,189.22999572753906,191.24000549316406,45704800
2023-12-04,AAPL,189.97999572753906,190.0500030517578,187.4499969482422,189.42999267578125,43389500
2023-12-05,AAPL,190.2100067138672,194.39999389648438,190.17999267578125,193.4199981689453,66628400
2023-12-06,AAPL,194.4499969482422,194.75999450683594,192.11000061035156,192.32000732421875,41089700
2023-12-07,AAPL,193.6300048828125,195.0,193.58999633789062,194.27000427246094,47477700
2023-12-08,AAPL,194.1999969482422,195.99000549316406,193.6699981689453,195.7100067138672,53406400
2023-12-11,AAPL,193.11000061035156,193.49000549316406,191.4199981689453,193.17999267578125,60943700
2023-12-12,AAPL,193.0800018310547,194.72000122070312,191.72000122070312,194.7100067138672,52696900
2023-12-13,AAPL,195.08999633789062,198.0,194.85000610351562,197.9600067138672,70404200
2023-12-14,AAPL,198.02000427246094,199.6199951171875,196.16000366210938,198.11000061035156,66831600
2023-12-15,AAPL,197.52999877929688,198.39999389648438,197.0,197.57000732421875,128538400
2023-12-18,AAPL,196.08999633789062,196.6300048828125,194.38999938964844,195.88999938964844,55751900
2023-12-19,AAPL,196.16000366210938,196.9499969482422,195.88999938964844,196.94000244140625,40714100
2023-12-20,AAPL,196.89999389648438,197.67999267578125,194.8300018310547,194.8300018310547,52242800
2023-12-21,AAPL,196.10000610351562,197.0800018310547,193.5,194.67999267578125,46482500
2023-12-22,AAPL,195.17999267578125,195.41000366210938,192.97000122070312,193.60000610351562,37149600
2023-12-26,AAPL,193.61000061035156,193.88999938964844,192.8300018310547,193.0500030517578,28919300
2023-12-27,AAPL,192.49000549316406,193.5,191.08999633789062,193.14999389648438,48087700
2023-12-28,AAPL,194.13999938964844,194.66000366210938,193.1699981689453,193.5800018310547,34049900
2023-12-29,AAPL,193.89999389648438,194.39999389648438,191.72999572753906,192.52999877929688,42672100
2024-01-02,AAPL,187.14999389648438,188.44000244140625,183.88999938964844,185.63999938964844,82488700
2024-01-03,AAPL,184.22000122070312,185.8800048828125,183.42999267578125,184.25,58414500
2024-01-04,AAPL,182.14999389648438,183.08999633789062,180.8800048828125,181.91000366210938,71983600
2024-01-05,AAPL,181.99000549316406,182.75999450683594,180.1699981689453,181.17999267578125,62379700
2024-01-08,AAPL,182.08999633789062,185.60000610351562,181.5,185.55999755859375,59144500
2024-01-09,AAPL,183.9199981689453,185.14999389648438,182.72999572753906,185.13999938964844,42841800
2024-01-10,AAPL,184.35000610351562,186.39999389648438,183.9199981689453,186.19000244140625,46792900
2024-01-11,AAPL,186.5399932861328,187.0500030517578,183.6199951171875,185.58999633789062,49128400
2024-01-12,AAPL,186.05999755859375,186.74000549316406,185.19000244140625,185.9199981689453,40477800
2024-01-16,AAPL,182.16000366210938,184.25999450683594,180.92999267578125,183.6300048828125,65603000
2024-01-17,AAPL,181.27000427246094,182.92999267578125,180.3000030517578,182.67999267578125,47317400
2024-01-18,AAPL,186.08999633789062,189.13999938964844,185.8300018310547,188.6300048828125,78005800
2024-01-19,AAPL,189.3300018310547,191.9499969482422,188.82000732421875,191.55999755859375,68903000
2024-01-22,AAPL,192.3000030517578,195.3300018310547,192.25999450683594,193.88999938964844,60133900
2024-01-23,AAPL,195.02000427246094,195.75,193.8300018310547,195.17999267578125,42355600
2024-01-24,AAPL,195.4199981689453,196.3800048828125,194.33999633789062,194.5,53631300
2024-01-25,AAPL,195.22000122070312,196.27000427246094,193.11000061035156,194.1699981689453,54822100
2024-01-26,AAPL,194.27000427246094,194.75999450683594,191.94000244140625,192.4199981689453,44594000
2024-01-29,AAPL,192.00999450683594,192.1999969482422,189.5800018310547,191.72999572753906,47145600
2024-01-30,AAPL,190.94000244140625,191.8000030517578,187.47000122070312,188.0399932861328,55859400
2024-01-31,AAPL,187.0399932861328,187.10000610351562,184.35000610351562,184.39999389648438,55467800
2024-02-01,AAPL,183.99000549316406,186.9499969482422,183.82000732421875,186.86000061035156,64885400
2024-02-02,AAPL,179.86000061035156,187.3300018310547,179.25,185.85000610351562,102551700
2024-02-05,AAPL,188.14999389648438,189.25,185.83999633789062,187.67999267578125,69668800
2024-02-06,AAPL,186.86000061035156,189.30999755859375,186.77000427246094,189.3000030517578,43490800
2024-02-07,AAPL,190.63999938964844,191.0500030517578,188.61000061035156,189.41000366210938,53439000
2024-02-08,AAPL,189.38999938964844,189.5399932861328,187.35000610351562,188.32000732421875,40962000
2024-02-09,AAPL,188.64999389648438,189.99000549316406,188.0,188.85000610351562,45155200
2024-02-12,AAPL,188.4199981689453,188.6699981689453,186.7899932861328,187.14999389648438,41781900
2024-02-13,AAPL,185.77000427246094,186.2100067138672,183.50999450683594,185.0399932861328,56529500
2024-02-14,AAPL,185.32000732421875,185.52999877929688,182.44000244140625,184.14999389648438,54630500
2024-02-15,AAPL,183.5500030517578,184.49000549316406,181.35000610351562,183.86000061035156,65434500
2024-02-16,AAPL,183.4199981689453,184.85000610351562,181.6699981689453,182.30999755859375,49752500
2024-02-20,AAPL,181.7899932861328,182.42999267578125,180.0,181.55999755859375,53665600
2024-02-21,AAPL,181.94000244140625,182.88999938964844,180.66000366210938,182.32000732421875,41371400
2024-02-22,AAPL,183.47999572753906,184.9600067138672,182.4600067138672,184.3699951171875,52292200
2024-02-23,AAPL,185.00999450683594,185.0399932861328,182.22999572753906,182.52000427246094,45119700
2024-02-26,AAPL,182.24000549316406,182.75999450683594,180.64999389648438,181.16000366210938,40867400
2024-02-27,AAPL,181.10000610351562,183.9199981689453,179.55999755859375,182.6300048828125,54318900
2024-02-28,AAPL,182.50999450683594,183.1199951171875,180.1300048828125,181.4199981689453,48953900
2024-02-29,AAPL,181.27000427246094,182.57000732421875,179.52999877929688,180.75,136682600
2024-03-01,AAPL,179.5500030517578,180.52999877929688,177.3800048828125,179.66000366210938,73563100
2024-03-04,AAPL,176.14999389648438,176.89999389648438,173.7899932861328,175.10000610351562,81510100
2024-03-05,AAPL,170.75999450683594,172.0399932861328,169.6199951171875,170.1199951171875,95132400
2024-03-06,AAPL,171.05999755859375,171.24000549316406,168.67999267578125,169.1199951171875,68587700
2024-03-07,AAPL,169.14999389648438,170.72999572753906,168.49000549316406,169.0,71765100
2024-03-08,AAPL,169.0,173.6999969482422,168.94000244140625,170.72999572753906,76267000
2024-03-11,AAPL,172.94000244140625,174.3800048828125,172.0500030517578,172.75,60139500
2024-03-12,AAPL,173.14999389648438,174.02999877929688,171.00999450683594,173.22999572753906,59825400
2024-03-13,AAPL,172.77000427246094,173.19000244140625,170.75999450683594,171.1300048828125,52488700
2024-03-14,AAPL,172.91000366210938,174.30999755859375,172.0500030517578,173.0,72913500
2024-03-15,AAPL,171.1699981689453,172.6199951171875,170.2899932861328,172.6199951171875,121752700
2024-03-18,AAPL,175.57000732421875,177.7100067138672,173.52000427246094,173.72000122070312,75604200
2024-03-19,AAPL,174.33999633789062,176.61000061035156,173.02999877929688,176.0800018310547,55215200
2024-03-20,AAPL,175.72000122070312,178.6699981689453,175.08999633789062,178.6699981689453,53423100
2024-03-21,AAPL,177.0500030517578,177.49000549316406,170.83999633789062,171.3699951171875,106181300
2024-03-22,AAPL,171.75999450683594,173.0500030517578,170.05999755859375,172.27999877929688,71160100
2024-03-25,AAPL,170.57000732421875,171.94000244140625,169.4499969482422,170.85000610351562,54288300
2024-03-26,AAPL,170.0,171.4199981689453,169.5800018310547,169.7100067138672,57388400
2024-03-27,AAPL,170.41000366210938,173.60000610351562,170.11000061035156,173.30999755859375,60273300
2024-03-28,AAPL,171.75,172.22999572753906,170.50999450683594,171.47999572753906,65672700
2024-04-01,AAPL,171.19000244140625,171.25,169.47999572753906,170.02999877929688,46240500
2024-04-02,AAPL,169.0800018310547,169.33999633789062,168.22999572753906,168.83999633789062,49329500
2024-04-03,AAPL,168.7899932861328,170.67999267578125,168.5800018310547,169.64999389648438,47691700
2024-04-04,AAPL,170.2899932861328,171.9199981689453,168.82000732421875,168.82000732421875,53704400
2024-04-05,AAPL,169.58999633789062,170.38999938964844,168.9499969482422,169.5800018310547,42104800
2024-04-08,AAPL,169.02999877929688,169.1999969482422,168.24000549316406,168.4499969482422,37425500
2024-04-09,AAPL,168.6999969482422,170.0800018310547,168.35000610351562,169.6699981689453,42373800
2024-04-10,AAPL,168.8000030517578,169.08999633789062,167.11000061035156,167.77999877929688,49709300
2024-04-11,AAPL,168.33999633789062,175.4600067138672,168.16000366210938,175.0399932861328,91070300
2024-04-12,AAPL,174.25999450683594,178.36000061035156,174.2100067138672,176.5500030517578,101670900
2024-04-15,AAPL,175.36000061035156,176.6300048828125,172.5,172.69000244140625,73531800
2024-04-16,AAPL,171.75,173.75999450683594,168.27000427246094,169.3800048828125,73711200
2024-04-17,AAPL,169.61000061035156,170.64999389648438,168.0,168.0,50901200
2024-04-18,AAPL,168.02999877929688,168.63999938964844,166.5500030517578,167.0399932861328,43122900
2024-04-19,AAPL,166.2100067138672,166.39999389648438,164.0800018310547,165.0,68149400
2024-04-22,AAPL,165.52000427246094,167.25999450683594,164.77000427246094,165.83999633789062,48116400
2024-04-23,AAPL,165.35000610351562,167.0500030517578,164.9199981689453,166.89999389648438,49537800
2024-04-24,AAPL,166.5399932861328,169.3000030517578,166.2100067138672,169.02000427246094,48251800
2024-04-25,AAPL,169.52999877929688,170.61000061035156,168.14999389648438,169.88999938964844,50558300
2024-04-26,AAPL,169.8800048828125,171.33999633789062,169.17999267578125,169.3000030517578,44838400
2024-04-29,AAPL,173.3699951171875,176.02999877929688,173.10000610351562,173.5,68169400
2024-04-30,AAPL,173.3300018310547,174.99000549316406,170.0,170.3300018310547,65934800
2024-05-01,AAPL,169.5800018310547,172.7100067138672,169.11000061035156,169.3000030517578,50383100
2024-05-02,AAPL,172.50999450683594,173.4199981689453,170.88999938964844,173.02999877929688,94214900
2024-05-03,AAPL,186.64999389648438,187.0,182.66000366210938,183.3800048828125,163224100
2024-05-06,AAPL,182.35000610351562,184.1999969482422,180.4199981689453,181.7100067138672,78569700
2024-05-07,AAPL,183.4499969482422,184.89999389648438,181.32000732421875,182.39999389648438,77305800
2024-05-08,AAPL,182.85000610351562,183.07000732421875,181.4499969482422,182.74000549316406,45057100
2024-05-09,AAPL,182.55999755859375,184.66000366210938,182.11000061035156,184.57000732421875,48983000
2024-05-10,AAPL,184.89999389648438,185.08999633789062,182.1300048828125,183.0500030517578,50759500
2024-05-13,AAPL,185.44000244140625,187.10000610351562,184.6199951171875,186.27999877929688,72044800
2024-05-14,AAPL,187.50999450683594,188.3000030517578,186.2899932861328,187.42999267578125,52393600
2024-05-15,AAPL,187.91000366210938,190.64999389648438,187.3699951171875,189.72000122070312,70400000
2024-05-16,AAPL,190.47000122070312,191.10000610351562,189.66000366210938,189.83999633789062,52845200
2024-05-17,AAPL,189.50999450683594,190.80999755859375,189.17999267578125,189.8699951171875,41282900
2024-05-20,AAPL,189.3300018310547,191.9199981689453,189.00999450683594,191.0399932861328,44361300
2024-05-21,AAPL,191.08999633789062,192.72999572753906,190.9199981689453,192.35000610351562,42309400
2024-05-22,AAPL,192.27000427246094,192.82000732421875,190.27000427246094,190.89999389648438,34648500
2024-05-23,AAPL,190.97999572753906,191.0,186.6300048828125,186.8800048828125,51005900
2024-05-24,AAPL,188.82000732421875,190.5800018310547,188.0399932861328,189.97999572753906,36327000
2024-05-28,AAPL,191.50999450683594,193.0,189.10000610351562,189.99000549316406,52280100
2024-05-29,AAPL,189.61000061035156,192.25,189.50999450683594,190.2899932861328,53068000
2024-05-30,AAPL,190.75999450683594,192.17999267578125,190.6300048828125,191.2899932861328,49889100
2024-05-31,AAPL,191.44000244140625,192.57000732421875,189.91000366210938,192.25,75158300
2024-06-03,AAPL,192.89999389648438,194.99000549316406,192.52000427246094,194.02999877929688,50080500
2024-06-04,AAPL,194.63999938964844,195.32000732421875,193.02999877929688,194.35000610351562,47471400
2024-06-05,AAPL,195.39999389648438,196.89999389648438,194.8699951171875,195.8699951171875,54156800
2024-06-06,AAPL,195.69000244140625,196.5,194.1699981689453,194.47999572753906,41181800
2024-06-07,AAPL,194.64999389648438,196.94000244140625,194.13999938964844,196.88999938964844,53103900
2024-06-10,AAPL,196.89999389648438,197.3000030517578,192.14999389648438,193.1199951171875,97010200
2024-06-11,AAPL,193.64999389648438,207.16000366210938,193.6300048828125,207.14999389648438,172373300
2024-06-12,AAPL,207.3699951171875,220.1999969482422,206.89999389648438,213.07000732421875,198134300
2024-06-13,AAPL,214.74000549316406,216.75,211.60000610351562,214.24000549316406,97862700
2024-06-14,AAPL,213.85000610351562,215.1699981689453,211.3000030517578,212.49000549316406,70122700
2024-06-17,AAPL,213.3699951171875,218.9499969482422,212.72000122070312,216.6699981689453,93728300
2024-06-18,AAPL,217.58999633789062,218.6300048828125,213.0,214.2899932861328,79943300
2024-06-20,AAPL,213.92999267578125,214.24000549316406,208.85000610351562,209.67999267578125,86172500
2024-06-21,AAPL,210.38999938964844,211.88999938964844,207.11000061035156,207.49000549316406,241805100
2024-06-24,AAPL,207.72000122070312,212.6999969482422,206.58999633789062,208.13999938964844,80727000
2024-06-25,AAPL,209.14999389648438,211.3800048828125,208.61000061035156,209.07000732421875,55549700
2024-06-26,AAPL,211.5,214.86000061035156,210.63999938964844,213.25,66213200
2024-06-27,AAPL,214.69000244140625,215.74000549316406,212.35000610351562,214.10000610351562,49772700
2024-06-28,AAPL,215.77000427246094,216.07000732421875,210.3000030517578,210.6199951171875,82542700
2024-07-01,AAPL,212.08999633789062,217.50999450683594,211.9199981689453,216.75,60402900
2024-07-02,AAPL,216.14999389648438,220.3800048828125,215.10000610351562,220.27000427246094,58046200
2024-07-03,AAPL,220.0,221.5500030517578,219.02999877929688,221.5500030517578,37369800
2024-07-05,AAPL,221.64999389648438,226.4499969482422,221.64999389648438,226.33999633789062,60412400
2024-07-08,AAPL,227.08999633789062,227.85000610351562,223.25,227.82000732421875,59085900
2024-07-09,AAPL,227.92999267578125,229.39999389648438,226.3699951171875,228.67999267578125,48076100
2024-07-10,AAPL,229.3000030517578,233.0800018310547,229.25,232.97999572753906,62627700
2024-07-11,AAPL,231.38999938964844,232.38999938964844,225.77000427246094,227.57000732421875,64710600
2024-07-12,AAPL,228.9199981689453,232.63999938964844,228.67999267578125,230.5399932861328,53046500
2024-07-15,AAPL,236.47999572753906,237.22999572753906,233.08999633789062,234.39999389648438,62631300
2024-07-16,AAPL,235.0,236.27000427246094,232.3300018310547,234.82000732421875,43234300
2024-07-17,AAPL,229.4499969482422,231.4600067138672,226.63999938964844,228.8800048828125,57345900
2024-07-18,AAPL,230.27999877929688,230.44000244140625,222.27000427246094,224.17999267578125,66034600
2024-07-19,AAPL,224.82000732421875,226.8000030517578,223.27999877929688,224.30999755859375,49151500
2024-07-22,AAPL,227.00999450683594,227.77999877929688,223.08999633789062,223.9600067138672,48201800
2024-07-23,AAPL,224.3699951171875,226.94000244140625,222.67999267578125,225.00999450683594,39960300
2024-07-24,AAPL,224.0,224.8000030517578,217.1300048828125,218.5399932861328,61777600
2024-07-25,AAPL,218.92999267578125,220.85000610351562,214.6199951171875,217.49000549316406,51391200
2024-07-26,AAPL,218.6999969482422,219.49000549316406,216.00999450683594,217.9600067138672,41601300
2024-07-29,AAPL,216.9600067138672,219.3000030517578,215.75,218.24000549316406,36311800
2024-07-30,AAPL,219.19000244140625,220.3300018310547,216.1199951171875,218.8000030517578,41643800
2024-07-31,AAPL,221.44000244140625,223.82000732421875,220.6300048828125,222.0800018310547,50036300
2024-08-01,AAPL,224.3699951171875,224.47999572753906,217.02000427246094,218.36000061035156,62501000
2024-08-02,AAPL,219.14999389648438,225.60000610351562,217.7100067138672,219.86000061035156,105568600
2024-08-05,AAPL,199.08999633789062,213.5,196.0,209.27000427246094,119548600
2024-08-06,AAPL,205.3000030517578,209.99000549316406,201.07000732421875,207.22999572753906,69660500
2024-08-07,AAPL,206.89999389648438,213.63999938964844,206.38999938964844,209.82000732421875,63516400
2024-08-08,AAPL,213.11000061035156,214.1999969482422,208.8300018310547,213.30999755859375,47161100
2024-08-09,AAPL,212.10000610351562,216.77999877929688,211.97000122070312,216.24000549316406,42201600
2024-08-12,AAPL,216.07000732421875,219.50999450683594,215.60000610351562,217.52999877929688,38028100
2024-08-13,AAPL,219.00999450683594,221.88999938964844,219.00999450683594,221.27000427246094,44155300
2024-08-14,AAPL,220.57000732421875,223.02999877929688,219.6999969482422,221.72000122070312,41960600
2024-08-15,AAPL,224.60000610351562,225.35000610351562,222.75999450683594,224.72000122070312,46414000
2024-08-16,AAPL,223.9199981689453,226.8300018310547,223.64999389648438,226.0500030517578,44340200
2024-08-19,AAPL,225.72000122070312,225.99000549316406,223.0399932861328,225.88999938964844,40687800
2024-08-20,AAPL,225.77000427246094,227.1699981689453,225.4499969482422,226.50999450683594,30299000
2024-08-21,AAPL,226.52000427246094,227.97999572753906,225.0500030517578,226.39999389648438,34765500
2024-08-22,AAPL,227.7899932861328,228.33999633789062,223.89999389648438,224.52999877929688,43695300
2024-08-23,AAPL,225.66000366210938,228.22000122070312,224.3300018310547,226.83999633789062,38677300
2024-08-26,AAPL,226.75999450683594,227.27999877929688,223.88999938964844,227.17999267578125,30602200
2024-08-27,AAPL,226.0,228.85000610351562,224.88999938964844,228.02999877929688,35934600
2024-08-28,AAPL,227.9199981689453,229.86000061035156,225.67999267578125,226.49000549316406,38052200
2024-08-29,AAPL,230.10000610351562,232.9199981689453,228.8800048828125,229.7899932861328,51906300
2024-08-30,AAPL,230.19000244140625,230.39999389648438,227.47999572753906,229.0,52990800
2024-09-03,AAPL,228.5500030517578,229.0,221.1699981689453,222.77000427246094,50190600
2024-09-04,AAPL,221.66000366210938,221.77999877929688,217.47999572753906,220.85000610351562,43840200
2024-09-05,AAPL,221.6300048828125,225.47999572753906,221.52000427246094,222.3800048828125,36615400
2024-09-06,AAPL,223.9499969482422,225.24000549316406,219.77000427246094,220.82000732421875,48423000
2024-09-09,AAPL,220.82000732421875,221.27000427246094,216.7100067138672,220.91000366210938,67180000
2024-09-10,AAPL,218.9199981689453,221.47999572753906,216.72999572753906,220.11000061035156,51591000
2024-09-11,AAPL,221.4600067138672,223.08999633789062,217.88999938964844,222.66000366210938,44587100
2024-09-12,AAPL,222.5,223.5500030517578,219.82000732421875,222.77000427246094,37455600
2024-09-13,AAPL,223.5800018310547,224.0399932861328,221.91000366210938,222.5,36766600
2024-09-16,AAPL,216.5399932861328,217.22000122070312,213.9199981689453,216.32000732421875,59357400
2024-09-17,AAPL,215.75,216.89999389648438,214.5,216.7899932861328,45519300
2024-09-18,AAPL,217.5500030517578,222.7100067138672,217.5399932861328,220.69000244140625,59894900
2024-09-19,AAPL,224.99000549316406,229.82000732421875,224.6300048828125,228.8699951171875,66781300
2024-09-20,AAPL,229.97000122070312,233.08999633789062,227.6199951171875,228.1999969482422,318679900
2024-09-23,AAPL,227.33999633789062,229.4499969482422,225.80999755859375,226.47000122070312,54146000
2024-09-24,AAPL,228.64999389648438,229.35000610351562,225.72999572753906,227.3699951171875,43556100
2024-09-25,AAPL,224.92999267578125,227.2899932861328,224.02000427246094,226.3699951171875,42308700
2024-09-26,AAPL,227.3000030517578,228.5,225.41000366210938,227.52000427246094,36636700
2024-09-27,AAPL,228.4600067138672,229.52000427246094,227.3000030517578,227.7899932861328,34026000
2024-09-30,AAPL,230.0399932861328,233.0,229.64999389648438,233.0,54541900
2024-10-01,AAPL,229.52000427246094,229.64999389648438,223.74000549316406,226.2100067138672,63285000
2024-10-02,AAPL,225.88999938964844,227.3699951171875,223.02000427246094,226.77999877929688,32880600
2024-10-03,AAPL,225.13999938964844,226.80999755859375,223.32000732421875,225.6699981689453,34044200
2024-10-04,AAPL,227.89999389648438,228.0,224.1300048828125,226.8000030517578,37245100
2024-10-07,AAPL,224.5,225.69000244140625,221.3300018310547,221.69000244140625,39505400
2024-10-08,AAPL,224.3000030517578,225.97999572753906,223.25,225.77000427246094,31855700
2024-10-09,AAPL,225.22999572753906,229.75,224.8300018310547,229.5399932861328,33591100
2024-10-10,AAPL,227.77999877929688,229.5,227.1699981689453,229.0399932861328,28183500
2024-10-11,AAPL,229.3000030517578,229.41000366210938,227.33999633789062,227.5500030517578,31759200
2024-10-14,AAPL,228.6999969482422,231.72999572753906,228.60000610351562,231.3000030517578,39882100
2024-10-15,AAPL,233.61000061035156,237.49000549316406,232.3699951171875,233.85000610351562,64751400
2024-10-16,AAPL,231.60000610351562,232.1199951171875,229.83999633789062,231.77999877929688,34082200
2024-10-17,AAPL,233.42999267578125,233.85000610351562,230.52000427246094,232.14999389648438,32993800
2024-10-18,AAPL,236.17999267578125,236.17999267578125,234.00999450683594,235.0,46431500
2024-10-21,AAPL,234.4499969482422,236.85000610351562,234.4499969482422,236.47999572753906,36254500
2024-10-22,AAPL,233.88999938964844,236.22000122070312,232.60000610351562,235.86000061035156,38846600
2024-10-23,AAPL,234.0800018310547,235.13999938964844,227.75999450683594,230.75999450683594,52287000
2024-10-24,AAPL,229.97999572753906,230.82000732421875,228.41000366210938,230.57000732421875,31109500
2024-10-25,AAPL,229.74000549316406,233.22000122070312,229.57000732421875,231.41000366210938,38802300
2024-10-28,AAPL,233.32000732421875,234.72999572753906,232.5500030517578,233.39999389648438,36087100
2024-10-29,AAPL,233.10000610351562,234.3300018310547,232.32000732421875,233.6699981689453,35417200
2024-10-30,AAPL,232.61000061035156,233.47000122070312,229.5500030517578,230.10000610351562,47070900
2024-10-31,AAPL,229.33999633789062,229.8300018310547,225.3699951171875,225.91000366210938,64370100
2024-11-01,AAPL,220.97000122070312,225.35000610351562,220.27000427246094,222.91000366210938,65276700
2024-11-04,AAPL,220.99000549316406,222.7899932861328,219.7100067138672,222.00999450683594,44944500
2024-11-05,AAPL,221.8000030517578,223.9499969482422,221.13999938964844,223.4499969482422,28111300
2024-11-06,AAPL,222.61000061035156,226.07000732421875,221.19000244140625,222.72000122070312,54561100
2024-11-07,AAPL,224.6300048828125,227.8800048828125,224.57000732421875,227.47999572753906,42137700
2024-11-08,AAPL,227.1699981689453,228.66000366210938,226.41000366210938,226.9600067138672,38328800
2024-11-11,AAPL,225.0,225.6999969482422,221.5,224.22999572753906,42005600
2024-11-12,AAPL,224.5500030517578,225.58999633789062,223.36000061035156,224.22999572753906,40398300
2024-11-13,AAPL,224.00999450683594,226.64999389648438,222.75999450683594,225.1199951171875,48566200
2024-11-14,AAPL,225.02000427246094,228.8699951171875,225.0,228.22000122070312,44923900
2024-11-15,AAPL,226.39999389648438,226.9199981689453,224.27000427246094,225.0,47923700
2024-11-18,AAPL,225.25,229.74000549316406,225.1699981689453,228.02000427246094,44633700
2024-11-19,AAPL,226.97999572753906,230.16000366210938,226.66000366210938,228.27999877929688,36211800
2024-11-20,AAPL,228.05999755859375,229.92999267578125,225.88999938964844,229.0,35169600
2024-11-21,AAPL,228.8800048828125,230.16000366210938,225.7100067138672,228.52000427246094,42108300
2024-11-22,AAPL,228.05999755859375,230.72000122070312,228.05999755859375,229.8699951171875,38168300
2024-11-25,AAPL,231.4600067138672,233.25,229.74000549316406,232.8699951171875,90152800
2024-11-26,AAPL,233.3300018310547,235.57000732421875,233.3300018310547,235.05999755859375,45986200
2024-11-27,AAPL,234.47000122070312,235.69000244140625,233.80999755859375,234.92999267578125,33498400
2024-11-29,AAPL,234.80999755859375,237.80999755859375,233.97000122070312,237.3300018310547,28481400
2024-12-02,AAPL,237.27000427246094,240.7899932861328,237.16000366210938,239.58999633789062,48137100
2024-12-03,AAPL,239.80999755859375,242.75999450683594,238.89999389648438,242.64999389648438,38861000
2024-12-04,AAPL,242.8699951171875,244.11000061035156,241.25,243.00999450683594,44383900
2024-12-05,AAPL,243.99000549316406,244.5399932861328,242.1300048828125,243.0399932861328,40033900
2024-12-06,AAPL,242.91000366210938,244.6300048828125,242.0800018310547,242.83999633789062,36870600
2024-12-09,AAPL,241.8300018310547,247.24000549316406,241.75,246.75,44649200
2024-12-10,AAPL,246.88999938964844,248.2100067138672,245.33999633789062,247.77000427246094,36914800
2024-12-11,AAPL,247.9600067138672,250.8000030517578,246.25999450683594,246.49000549316406,45205800
2024-12-12,AAPL,246.88999938964844,248.74000549316406,245.67999267578125,247.9600067138672,32777500
2024-12-13,AAPL,247.82000732421875,249.2899932861328,246.24000549316406,248.1300048828125,33155300
2024-12-16,AAPL,247.99000549316406,251.3800048828125,247.64999389648438,251.0399932861328,51694800
2024-12-17,AAPL,250.0800018310547,253.8300018310547,249.77999877929688,253.47999572753906,51356400
2024-12-18,AAPL,252.16000366210938,254.27999877929688,247.74000549316406,248.0500030517578,56774100
2024-12-19,AAPL,247.5,252.0,247.08999633789062,249.7899932861328,60882300
2024-12-20,AAPL,248.0399932861328,255.0,245.69000244140625,254.49000549316406,147495300
2024-12-23,AAPL,254.77000427246094,255.64999389648438,253.4499969482422,255.27000427246094,40858800
2024-12-24,AAPL,255.49000549316406,258.2099914550781,255.2899932861328,258.20001220703125,23234700
2024-12-26,AAPL,258.19000244140625,260.1000061035156,257.6300048828125,259.0199890136719,27237100
2024-12-27,AAPL,257.8299865722656,258.70001220703125,253.05999755859375,255.58999633789062,42355300
2024-12-30,AAPL,252.22999572753906,253.5,250.75,252.1999969482422,35557500
2024-12-31,AAPL,252.44000244140625,253.27999877929688,249.42999267578125,250.4199981689453,39480700
2025-01-02,AAPL,248.92999267578125,249.10000610351562,241.82000732421875,243.85000610351562,55740700
2025-01-03,AAPL,243.36000061035156,244.17999267578125,241.88999938964844,243.36000061035156,40244100
2025-01-06,AAPL,244.30999755859375,247.3300018310547,243.1999969482422,245.0,45045600
2025-01-07,AAPL,242.97999572753906,245.5500030517578,241.35000610351562,242.2100067138672,40856000
2025-01-08,AAPL,241.9199981689453,243.7100067138672,240.0500030517578,242.6999969482422,37628900
2025-01-10,AAPL,240.00999450683594,240.16000366210938,233.0,236.85000610351562,61710900
2025-01-13,AAPL,233.52999877929688,234.6699981689453,229.72000122070312,234.39999389648438,49630700
2025-01-14,AAPL,234.75,236.1199951171875,232.47000122070312,233.27999877929688,39435300
2025-01-15,AAPL,234.63999938964844,238.9600067138672,234.42999267578125,237.8699951171875,39832000
2025-01-16,AAPL,237.35000610351562,238.00999450683594,228.02999877929688,228.25999450683594,71759100
2025-01-17,AAPL,232.1199951171875,232.2899932861328,228.47999572753906,229.97999572753906,68488300
2025-01-21,AAPL,224.0,224.4199981689453,219.3800048828125,222.63999938964844,98070400
2025-01-22,AAPL,219.7899932861328,224.1199951171875,219.7899932861328,223.8300018310547,64126500
2025-01-23,AAPL,224.74000549316406,227.02999877929688,222.3000030517578,223.66000366210938,60234800
2025-01-24,AAPL,224.77999877929688,225.6300048828125,221.41000366210938,222.77999877929688,54697900
2025-01-27,AAPL,224.02000427246094,232.14999389648438,223.97999572753906,229.86000061035156,94863400
2025-01-28,AAPL,230.85000610351562,240.19000244140625,230.80999755859375,238.25999450683594,75707600
2025-01-29,AAPL,234.1199951171875,239.86000061035156,234.00999450683594,239.36000061035156,45486100
2025-01-30,AAPL,238.6699981689453,240.7899932861328,237.2100067138672,237.58999633789062,55658300
2025-01-31,AAPL,247.19000244140625,247.19000244140625,233.44000244140625,236.0,100959800
2025-02-03,AAPL,229.99000549316406,231.8300018310547,225.6999969482422,228.00999450683594,73063300
2025-02-04,AAPL,227.25,233.1300048828125,226.64999389648438,232.8000030517578,45067300
2025-02-05,AAPL,228.52999877929688,232.6699981689453,228.27000427246094,232.47000122070312,39620300
2025-02-06,AAPL,231.2899932861328,233.8000030517578,230.42999267578125,233.22000122070312,29925300
2025-02-07,AAPL,232.60000610351562,234.0,227.25999450683594,227.6300048828125,39707200
2025-02-10,AAPL,229.57000732421875,230.58999633789062,227.1999969482422,227.64999389648438,33115600
2025-02-11,AAPL,228.1999969482422,235.22999572753906,228.1300048828125,232.6199951171875,53718400
2025-02-12,AAPL,231.1999969482422,236.9600067138672,230.67999267578125,236.8699951171875,45243300
2025-02-13,AAPL,236.91000366210938,242.33999633789062,235.57000732421875,241.52999877929688,53614100
2025-02-14,AAPL,241.25,245.5500030517578,240.99000549316406,244.60000610351562,40896200
2025-02-18,AAPL,244.14999389648438,245.17999267578125,241.83999633789062,244.47000122070312,48822500
2025-02-19,AAPL,244.66000366210938,246.00999450683594,243.16000366210938,244.8699951171875,32204200
2025-02-20,AAPL,244.94000244140625,246.77999877929688,244.2899932861328,245.8300018310547,32316900
2025-02-21,AAPL,245.9499969482422,248.69000244140625,245.22000122070312,245.5500030517578,53197400
2025-02-24,AAPL,244.92999267578125,248.86000061035156,244.4199981689453,247.10000610351562,51326400
2025-02-25,AAPL,248.0,250.0,244.91000366210938,247.0399932861328,48013300
2025-02-26,AAPL,244.3300018310547,244.97999572753906,239.1300048828125,240.36000061035156,44433600
2025-02-27,AAPL,239.41000366210938,242.4600067138672,237.05999755859375,237.3000030517578,41153600
2025-02-28,AAPL,236.9499969482422,242.08999633789062,230.1999969482422,241.83999633789062,56833400
2025-03-03,AAPL,241.7899932861328,244.02999877929688,236.11000061035156,238.02999877929688,47184000
2025-03-04,AAPL,237.7100067138672,240.07000732421875,234.67999267578125,235.92999267578125,53798100
2025-03-05,AAPL,235.4199981689453,236.5500030517578,229.22999572753906,235.74000549316406,47227600
2025-03-06,AAPL,234.44000244140625,237.86000061035156,233.16000366210938,235.3300018310547,45170400
2025-03-07,AAPL,235.11000061035156,241.3699951171875,234.75999450683594,239.07000732421875,46273600
2025-03-10,AAPL,235.5399932861328,236.16000366210938,224.22000122070312,227.47999572753906,72071200
2025-03-11,AAPL,223.80999755859375,225.83999633789062,217.4499969482422,220.83999633789062,76137400
2025-03-12,AAPL,220.13999938964844,221.75,214.91000366210938,216.97999572753906,62547500
2025-03-13,AAPL,215.9499969482422,216.83999633789062,208.4199981689453,209.67999267578125,61368300
2025-03-14,AAPL,211.25,213.9499969482422,209.5800018310547,213.49000549316406,60107600
2025-03-17,AAPL,213.30999755859375,215.22000122070312,209.97000122070312,214.0,48073400
2025-03-18,AAPL,214.16000366210938,215.14999389648438,211.49000549316406,212.69000244140625,42432400
2025-03-19,AAPL,214.22000122070312,218.75999450683594,213.75,215.24000549316406,54385400
2025-03-20,AAPL,213.99000549316406,217.49000549316406,212.22000122070312,214.10000610351562,48862900
2025-03-21,AAPL,211.55999755859375,218.83999633789062,211.27999877929688,218.27000427246094,94127800
2025-03-24,AAPL,221.0,221.47999572753906,218.5800018310547,220.72999572753906,44299500
2025-03-25,AAPL,220.77000427246094,224.10000610351562,220.0800018310547,223.75,34493600
2025-03-26,AAPL,223.50999450683594,225.02000427246094,220.47000122070312,221.52999877929688,34466100
2025-03-27,AAPL,221.38999938964844,224.99000549316406,220.55999755859375,223.85000610351562,37094800
2025-03-28,AAPL,221.6699981689453,223.80999755859375,217.67999267578125,217.89999389648438,39818600
2025-03-31,AAPL,217.00999450683594,225.6199951171875,216.22999572753906,222.1300048828125,65299300
2025-04-01,AAPL,219.80999755859375,223.67999267578125,218.89999389648438,223.19000244140625,36412700
2025-04-02,AAPL,221.32000732421875,225.19000244140625,221.02000427246094,223.88999938964844,35905900
2025-04-03,AAPL,205.5399932861328,207.49000549316406,201.25,203.19000244140625,103419000
2025-04-04,AAPL,193.88999938964844,199.8800048828125,187.33999633789062,188.3800048828125,125910900
2025-04-07,AAPL,177.1999969482422,194.14999389648438,174.6199951171875,181.4600067138672,160466300
2025-04-08,AAPL,186.6999969482422,190.33999633789062,169.2100067138672,172.4199981689453,120859500
2025-04-09,AAPL,171.9499969482422,200.61000061035156,171.88999938964844,198.85000610351562,184395900
2025-04-10,AAPL,189.07000732421875,194.77999877929688,183.0,190.4199981689453,121880000
2025-04-11,AAPL,186.10000610351562,199.5399932861328,186.05999755859375,198.14999389648438,87435900
2025-04-14,AAPL,211.44000244140625,212.94000244140625,201.16000366210938,202.52000427246094,101352900
2025-04-15,AAPL,201.86000061035156,203.50999450683594,199.8000030517578,202.13999938964844,51343900
2025-04-16,AAPL,198.36000061035156,200.6999969482422,192.3699951171875,194.27000427246094,59732400
2025-04-17,AAPL,197.1999969482422,198.8300018310547,194.4199981689453,196.97999572753906,52164700
2025-04-21,AAPL,193.27000427246094,193.8000030517578,189.80999755859375,193.16000366210938,46742500
2025-04-22,AAPL,196.1199951171875,201.58999633789062,195.97000122070312,199.74000549316406,52976400
2025-04-23,AAPL,206.0,208.0,202.8000030517578,204.60000610351562,52929200
2025-04-24,AAPL,204.88999938964844,208.8300018310547,202.94000244140625,208.3699951171875,47311000
2025-04-25,AAPL,206.3699951171875,209.75,206.1999969482422,209.27999877929688,38222300
2025-04-28,AAPL,210.0,211.5,207.4600067138672,210.13999938964844,38743100
2025-04-29,AAPL,208.69000244140625,212.24000549316406,208.3699951171875,211.2100067138672,36827600
2025-04-30,AAPL,209.3000030517578,213.5800018310547,206.6699981689453,212.5,52286500
2025-05-01,AAPL,209.0800018310547,214.55999755859375,208.89999389648438,213.32000732421875,57365700
2025-05-02,AAPL,206.08999633789062,206.99000549316406,202.16000366210938,205.35000610351562,101010600
2025-05-05,AAPL,203.10000610351562,204.10000610351562,198.2100067138672,198.88999938964844,69018500
2025-05-06,AAPL,198.2100067138672,200.64999389648438,197.02000427246094,198.50999450683594,51216500
2025-05-07,AAPL,199.1699981689453,199.44000244140625,193.25,196.25,68536700
2025-05-08,AAPL,197.72000122070312,200.0500030517578,194.67999267578125,197.49000549316406,50478900
2025-05-09,AAPL,199.0,200.5399932861328,197.5399932861328,198.52999877929688,36453900
2025-05-12,AAPL,210.97000122070312,211.27000427246094,206.75,210.7899932861328,63775800
2025-05-13,AAPL,210.42999267578125,213.39999389648438,209.0,212.92999267578125,51909300
2025-05-14,AAPL,212.42999267578125,213.94000244140625,210.5800018310547,212.3300018310547,49325800
2025-05-15,AAPL,210.9499969482422,212.9600067138672,209.5399932861328,211.4499969482422,45029500
2025-05-16,AAPL,212.36000061035156,212.57000732421875,209.77000427246094,211.25999450683594,54737900
2025-05-19,AAPL,207.91000366210938,209.47999572753906,204.25999450683594,208.77999877929688,46140500
2025-05-20,AAPL,207.6699981689453,208.47000122070312,205.02999877929688,206.86000061035156,42496600
2025-05-21,AAPL,205.1699981689453,207.0399932861328,200.7100067138672,202.08999633789062,59211800
2025-05-22,AAPL,200.7100067138672,202.75,199.6999969482422,201.36000061035156,46742400
2025-05-23,AAPL,193.6699981689453,197.6999969482422,193.4600067138672,195.27000427246094,78432900
2025-05-27,AAPL,198.3000030517578,200.74000549316406,197.42999267578125,200.2100067138672,56288500
2025-05-28,AAPL,200.58999633789062,202.72999572753906,199.89999389648438,200.4199981689453,45339700
2025-05-29,AAPL,203.5800018310547,203.80999755859375,198.50999450683594,199.9499969482422,51396800
2025-05-30,AAPL,199.3699951171875,201.9600067138672,196.77999877929688,200.85000610351562,70819900
2025-06-02,AAPL,200.27999877929688,202.1300048828125,200.1199951171875,201.6999969482422,35423300
2025-06-03,AAPL,201.35000610351562,203.77000427246094,200.9600067138672,203.27000427246094,46381600
2025-06-04,AAPL,202.91000366210938,206.24000549316406,202.10000610351562,202.82000732421875,43604000
2025-06-05,AAPL,203.5,204.75,200.14999389648438,200.6300048828125,55126100
2025-06-06,AAPL,203.0,205.6999969482422,202.0500030517578,203.9199981689453,46607700
2025-06-09,AAPL,204.38999938964844,206.0,200.02000427246094,201.4499969482422,72862600
2025-06-10,AAPL,200.60000610351562,204.35000610351562,200.57000732421875,202.6699981689453,54672600
2025-06-11,AAPL,203.5,204.5,198.41000366210938,198.77999877929688,60989900
2025-06-12,AAPL,199.0800018310547,199.67999267578125,197.36000061035156,199.1999969482422,43904600
2025-06-13,AAPL,199.72999572753906,200.3699951171875,195.6999969482422,196.4499969482422,51447300
2025-06-16,AAPL,197.3000030517578,198.69000244140625,196.55999755859375,198.4199981689453,43020700
2025-06-17,AAPL,197.1999969482422,198.38999938964844,195.2100067138672,195.63999938964844,38856200
2025-06-18,AAPL,195.94000244140625,197.57000732421875,195.07000732421875,196.5800018310547,45394700
2025-06-20,AAPL,198.24000549316406,201.6999969482422,196.86000061035156,201.0,96813500
2025-06-23,AAPL,201.6300048828125,202.3000030517578,198.9600067138672,201.5,55814300
2025-06-24,AAPL,202.58999633789062,203.44000244140625,200.1999969482422,200.3000030517578,54064000
2025-06-25,AAPL,201.4499969482422,203.6699981689453,200.6199951171875,201.55999755859375,39525700
2025-06-26,AAPL,201.42999267578125,202.63999938964844,199.4600067138672,201.0,50799100
2025-06-27,AAPL,201.88999938964844,203.22000122070312,200.0,201.0800018310547,73188600
2025-06-30,AAPL,202.00999450683594,207.38999938964844,199.25999450683594,205.1699981689453,91912800
2025-07-01,AAPL,206.6699981689453,210.19000244140625,206.13999938964844,207.82000732421875,78788900
2025-07-02,AAPL,208.91000366210938,213.33999633789062,208.13999938964844,212.44000244140625,67941800
2025-07-03,AAPL,212.14999389648438,214.64999389648438,211.80999755859375,213.5500030517578,34955800
2025-07-07,AAPL,212.67999267578125,216.22999572753906,208.8000030517578,209.9499969482422,50229000
2025-07-08,AAPL,210.10000610351562,211.42999267578125,208.4499969482422,210.00999450683594,42848900
2025-07-09,AAPL,209.52999877929688,211.3300018310547,207.22000122070312,211.13999938964844,48749400
2025-07-10,AAPL,210.50999450683594,213.47999572753906,210.02999877929688,212.41000366210938,44443600
2025-07-11,AAPL,210.57000732421875,212.1300048828125,209.86000061035156,211.16000366210938,39765800
2025-07-14,AAPL,209.92999267578125,210.91000366210938,207.5399932861328,208.6199951171875,38840100
2025-07-15,AAPL,209.22000122070312,211.88999938964844,208.9199981689453,209.11000061035156,42296300
2025-07-16,AAPL,210.3000030517578,212.39999389648438,208.63999938964844,210.16000366210938,47490500
2025-07-17,AAPL,210.57000732421875,211.8000030517578,209.58999633789062,210.02000427246094,48068100
2025-07-18,AAPL,210.8699951171875,211.7899932861328,209.6999969482422,211.17999267578125,48974600
2025-07-21,AAPL,212.10000610351562,215.77999877929688,211.6300048828125,212.47999572753906,51377400
2025-07-22,AAPL,213.13999938964844,214.9499969482422,212.22999572753906,214.39999389648438,46404100
2025-07-23,AAPL,215.0,215.14999389648438,212.41000366210938,214.14999389648438,46989300
2025-07-24,AAPL,213.89999389648438,215.69000244140625,213.52999877929688,213.75999450683594,46022600
2025-07-25,AAPL,214.6999969482422,215.24000549316406,213.39999389648438,213.8800048828125,40268800
2025-07-28,AAPL,214.02999877929688,214.85000610351562,213.05999755859375,214.0500030517578,37858000
2025-07-29,AAPL,214.17999267578125,214.80999755859375,210.82000732421875,211.27000427246094,51411700
2025-07-30,AAPL,211.89999389648438,212.38999938964844,207.72000122070312,209.0500030517578,45512500
2025-07-31,AAPL,208.49000549316406,209.83999633789062,207.16000366210938,207.57000732421875,80698400
2025-08-01,AAPL,210.8699951171875,213.5800018310547,201.5,202.3800048828125,104434500
2025-08-04,AAPL,204.50999450683594,207.8800048828125,201.67999267578125,203.35000610351562,75109300
2025-08-05,AAPL,203.39999389648438,205.33999633789062,202.16000366210938,202.9199981689453,44155100
2025-08-06,AAPL,205.6300048828125,215.3800048828125,205.58999633789062,213.25,108483100
2025-08-07,AAPL,218.8800048828125,220.85000610351562,216.5800018310547,220.02999877929688,90224800
2025-08-08,AAPL,220.8300018310547,231.0,219.25,229.35000610351562,113854000
2025-08-11,AAPL,227.9199981689453,229.55999755859375,224.75999450683594,227.17999267578125,61806100
2025-08-12,AAPL,228.00999450683594,230.8000030517578,227.07000732421875,229.64999389648438,55626200
2025-08-13,AAPL,231.07000732421875,235.0,230.42999267578125,233.3300018310547,69878500
2025-08-14,AAPL,234.05999755859375,235.1199951171875,230.85000610351562,232.77999877929688,51916300
2025-08-15,AAPL,234.0,234.27999877929688,229.33999633789062,231.58999633789062,56038700
2025-08-18,AAPL,231.6999969482422,233.1199951171875,230.11000061035156,230.88999938964844,37476200
2025-08-19,AAPL,231.27999877929688,232.8699951171875,229.35000610351562,230.55999755859375,39402600
2025-08-20,AAPL,229.97999572753906,230.47000122070312,225.77000427246094,226.00999450683594,42263900
2025-08-21,AAPL,226.27000427246094,226.52000427246094,223.77999877929688,224.89999389648438,30621200
2025-08-22,AAPL,226.1699981689453,229.08999633789062,225.41000366210938,227.75999450683594,42477800
2025-08-25,AAPL,226.47999572753906,229.3000030517578,226.22999572753906,227.16000366210938,30983100
2025-08-26,AAPL,226.8699951171875,229.49000549316406,224.69000244140625,229.30999755859375,54575100
2025-08-27,AAPL,228.61000061035156,230.89999389648438,228.25999450683594,230.49000549316406,31259500
2025-08-28,AAPL,230.82000732421875,233.41000366210938,229.33999633789062,232.55999755859375,38074700
2025-08-29,AAPL,232.50999450683594,233.3800048828125,231.3699951171875,232.13999938964844,39418400
2025-09-02,AAPL,229.25,230.85000610351562,226.97000122070312,229.72000122070312,44075600
2025-09-03,AAPL,237.2100067138672,238.85000610351562,234.36000061035156,238.47000122070312,66427800
2025-09-04,AAPL,238.4499969482422,239.89999389648438,236.74000549316406,239.77999877929688,47549400
2025-09-05,AAPL,240.0,241.32000732421875,238.49000549316406,239.69000244140625,54870400
2025-09-08,AAPL,239.3000030517578,240.14999389648438,236.33999633789062,237.8800048828125,48999500
2025-09-09,AAPL,237.0,238.77999877929688,233.36000061035156,234.35000610351562,66313900
2025-09-10,AAPL,232.19000244140625,232.4199981689453,225.9499969482422,226.7899932861328,83440800
2025-09-11,AAPL,226.8800048828125,230.4499969482422,226.64999389648438,230.02999877929688,50208600
2025-09-12,AAPL,229.22000122070312,234.50999450683594,229.02000427246094,234.07000732421875,55824200
2025-09-15,AAPL,237.0,238.19000244140625,235.02999877929688,236.6999969482422,42699500
2025-09-16,AAPL,237.17999267578125,241.22000122070312,236.32000732421875,238.14999389648438,63421100
2025-09-17,AAPL,238.97000122070312,240.10000610351562,237.72999572753906,238.99000549316406,46508000
2025-09-18,AAPL,239.97000122070312,241.1999969482422,236.64999389648438,237.8800048828125,44249600
2025-09-19,AAPL,241.22999572753906,246.3000030517578,240.2100067138672,245.5,163741300
2025-09-22,AAPL,248.3000030517578,256.6400146484375,248.1199951171875,256.0799865722656,105517400
2025-09-23,AAPL,255.8800048828125,257.3399963378906,253.5800018310547,254.42999267578125,60275200
2025-09-24,AAPL,255.22000122070312,255.74000549316406,251.0399932861328,252.30999755859375,42303700
2025-09-25,AAPL,253.2100067138672,257.1700134277344,251.7100067138672,256.8699951171875,55202100
2025-09-26,AAPL,254.10000610351562,257.6000061035156,253.77999877929688,255.4600067138672,46076300
2025-09-29,AAPL,254.55999755859375,255.0,253.00999450683594,254.42999267578125,40127700
2025-09-30,AAPL,254.86000061035156,255.9199981689453,253.11000061035156,254.6300048828125,37704300
2025-10-01,AAPL,255.0399932861328,258.7900085449219,254.92999267578125,255.4499969482422,48713900
2025-10-02,AAPL,256.5799865722656,258.17999267578125,254.14999389648438,257.1300048828125,42630200
2025-10-03,AAPL,254.6699981689453,259.239990234375,253.9499969482422,258.0199890136719,49155600
2025-10-06,AAPL,257.989990234375,259.07000732421875,255.0500030517578,256.69000244140625,44664100
2025-10-07,AAPL,256.80999755859375,257.3999938964844,255.42999267578125,256.4800109863281,31955800
2025-10-08,AAPL,256.5199890136719,258.5199890136719,256.1099853515625,258.05999755859375,36496900
2025-10-09,AAPL,257.80999755859375,258.0,253.13999938964844,254.0399932861328,38322000
2025-10-10,AAPL,254.94000244140625,256.3800048828125,244.0,245.27000427246094,61999100
2025-10-13,AAPL,249.3800048828125,249.69000244140625,245.55999755859375,247.66000366210938,38142900
2025-10-14,AAPL,246.60000610351562,248.85000610351562,244.6999969482422,247.77000427246094,35478000
2025-10-15,AAPL,249.49000549316406,251.82000732421875,247.47000122070312,249.33999633789062,33893600
2025-10-16,AAPL,248.25,249.0399932861328,245.1300048828125,247.4499969482422,39777000
2025-10-17,AAPL,248.02000427246094,253.3800048828125,247.27000427246094,252.2899932861328,49147000
2025-10-20,AAPL,255.88999938964844,264.3800048828125,255.6300048828125,262.239990234375,90483000
2025-10-21,AAPL,261.8800048828125,265.2900085449219,261.8299865722656,262.7699890136719,46695900
2025-10-22,AAPL,262.6499938964844,262.8500061035156,255.42999267578125,258.45001220703125,45015300
2025-10-23,AAPL,259.94000244140625,260.6199951171875,258.010009765625,259.5799865722656,32754900
2025-10-24,AAPL,261.19000244140625,264.1300048828125,259.17999267578125,262.82000732421875,38253700
2025-10-27,AAPL,264.8800048828125,269.1199951171875,264.6499938964844,268.80999755859375,44888200
2025-10-28,AAPL,268.989990234375,269.8900146484375,268.1499938964844,269.0,41534800
2025-10-29,AAPL,269.2799987792969,271.4100036621094,267.1099853515625,269.70001220703125,51086700
2025-10-30,AAPL,271.989990234375,274.1400146484375,268.4800109863281,271.3999938964844,69886500
2025-10-31,AAPL,276.989990234375,277.32000732421875,269.1600036621094,270.3699951171875,86167100
2025-11-03,AAPL,270.4200134277344,270.8500061035156,266.25,269.04998779296875,50194600
2025-11-04,AAPL,268.3299865722656,271.489990234375,267.6199951171875,270.0400085449219,49274800
2025-11-05,AAPL,268.6099853515625,271.70001220703125,266.92999267578125,270.1400146484375,43683100
2025-11-06,AAPL,267.8900146484375,273.3999938964844,267.8900146484375,269.7699890136719,51204000
2025-11-07,AAPL,269.79998779296875,272.2900085449219,266.7699890136719,268.4700012207031,48227400
2025-11-10,AAPL,268.9599914550781,273.7300109863281,267.4599914550781,269.42999267578125,41312400
2025-11-11,AAPL,269.80999755859375,275.9100036621094,269.79998779296875,275.25,46208300
2025-11-12,AAPL,275.0,275.7300109863281,271.70001220703125,273.4700012207031,48398000
2025-11-13,AAPL,274.1099853515625,276.70001220703125,272.0899963378906,272.95001220703125,49602800
2025-11-14,AAPL,271.04998779296875,275.9599914550781,269.6000061035156,272.4100036621094,47431300
2025-11-17,AAPL,268.82000732421875,270.489990234375,265.7300109863281,267.4599914550781,45018300
2025-11-18,AAPL,269.989990234375,270.7099914550781,265.32000732421875,267.44000244140625,45677300
2025-11-19,AAPL,265.5299987792969,272.2099914550781,265.5,268.55999755859375,40424500
2025-11-20,AAPL,270.8299865722656,275.42999267578125,265.9200134277344,266.25,45823600
2025-11-21,AAPL,265.95001220703125,273.3299865722656,265.6700134277344,271.489990234375,59030800
2025-11-24,AAPL,270.8999938964844,277.0,270.8999938964844,275.9200134277344,65585800
2025-11-25,AAPL,275.2699890136719,280.3800048828125,275.25,276.9700012207031,46914200
2025-11-26,AAPL,276.9599914550781,279.5299987792969,276.6300048828125,277.54998779296875,33431400
2025-11-28,AAPL,277.260009765625,279.0,275.989990234375,278.8500061035156,20135600
2025-12-01,AAPL,278.010009765625,283.4200134277344,276.1400146484375,283.1000061035156,46587700
2025-12-02,AAPL,283.0,287.3999938964844,282.6300048828125,286.19000244140625,53669500
2025-12-03,AAPL,286.20001220703125,288.6199951171875,283.29998779296875,284.1499938964844,43538700
2025-12-04,AAPL,284.1000061035156,284.7300109863281,278.5899963378906,280.70001220703125,43989100
2025-12-05,AAPL,280.5400085449219,281.1400146484375,278.04998779296875,278.7799987792969,47265800
2025-12-08,AAPL,278.1300048828125,279.6700134277344,276.1499938964844,277.8900146484375,38211800
2025-12-09,AAPL,278.1600036621094,280.0299987792969,276.9200134277344,277.17999267578125,32193300
2025-12-10,AAPL,277.75,279.75,276.44000244140625,278.7799987792969,33038300
2025-12-11,AAPL,279.1000061035156,279.5899963378906,273.80999755859375,278.0299987792969,33248000
2025-12-12,AAPL,277.8999938964844,279.2200012207031,276.82000732421875,278.2799987792969,39532900
2025-12-15,AAPL,280.1499938964844,280.1499938964844,272.8399963378906,274.1099853515625,50409100
2025-12-16,AAPL,272.82000732421875,275.5,271.7900085449219,274.6099853515625,37648600
2025-12-17,AAPL,275.010009765625,276.1600036621094,271.6400146484375,271.8399963378906,50138700
2025-12-18,AAPL,273.6099853515625,273.6300048828125,266.95001220703125,272.19000244140625,51630700
2025-12-19,AAPL,272.1499938964844,274.6000061035156,269.8999938964844,273.6700134277344,144632000
2025-12-22,AAPL,272.8599853515625,273.8800048828125,270.510009765625,270.9700012207031,36571800
2025-12-23,AAPL,270.8399963378906,272.5,269.55999755859375,272.3599853515625,29642000
2025-12-24,AAPL,272.3399963378906,275.42999267578125,272.20001220703125,273.80999755859375,17910600
2025-12-26,AAPL,274.1600036621094,275.3699951171875,272.8599853515625,273.3999938964844,21521800
2025-12-29,AAPL,272.69000244140625,274.3599853515625,272.3500061035156,273.760009765625,23715200
2025-12-30,AAPL,272.80999755859375,274.0799865722656,272.2799987792969,273.0799865722656,22139600
2023-01-03,MSFT,243.0800018310547,245.75,237.39999389648438,239.5800018310547,25740000
2023-01-04,MSFT,232.27999877929688,232.8699951171875,225.9600067138672,229.10000610351562,50623400
2023-01-05,MSFT,227.1999969482422,227.5500030517578,221.75999450683594,222.30999755859375,39585600
2023-01-06,MSFT,223.0,225.75999450683594,219.35000610351562,224.92999267578125,43613600
2023-01-09,MSFT,226.4499969482422,231.24000549316406,226.41000366210938,227.1199951171875,27369800
2023-01-10,MSFT,227.75999450683594,231.30999755859375,227.3300018310547,228.85000610351562,27033900
2023-01-11,MSFT,231.2899932861328,235.9499969482422,231.11000061035156,235.77000427246094,28669300
2023-01-12,MSFT,235.25999450683594,239.89999389648438,233.55999755859375,238.50999450683594,27269500
2023-01-13,MSFT,237.0,239.3699951171875,234.9199981689453,239.22999572753906,21333300
2023-01-17,MSFT,237.97000122070312,240.91000366210938,237.08999633789062,240.35000610351562,29831300
2023-01-18,MSFT,241.57000732421875,242.3800048828125,235.52000427246094,235.80999755859375,30028700
2023-01-19,MSFT,233.77999877929688,235.52000427246094,230.67999267578125,231.92999267578125,28623000
2023-01-20,MSFT,234.86000061035156,240.74000549316406,234.50999450683594,240.22000122070312,35389800
2023-01-23,MSFT,241.10000610351562,245.1699981689453,239.64999389648438,242.5800018310547,31934000
2023-01-24,MSFT,242.5,243.9499969482422,240.44000244140625,242.0399932861328,40234400
2023-01-25,MSFT,234.47999572753906,243.3000030517578,230.89999389648438,240.61000061035156,66526600
2023-01-26,MSFT,243.64999389648438,248.30999755859375,242.0,248.0,33454500
2023-01-27,MSFT,248.99000549316406,249.8300018310547,246.8300018310547,248.16000366210938,26498900
2023-01-30,MSFT,244.50999450683594,245.60000610351562,242.1999969482422,242.7100067138672,25867400
2023-01-31,MSFT,243.4499969482422,247.9499969482422,242.9499969482422,247.80999755859375,26541100
2023-02-01,MSFT,248.0,255.17999267578125,245.47000122070312,252.75,31259900
2023-02-02,MSFT,258.82000732421875,264.69000244140625,257.25,264.6000061035156,39940400
2023-02-03,MSFT,259.5400085449219,264.20001220703125,257.1000061035156,258.3500061035156,29077300
2023-02-06,MSFT,257.44000244140625,258.29998779296875,254.77999877929688,256.7699890136719,22518000
2023-02-07,MSFT,260.5299987792969,268.7699890136719,260.0799865722656,267.55999755859375,50841400
2023-02-08,MSFT,273.20001220703125,276.760009765625,266.2099914550781,266.7300109863281,54686000
2023-02-09,MSFT,273.79998779296875,273.9800109863281,262.79998779296875,263.6199951171875,42375100
2023-02-10,MSFT,261.5299987792969,264.0899963378906,260.6600036621094,263.1000061035156,25818500
2023-02-13,MSFT,267.6400146484375,274.6000061035156,267.1499938964844,271.32000732421875,44630900
2023-02-14,MSFT,272.6700134277344,274.9700012207031,269.2799987792969,272.1700134277344,37047900
2023-02-15,MSFT,268.32000732421875,270.7300109863281,266.17999267578125,269.32000732421875,28922400
2023-02-16,MSFT,264.0199890136719,266.739990234375,261.8999938964844,262.1499938964844,29603600
2023-02-17,MSFT,259.3900146484375,260.0899963378906,256.0,258.05999755859375,30000100
2023-02-21,MSFT,254.47999572753906,255.49000549316406,251.58999633789062,252.6699981689453,28397400
2023-02-22,MSFT,254.08999633789062,254.33999633789062,250.33999633789062,251.50999450683594,22491100
2023-02-23,MSFT,255.55999755859375,256.8399963378906,250.47999572753906,254.77000427246094,29219100
2023-02-24,MSFT,249.9600067138672,251.0,248.10000610351562,249.22000122070312,24990900
2023-02-27,MSFT,252.4600067138672,252.82000732421875,249.38999938964844,250.16000366210938,21190000
2023-02-28,MSFT,249.07000732421875,251.49000549316406,248.72999572753906,249.4199981689453,22491000
2023-03-01,MSFT,250.75999450683594,250.92999267578125,245.7899932861328,246.27000427246094,27565300
2023-03-02,MSFT,246.5500030517578,251.39999389648438,245.61000061035156,251.11000061035156,24808200
2023-03-03,MSFT,252.19000244140625,255.6199951171875,251.38999938964844,255.2899932861328,30760100
2023-03-06,MSFT,256.42999267578125,260.1199951171875,255.97999572753906,256.8699951171875,24109800
2023-03-07,MSFT,256.29998779296875,257.69000244140625,253.38999938964844,254.14999389648438,21473200
2023-03-08,MSFT,254.0399932861328,254.5399932861328,250.80999755859375,253.6999969482422,17340200
2023-03-09,MSFT,255.82000732421875,259.55999755859375,251.5800018310547,252.32000732421875,26653400
2023-03-10,MSFT,251.0800018310547,252.7899932861328,247.60000610351562,248.58999633789062,28333900
2023-03-13,MSFT,247.39999389648438,257.9100036621094,245.72999572753906,253.9199981689453,33339700
2023-03-14,MSFT,256.75,261.07000732421875,255.86000061035156,260.7900085449219,33620300
2023-03-15,MSFT,259.9800109863281,266.4800109863281,259.2099914550781,265.44000244140625,46028000
2023-03-16,MSFT,265.2099914550781,276.55999755859375,263.2799987792969,276.20001220703125,54768800
2023-03-17,MSFT,278.260009765625,283.3299865722656,276.32000732421875,279.42999267578125,69527400
2023-03-20,MSFT,276.9800109863281,277.4800109863281,269.8500061035156,272.2300109863281,43466600
2023-03-21,MSFT,274.8800048828125,275.0,269.5199890136719,273.7799987792969,34558700
2023-03-22,MSFT,273.3999938964844,281.0400085449219,272.17999267578125,272.2900085449219,34873300
2023-03-23,MSFT,277.94000244140625,281.05999755859375,275.20001220703125,277.6600036621094,36610900
2023-03-24,MSFT,277.239990234375,280.6300048828125,275.2799987792969,280.57000732421875,28172000
2023-03-27,MSFT,280.5,281.4599914550781,275.5199890136719,276.3800048828125,26840200
2023-03-28,MSFT,275.7900085449219,276.1400146484375,272.04998779296875,275.2300109863281,21878600
2023-03-29,MSFT,278.9599914550781,281.1400146484375,278.4100036621094,280.510009765625,25087000
2023-03-30,MSFT,284.2300109863281,284.4599914550781,281.4800109863281,284.04998779296875,25053400
2023-03-31,MSFT,283.7300109863281,289.2699890136719,283.0,288.29998779296875,32766000
2023-04-03,MSFT,286.5199890136719,288.2699890136719,283.95001220703125,287.2300109863281,24883300
2023-04-04,MSFT,287.2300109863281,290.45001220703125,285.6700134277344,287.17999267578125,25824300
2023-04-05,MSFT,285.8500061035156,287.1499938964844,282.9200134277344,284.3399963378906,22064800
2023-04-06,MSFT,283.2099914550781,292.0799865722656,282.0299987792969,291.6000061035156,29770300
2023-04-10,MSFT,289.2099914550781,289.6000061035156,284.7099914550781,289.3900146484375,23103000
2023-04-11,MSFT,285.75,285.9800109863281,281.6400146484375,282.8299865722656,27276600
2023-04-12,MSFT,284.7900085449219,287.010009765625,281.9599914550781,283.489990234375,27403400
2023-04-13,MSFT,283.5899963378906,289.8999938964844,283.1700134277344,289.8399963378906,24222700
2023-04-14,MSFT,287.0,288.4800109863281,283.69000244140625,286.1400146484375,20987900
2023-04-17,MSFT,289.92999267578125,291.6000061035156,286.1600036621094,288.79998779296875,23836200
2023-04-18,MSFT,291.57000732421875,291.760009765625,287.010009765625,288.3699951171875,20161800
2023-04-19,MSFT,285.989990234375,289.04998779296875,284.5400085449219,288.45001220703125,17150300
2023-04-20,MSFT,285.25,289.0299987792969,285.0799865722656,286.1099853515625,23244400
2023-04-21,MSFT,285.010009765625,286.2699890136719,283.05999755859375,285.760009765625,21676400
2023-04-24,MSFT,282.0899963378906,284.95001220703125,278.7200012207031,281.7699890136719,26611000
2023-04-25,MSFT,279.510009765625,281.6000061035156,275.3699951171875,275.4200134277344,45772200
2023-04-26,MSFT,296.70001220703125,299.57000732421875,292.7300109863281,295.3699951171875,64599200
2023-04-27,MSFT,295.9700012207031,305.20001220703125,295.25,304.8299865722656,46462600
2023-04-28,MSFT,304.010009765625,308.92999267578125,303.30999755859375,307.260009765625,36469600
2023-05-01,MSFT,306.9700012207031,308.6000061035156,305.1499938964844,305.55999755859375,21294100
2023-05-02,MSFT,307.760009765625,309.17999267578125,303.9100036621094,305.4100036621094,26404400
2023-05-03,MSFT,306.6199951171875,308.6099853515625,304.0899963378906,304.3999938964844,22360800
2023-05-04,MSFT,306.239990234375,307.760009765625,303.3999938964844,305.4100036621094,22519900
2023-05-05,MSFT,305.7200012207031,311.9700012207031,304.2699890136719,310.6499938964844,28197100
2023-05-08,MSFT,310.1300048828125,310.20001220703125,306.0899963378906,308.6499938964844,21318600
2023-05-09,MSFT,308.0,310.0400085449219,306.30999755859375,307.0,21340800
2023-05-10,MSFT,308.6199951171875,313.0,307.6700134277344,312.30999755859375,30078000
2023-05-11,MSFT,310.1000061035156,311.1199951171875,306.260009765625,310.1099853515625,31680200
2023-05-12,MSFT,310.54998779296875,310.6499938964844,306.6000061035156,308.9700012207031,19774700
2023-05-15,MSFT,309.1000061035156,309.8999938964844,307.5899963378906,309.4599914550781,16336500
2023-05-16,MSFT,309.8299865722656,313.7099914550781,309.8299865722656,311.739990234375,26730300
2023-05-17,MSFT,312.2900085449219,314.42999267578125,310.739990234375,314.0,24315000
2023-05-18,MSFT,314.5299987792969,319.0400085449219,313.7200012207031,318.5199890136719,27276000
2023-05-19,MSFT,316.739990234375,318.75,316.3699951171875,318.3399963378906,27546700
2023-05-22,MSFT,318.6000061035156,322.5899963378906,318.010009765625,321.17999267578125,24115700
2023-05-23,MSFT,320.0299987792969,322.7200012207031,315.25,315.260009765625,30797200
2023-05-24,MSFT,314.7300109863281,316.5,312.6099853515625,313.8500061035156,23384900
2023-05-25,MSFT,323.239990234375,326.8999938964844,320.0,325.9200134277344,43301700
2023-05-26,MSFT,324.0199890136719,333.3999938964844,323.8800048828125,332.8900146484375,36630600
2023-05-30,MSFT,335.2300109863281,335.739990234375,330.5199890136719,331.2099914550781,29503100
2023-05-31,MSFT,332.2900085449219,335.94000244140625,327.3299865722656,328.3900146484375,45950600
2023-06-01,MSFT,325.92999267578125,333.5299987792969,324.7200012207031,332.5799865722656,26773900
2023-06-02,MSFT,334.25,337.5,332.54998779296875,335.3999938964844,25873800
2023-06-05,MSFT,335.2200012207031,338.55999755859375,334.6600036621094,335.94000244140625,21307100
2023-06-06,MSFT,335.3299865722656,335.3699951171875,332.1700134277344,333.67999267578125,20396200
2023-06-07,MSFT,331.6499938964844,334.489990234375,322.5,323.3800048828125,40717100
2023-06-08,MSFT,323.94000244140625,326.6400146484375,323.3500061035156,325.260009765625,23277700
2023-06-09,MSFT,324.989990234375,329.989990234375,324.4100036621094,326.7900085449219,22529000
2023-06-12,MSFT,328.5799865722656,332.1000061035156,325.1600036621094,331.8500061035156,24260300
2023-06-13,MSFT,334.4700012207031,336.9800109863281,330.3900146484375,334.2900085449219,22951300
2023-06-14,MSFT,334.3399963378906,339.0400085449219,332.80999755859375,337.3399963378906,26003800
2023-06-15,MSFT,337.4800109863281,349.8399963378906,337.20001220703125,348.1000061035156,38899100
2023-06-16,MSFT,351.32000732421875,351.4700012207031,341.95001220703125,342.3299865722656,46552000
2023-06-20,MSFT,339.30999755859375,342.0799865722656,335.8599853515625,338.04998779296875,26375400
2023-06-21,MSFT,336.3699951171875,337.7300109863281,332.07000732421875,333.55999755859375,25117800
2023-06-22,MSFT,334.1199951171875,340.1199951171875,333.3399963378906,339.7099914550781,23556800
2023-06-23,MSFT,334.3599853515625,337.9599914550781,333.45001220703125,335.0199890136719,23146900
2023-06-26,MSFT,333.7200012207031,336.1099853515625,328.489990234375,328.6000061035156,21520600
2023-06-27,MSFT,331.8599853515625,336.1499938964844,329.29998779296875,334.57000732421875,24354100
2023-06-28,MSFT,334.6600036621094,337.9800109863281,333.80999755859375,335.8500061035156,20259500
2023-06-29,MSFT,334.7099914550781,336.1099853515625,332.6199951171875,335.04998779296875,16997000
2023-06-30,MSFT,337.75,342.7300109863281,337.20001220703125,340.5400085449219,26832800
2023-07-03,MSFT,339.19000244140625,340.8999938964844,336.57000732421875,337.989990234375,12508700
2023-07-05,MSFT,335.0899963378906,341.6499938964844,334.7300109863281,338.1499938964844,18172400
2023-07-06,MSFT,337.29998779296875,342.989990234375,335.5,341.2699890136719,28161200
2023-07-07,MSFT,339.32000732421875,341.7900085449219,337.0,337.2200012207031,21214800
2023-07-10,MSFT,334.6000061035156,335.2300109863281,327.5899963378906,331.8299865722656,32791400
2023-07-11,MSFT,331.05999755859375,332.8599853515625,327.0,332.4700012207031,26698200
2023-07-12,MSFT,336.6000061035156,341.6499938964844,335.6700134277344,337.20001220703125,29995300
2023-07-13,MSFT,339.55999755859375,343.739990234375,339.0199890136719,342.6600036621094,20567200
2023-07-14,MSFT,347.5899963378906,351.42999267578125,344.30999755859375,345.239990234375,28352700
2023-07-17,MSFT,345.67999267578125,346.989990234375,342.20001220703125,345.7300109863281,20363900
2023-07-18,MSFT,345.8299865722656,366.7799987792969,342.1700134277344,359.489990234375,64738600
2023-07-19,MSFT,361.75,362.4599914550781,352.44000244140625,355.0799865722656,39732900
2023-07-20,MSFT,353.57000732421875,357.9700012207031,345.3699951171875,346.8699951171875,33778400
2023-07-21,MSFT,349.1499938964844,350.29998779296875,339.8299865722656,343.7699890136719,69405400
2023-07-24,MSFT,345.8500061035156,346.9200134277344,342.30999755859375,345.1099853515625,26678100
2023-07-25,MSFT,347.1099853515625,351.8900146484375,345.07000732421875,350.9800109863281,41637700
2023-07-26,MSFT,341.44000244140625,344.6700134277344,333.1099853515625,337.7699890136719,58383700
2023-07-27,MSFT,340.4800109863281,341.3299865722656,329.04998779296875,330.7200012207031,39635300
2023-07-28,MSFT,333.6700134277344,340.010009765625,333.1700134277344,338.3699951171875,28484900
2023-07-31,MSFT,336.9200134277344,337.70001220703125,333.3599853515625,335.9200134277344,25446000
2023-08-01,MSFT,335.19000244140625,338.5400085449219,333.70001220703125,336.3399963378906,18311900
2023-08-02,MSFT,333.6300048828125,333.6300048828125,326.3599853515625,327.5,27761300
2023-08-03,MSFT,326.0,329.8800048828125,325.95001220703125,326.6600036621094,18253700
2023-08-04,MSFT,331.8800048828125,335.1400146484375,327.239990234375,327.7799987792969,23741500
2023-08-07,MSFT,328.3699951171875,331.1099853515625,327.5199890136719,330.1099853515625,17741500
2023-08-08,MSFT,326.9599914550781,328.75,323.0,326.04998779296875,22327600
2023-08-09,MSFT,326.4700012207031,327.1099853515625,321.04998779296875,322.2300109863281,22373300
2023-08-10,MSFT,326.0199890136719,328.260009765625,321.17999267578125,322.92999267578125,20113700
2023-08-11,MSFT,320.260009765625,322.4100036621094,319.2099914550781,321.010009765625,24355500
2023-08-14,MSFT,321.3900146484375,324.05999755859375,320.0799865722656,324.0400085449219,18836100
2023-08-15,MSFT,323.0,325.0899963378906,320.8999938964844,321.8599853515625,16966300
2023-08-16,MSFT,320.79998779296875,324.4200134277344,319.79998779296875,320.3999938964844,20698900
2023-08-17,MSFT,320.5400085449219,321.8699951171875,316.2099914550781,316.8800048828125,21257200
2023-08-18,MSFT,314.489990234375,318.3800048828125,311.54998779296875,316.4800109863281,24755000
2023-08-21,MSFT,317.92999267578125,322.7699890136719,317.0400085449219,321.8800048828125,24040000
2023-08-22,MSFT,325.5,326.0799865722656,321.4599914550781,322.4599914550781,16084600
2023-08-23,MSFT,323.82000732421875,329.20001220703125,323.4599914550781,327.0,21166400
2023-08-24,MSFT,332.8500061035156,332.9800109863281,319.9599914550781,319.9700012207031,23281400
2023-08-25,MSFT,321.4700012207031,325.3599853515625,318.79998779296875,322.9800109863281,21684100
2023-08-28,MSFT,325.6600036621094,326.1499938964844,321.7200012207031,323.70001220703125,14808500
2023-08-29,MSFT,321.8800048828125,328.9800109863281,321.8800048828125,328.4100036621094,19284600
2023-08-30,MSFT,328.6700134277344,329.80999755859375,326.45001220703125,328.7900085449219,15222100
2023-08-31,MSFT,329.20001220703125,330.9100036621094,326.7799987792969,327.760009765625,26411000
2023-09-01,MSFT,331.30999755859375,331.989990234375,326.7799987792969,328.6600036621094,14942000
2023-09-05,MSFT,329.0,334.8500061035156,328.6600036621094,333.54998779296875,18553900
2023-09-06,MSFT,333.3800048828125,334.4599914550781,330.17999267578125,332.8800048828125,17535800
2023-09-07,MSFT,331.2900085449219,333.0799865722656,329.0299987792969,329.9100036621094,18381000
2023-09-08,MSFT,330.0899963378906,336.1600036621094,329.4599914550781,334.2699890136719,19530100
2023-09-11,MSFT,337.239990234375,338.4200134277344,335.42999267578125,337.94000244140625,16583300
2023-09-12,MSFT,335.82000732421875,336.7900085449219,331.4800109863281,331.7699890136719,17565500
2023-09-13,MSFT,331.30999755859375,336.8500061035156,331.1700134277344,336.05999755859375,16544400
2023-09-14,MSFT,339.1499938964844,340.8599853515625,336.57000732421875,338.70001220703125,20267000
2023-09-15,MSFT,336.9200134277344,337.3999938964844,329.6499938964844,330.2200012207031,37679800
2023-09-18,MSFT,327.79998779296875,330.3999938964844,326.3599853515625,329.05999755859375,16834200
2023-09-19,MSFT,326.1700134277344,329.3900146484375,324.510009765625,328.6499938964844,16505900
2023-09-20,MSFT,329.510009765625,329.5899963378906,320.510009765625,320.7699890136719,21436500
2023-09-21,MSFT,319.260009765625,325.3500061035156,315.0,319.5299987792969,35560400
2023-09-22,MSFT,321.32000732421875,321.45001220703125,316.1499938964844,317.010009765625,21447900
2023-09-25,MSFT,316.5899963378906,317.6700134277344,315.0,317.5400085449219,17836000
2023-09-26,MSFT,315.1300048828125,315.8800048828125,310.0199890136719,312.1400146484375,26297600
2023-09-27,MSFT,312.29998779296875,314.29998779296875,309.69000244140625,312.7900085449219,19410100
2023-09-28,MSFT,310.989990234375,315.4800109863281,309.45001220703125,313.6400146484375,19683600
2023-09-29,MSFT,317.75,319.4700012207031,314.9800109863281,315.75,24147300
2023-10-02,MSFT,316.2799987792969,321.8900146484375,315.17999267578125,321.79998779296875,20570000
2023-10-03,MSFT,320.8299865722656,321.3900146484375,311.2099914550781,313.3900146484375,21033500
2023-10-04,MSFT,314.0299987792969,320.0400085449219,314.0,318.9599914550781,20720100
2023-10-05,MSFT,319.0899963378906,319.9800109863281,314.8999938964844,319.3599853515625,16965600
2023-10-06,MSFT,316.54998779296875,329.19000244140625,316.29998779296875,327.260009765625,25673600
2023-10-09,MSFT,324.75,330.29998779296875,323.17999267578125,329.82000732421875,19891200
2023-10-10,MSFT,330.9599914550781,331.1000061035156,327.6700134277344,328.3900146484375,20557100
2023-10-11,MSFT,331.2099914550781,332.82000732421875,329.1400146484375,332.4200134277344,20063200
2023-10-12,MSFT,330.57000732421875,333.6300048828125,328.7200012207031,331.1600036621094,19313100
2023-10-13,MSFT,332.3800048828125,333.8299865722656,326.3599853515625,327.7300109863281,21072400
2023-10-16,MSFT,331.04998779296875,336.1400146484375,330.6000061035156,332.6400146484375,22158000
2023-10-17,MSFT,329.5899963378906,333.4599914550781,327.4100036621094,332.05999755859375,18338500
2023-10-18,MSFT,332.489990234375,335.5899963378906,328.29998779296875,330.1099853515625,23153600
2023-10-19,MSFT,332.1499938964844,336.8800048828125,330.9100036621094,331.32000732421875,25052100
2023-10-20,MSFT,331.7200012207031,331.9200134277344,325.45001220703125,326.6700134277344,25027700
2023-10-23,MSFT,325.4700012207031,332.7300109863281,324.3900146484375,329.32000732421875,24374700
2023-10-24,MSFT,331.29998779296875,331.8399963378906,327.6000061035156,330.5299987792969,31153600
2023-10-25,MSFT,345.0199890136719,346.20001220703125,337.6199951171875,340.6700134277344,55053800
2023-10-26,MSFT,340.5400085449219,341.6300048828125,326.94000244140625,327.8900146484375,37828500
2023-10-27,MSFT,330.42999267578125,336.7200012207031,328.3999938964844,329.80999755859375,29856500
2023-10-30,MSFT,333.4100036621094,339.45001220703125,331.8299865722656,337.30999755859375,22828100
2023-10-31,MSFT,338.8500061035156,339.0,334.69000244140625,338.1099853515625,20265300
2023-11-01,MSFT,339.7900085449219,347.4200134277344,339.6499938964844,346.07000732421875,28158800
2023-11-02,MSFT,347.239990234375,348.8299865722656,344.7699890136719,348.32000732421875,24348100
2023-11-03,MSFT,349.6300048828125,354.3900146484375,347.3299865722656,352.79998779296875,23637700
2023-11-06,MSFT,353.45001220703125,357.5400085449219,353.3500061035156,356.5299987792969,23828300
2023-11-07,MSFT,359.3999938964844,362.4599914550781,357.6300048828125,360.5299987792969,25833900
2023-11-08,MSFT,361.67999267578125,363.8699951171875,360.54998779296875,363.20001220703125,26767800
2023-11-09,MSFT,362.29998779296875,364.7900085449219,360.3599853515625,360.69000244140625,24847300
2023-11-10,MSFT,361.489990234375,370.1000061035156,361.07000732421875,369.6700134277344,28042100
2023-11-13,MSFT,368.2200012207031,368.4700012207031,365.8999938964844,366.67999267578125,19986500
2023-11-14,MSFT,371.010009765625,371.95001220703125,367.3500061035156,370.2699890136719,27683900
2023-11-15,MSFT,371.2799987792969,373.1300048828125,367.1099853515625,369.6700134277344,26860100
2023-11-16,MSFT,370.9599914550781,376.3500061035156,370.17999267578125,376.1700134277344,27182300
2023-11-17,MSFT,373.6099853515625,374.3699951171875,367.0,369.8500061035156,40157000
2023-11-20,MSFT,371.2200012207031,378.8699951171875,371.0,377.44000244140625,52465100
2023-11-21,MSFT,375.6700134277344,376.2200012207031,371.1199951171875,373.07000732421875,28423100
2023-11-22,MSFT,378.0,379.7900085449219,374.9700012207031,377.8500061035156,23345300
2023-11-24,MSFT,377.3299865722656,377.9700012207031,375.1400146484375,377.42999267578125,10176600
2023-11-27,MSFT,376.7799987792969,380.6400146484375,376.20001220703125,378.6099853515625,22179200
2023-11-28,MSFT,378.3500061035156,383.0,378.1600036621094,382.70001220703125,20453100
2023-11-29,MSFT,383.760009765625,384.29998779296875,377.44000244140625,378.8500061035156,28963400
2023-11-30,MSFT,378.489990234375,380.0899963378906,375.4700012207031,378.9100036621094,30554400
2023-12-01,MSFT,376.760009765625,378.1600036621094,371.30999755859375,374.510009765625,33040500
2023-12-04,MSFT,369.1000061035156,369.5199890136719,362.8999938964844,369.1400146484375,32063300
2023-12-05,MSFT,366.45001220703125,373.0799865722656,365.6199951171875,372.5199890136719,23065000
2023-12-06,MSFT,373.5400085449219,374.17999267578125,368.0299987792969,368.79998779296875,21182100
2023-12-07,MSFT,368.2300109863281,371.45001220703125,366.32000732421875,370.95001220703125,23118900
2023-12-08,MSFT,369.20001220703125,374.4599914550781,368.2300109863281,374.2300109863281,20154400
2023-12-11,MSFT,368.4800109863281,371.6000061035156,366.1000061035156,371.29998779296875,27708800
2023-12-12,MSFT,370.8500061035156,374.4200134277344,370.4599914550781,374.3800048828125,24838300
2023-12-13,MSFT,376.0199890136719,377.6400146484375,370.7699890136719,374.3699951171875,30955500
2023-12-14,MSFT,373.30999755859375,373.760009765625,364.1300048828125,365.92999267578125,43277500
2023-12-15,MSFT,366.8500061035156,372.3999938964844,366.2799987792969,370.7300109863281,78502300
2023-12-18,MSFT,369.45001220703125,373.0,368.67999267578125,372.6499938964844,21802900
2023-12-19,MSFT,371.489990234375,373.260009765625,369.8399963378906,373.260009765625,20603700
2023-12-20,MSFT,375.0,376.0299987792969,370.5299987792969,370.6199951171875,26316700
2023-12-21,MSFT,372.55999755859375,374.4100036621094,370.0400085449219,373.5400085449219,17708000
2023-12-22,MSFT,373.67999267578125,375.17999267578125,372.7099914550781,374.5799865722656,17107500
2023-12-26,MSFT,375.0,376.94000244140625,373.5,374.6600036621094,12673100
2023-12-27,MSFT,373.69000244140625,375.05999755859375,372.80999755859375,374.07000732421875,14905400
2023-12-28,MSFT,375.3699951171875,376.4599914550781,374.1600036621094,375.2799987792969,14327000
2023-12-29,MSFT,376.0,377.1600036621094,373.4800109863281,376.0400085449219,18730800
2024-01-02,MSFT,373.8599853515625,375.8999938964844,366.7699890136719,370.8699951171875,25258600
2024-01-03,MSFT,369.010009765625,373.260009765625,368.510009765625,370.6000061035156,23083500
2024-01-04,MSFT,370.6700134277344,373.1000061035156,367.1700134277344,367.94000244140625,20901500
2024-01-05,MSFT,368.9700012207031,372.05999755859375,366.5,367.75,21004600
2024-01-08,MSFT,369.29998779296875,375.20001220703125,369.010009765625,374.69000244140625,23134000
2024-01-09,MSFT,372.010009765625,375.989990234375,371.19000244140625,375.7900085449219,20830000
2024-01-10,MSFT,376.3699951171875,384.1700134277344,376.32000732421875,382.7699890136719,25514200
2024-01-11,MSFT,386.0,390.67999267578125,380.3800048828125,384.6300048828125,27850800
2024-01-12,MSFT,385.489990234375,388.67999267578125,384.6499938964844,388.4700012207031,21661200
2024-01-16,MSFT,393.6600036621094,394.0299987792969,387.6199951171875,390.2699890136719,27202300
2024-01-17,MSFT,387.9800109863281,390.1099853515625,384.80999755859375,389.4700012207031,22234100
2024-01-18,MSFT,391.7200012207031,393.989990234375,390.1199951171875,393.8699951171875,23392100
2024-01-19,MSFT,395.760009765625,398.6700134277344,393.5,398.6700134277344,29331100
2024-01-22,MSFT,400.0199890136719,400.6199951171875,393.5899963378906,396.510009765625,27016900
2024-01-23,MSFT,395.75,399.3800048828125,393.92999267578125,398.8999938964844,20525900
2024-01-24,MSFT,401.5400085449219,405.6300048828125,400.45001220703125,402.55999755859375,24867000
2024-01-25,MSFT,404.32000732421875,407.010009765625,402.5299987792969,404.8699951171875,21021200
2024-01-26,MSFT,404.3699951171875,406.1700134277344,402.42999267578125,403.92999267578125,17803300
2024-01-29,MSFT,406.05999755859375,409.9800109863281,404.3299865722656,409.7200012207031,24510200
2024-01-30,MSFT,412.260009765625,413.04998779296875,406.45001220703125,408.5899963378906,33477600
2024-01-31,MSFT,406.9599914550781,415.32000732421875,397.2099914550781,397.5799865722656,47871100
2024-02-01,MSFT,401.8299865722656,408.0,401.79998779296875,403.7799987792969,30657700
2024-02-02,MSFT,403.80999755859375,412.6499938964844,403.55999755859375,411.2200012207031,28256700
2024-02-05,MSFT,409.8999938964844,411.1600036621094,403.989990234375,405.6499938964844,25352300
2024-02-06,MSFT,405.8800048828125,407.9700012207031,402.9100036621094,405.489990234375,18382600
2024-02-07,MSFT,407.44000244140625,414.29998779296875,407.3999938964844,414.04998779296875,22340500
2024-02-08,MSFT,414.04998779296875,415.55999755859375,412.5299987792969,414.1099853515625,21225300
2024-02-09,MSFT,415.25,420.82000732421875,415.0899963378906,420.54998779296875,22032800
2024-02-12,MSFT,420.55999755859375,420.739990234375,414.75,415.260009765625,21202900
2024-02-13,MSFT,404.94000244140625,410.07000732421875,403.3900146484375,406.32000732421875,27824900
2024-02-14,MSFT,408.07000732421875,409.8399963378906,404.57000732421875,409.489990234375,20401200
2024-02-15,MSFT,408.1400146484375,409.1300048828125,404.2900085449219,406.55999755859375,21825500
2024-02-16,MSFT,407.9599914550781,408.2900085449219,403.44000244140625,404.05999755859375,22296500
2024-02-20,MSFT,403.239990234375,404.489990234375,398.010009765625,402.7900085449219,24307900
2024-02-21,MSFT,400.1700134277344,402.2900085449219,397.2200012207031,402.17999267578125,18518900
2024-02-22,MSFT,410.19000244140625,412.8299865722656,408.57000732421875,411.6499938964844,27009900
2024-02-23,MSFT,415.6700134277344,415.8599853515625,408.9700012207031,410.3399963378906,16295900
2024-02-26,MSFT,411.4599914550781,412.1600036621094,407.3599853515625,407.5400085449219,16193500
2024-02-27,MSFT,407.989990234375,408.32000732421875,403.8500061035156,407.4800109863281,14835800
2024-02-28,MSFT,408.17999267578125,409.29998779296875,405.32000732421875,407.7200012207031,13183100
2024-02-29,MSFT,408.6400146484375,414.20001220703125,405.9200134277344,413.6400146484375,31947300
2024-03-01,MSFT,411.2699890136719,415.8699951171875,410.8800048828125,415.5,17823400
2024-03-04,MSFT,413.44000244140625,417.3500061035156,412.32000732421875,414.9200134277344,17596000
2024-03-05,MSFT,413.9599914550781,414.25,400.6400146484375,402.6499938964844,26919200
2024-03-06,MSFT,402.9700012207031,405.1600036621094,398.3900146484375,402.0899963378906,22344100
2024-03-07,MSFT,406.1199951171875,409.7799987792969,402.239990234375,409.1400146484375,18718500
2024-03-08,MSFT,407.9599914550781,410.4200134277344,404.3299865722656,406.2200012207031,18002200
2024-03-11,MSFT,403.760009765625,405.67999267578125,401.260009765625,404.5199890136719,16120800
2024-03-12,MSFT,407.6199951171875,415.57000732421875,406.7900085449219,415.2799987792969,22457000
2024-03-13,MSFT,418.1000061035156,418.17999267578125,411.45001220703125,415.1000061035156,17115900
2024-03-14,MSFT,420.239990234375,427.82000732421875,417.989990234375,425.2200012207031,34157300
2024-03-15,MSFT,419.2900085449219,422.6000061035156,412.7900085449219,416.4200134277344,45079900
2024-03-18,MSFT,414.25,420.7300109863281,413.7799987792969,417.32000732421875,20106000
2024-03-19,MSFT,417.8299865722656,421.6700134277344,415.54998779296875,421.4100036621094,19837900
2024-03-20,MSFT,422.0,425.9599914550781,420.6600036621094,425.2300109863281,17860100
2024-03-21,MSFT,429.8299865722656,430.82000732421875,427.1600036621094,429.3699951171875,21296200
2024-03-22,MSFT,429.70001220703125,429.8599853515625,426.07000732421875,428.739990234375,17648500
2024-03-25,MSFT,425.239990234375,427.4100036621094,421.6099853515625,422.8599853515625,18060500
2024-03-26,MSFT,425.6099853515625,425.989990234375,421.3500061035156,421.6499938964844,16725600
2024-03-27,MSFT,424.44000244140625,424.45001220703125,419.010009765625,421.42999267578125,16705000
2024-03-28,MSFT,420.9599914550781,421.8699951171875,419.1199951171875,420.7200012207031,21871200
2024-04-01,MSFT,423.95001220703125,427.8900146484375,422.2200012207031,424.57000732421875,16316000
2024-04-02,MSFT,420.1099853515625,422.3800048828125,417.8399963378906,421.44000244140625,17912000
2024-04-03,MSFT,419.7300109863281,423.260009765625,419.0899963378906,420.45001220703125,16502300
2024-04-04,MSFT,424.989990234375,428.6700134277344,417.57000732421875,417.8800048828125,19370900
2024-04-05,MSFT,420.010009765625,426.510009765625,418.32000732421875,425.5199890136719,16554800
2024-04-08,MSFT,425.1700134277344,427.2799987792969,423.29998779296875,424.5899963378906,14272400
2024-04-09,MSFT,426.44000244140625,427.739990234375,421.6199951171875,426.2799987792969,12496900
2024-04-10,MSFT,422.19000244140625,424.0299987792969,419.70001220703125,423.260009765625,16216600
2024-04-11,MSFT,425.82000732421875,429.3699951171875,422.3599853515625,427.92999267578125,17966400
2024-04-12,MSFT,424.04998779296875,425.17999267578125,419.7699890136719,421.8999938964844,19253800
2024-04-15,MSFT,426.6000061035156,426.82000732421875,413.42999267578125,413.6400146484375,20273500
2024-04-16,MSFT,414.57000732421875,418.3999938964844,413.7300109863281,414.5799865722656,16765600
2024-04-17,MSFT,417.25,418.8800048828125,410.3299865722656,411.8399963378906,15855500
2024-04-18,MSFT,410.6300048828125,411.8900146484375,403.95001220703125,404.2699890136719,21029900
2024-04-19,MSFT,404.0299987792969,405.4800109863281,397.7699890136719,399.1199951171875,30565800
2024-04-22,MSFT,400.0799865722656,402.8500061035156,395.75,400.9599914550781,20286900
2024-04-23,MSFT,404.239990234375,408.20001220703125,403.05999755859375,407.57000732421875,15734500
2024-04-24,MSFT,409.55999755859375,412.4700012207031,406.7799987792969,409.05999755859375,15065300
2024-04-25,MSFT,394.0299987792969,399.8900146484375,388.0299987792969,399.0400085449219,40586500
2024-04-26,MSFT,412.1700134277344,413.0,405.760009765625,406.32000732421875,29694700
2024-04-29,MSFT,405.25,406.32000732421875,399.19000244140625,402.25,19582100
2024-04-30,MSFT,401.489990234375,402.1600036621094,389.1700134277344,389.3299865722656,28781400
2024-05-01,MSFT,392.6099853515625,401.7200012207031,390.30999755859375,394.94000244140625,23562500
2024-05-02,MSFT,397.6600036621094,399.92999267578125,394.6499938964844,397.8399963378906,17709400
2024-05-03,MSFT,402.2799987792969,407.1499938964844,401.8599853515625,406.6600036621094,17446700
2024-05-06,MSFT,408.760009765625,413.92999267578125,406.3699951171875,413.5400085449219,16996600
2024-05-07,MSFT,414.6600036621094,414.6700134277344,409.0899963378906,409.3399963378906,20018200
2024-05-08,MSFT,408.1700134277344,412.2300109863281,406.7099914550781,410.5400085449219,11792300
2024-05-09,MSFT,410.57000732421875,412.7200012207031,409.1000061035156,412.32000732421875,14689700
2024-05-10,MSFT,412.94000244140625,415.3800048828125,411.79998779296875,414.739990234375,13402300
2024-05-13,MSFT,418.010009765625,418.3500061035156,410.82000732421875,413.7200012207031,15440200
2024-05-14,MSFT,412.0199890136719,417.489990234375,411.54998779296875,416.55999755859375,15109300
2024-05-15,MSFT,417.8999938964844,423.80999755859375,417.2699890136719,423.0799865722656,22239500
2024-05-16,MSFT,421.79998779296875,425.4200134277344,420.3500061035156,420.989990234375,17530100
2024-05-17,MSFT,422.5400085449219,422.9200134277344,418.0299987792969,420.2099914550781,15352200
2024-05-20,MSFT,420.2099914550781,426.7699890136719,419.989990234375,425.3399963378906,16272100
2024-05-21,MSFT,426.8299865722656,432.9700012207031,424.8500061035156,429.0400085449219,21453300
2024-05-22,MSFT,430.0899963378906,432.4100036621094,427.1300048828125,430.5199890136719,18073700
2024-05-23,MSFT,432.9700012207031,433.6000061035156,425.4200134277344,427.0,17211700
2024-05-24,MSFT,427.19000244140625,431.05999755859375,424.4100036621094,430.1600036621094,11855300
2024-05-28,MSFT,429.6300048828125,430.82000732421875,426.6000061035156,430.32000732421875,15718000
2024-05-29,MSFT,425.69000244140625,430.94000244140625,425.69000244140625,429.1700134277344,15517100
2024-05-30,MSFT,424.29998779296875,424.29998779296875,414.239990234375,414.6700134277344,28394500
2024-05-31,MSFT,416.75,416.75,404.510009765625,415.1300048828125,47995300
2024-06-03,MSFT,415.5299987792969,416.42999267578125,408.9200134277344,413.5199890136719,17484700
2024-06-04,MSFT,412.42999267578125,416.44000244140625,409.67999267578125,416.07000732421875,14348900
2024-06-05,MSFT,417.80999755859375,424.0799865722656,416.29998779296875,424.010009765625,16988000
2024-06-06,MSFT,424.010009765625,425.30999755859375,420.5799865722656,424.5199890136719,14861300
2024-06-07,MSFT,426.20001220703125,426.2799987792969,423.0,423.8500061035156,13621700
2024-06-10,MSFT,424.70001220703125,428.0799865722656,423.8900146484375,427.8699951171875,13982900
2024-06-11,MSFT,425.4800109863281,432.82000732421875,425.25,432.67999267578125,14551100
2024-06-12,MSFT,435.32000732421875,443.3999938964844,433.25,441.05999755859375,22366200
2024-06-13,MSFT,440.8500061035156,443.3900146484375,439.3699951171875,441.5799865722656,15960600
2024-06-14,MSFT,438.2799987792969,443.1400146484375,436.7200012207031,442.57000732421875,13582000
2024-06-17,MSFT,442.5899963378906,450.94000244140625,440.7200012207031,448.3699951171875,20790000
2024-06-18,MSFT,449.7099914550781,450.1400146484375,444.8900146484375,446.3399963378906,17112500
2024-06-20,MSFT,446.29998779296875,446.5299987792969,441.2699890136719,445.70001220703125,19877400
2024-06-21,MSFT,447.3800048828125,450.5799865722656,446.510009765625,449.7799987792969,34187100
2024-06-24,MSFT,449.79998779296875,452.75,446.4100036621094,447.6700134277344,15913700
2024-06-25,MSFT,448.25,451.4200134277344,446.75,450.95001220703125,16413400
2024-06-26,MSFT,449.0,453.6000061035156,448.19000244140625,452.1600036621094,16507000
2024-06-27,MSFT,452.17999267578125,456.1700134277344,451.7699890136719,452.8500061035156,14806300
2024-06-28,MSFT,453.07000732421875,455.3800048828125,446.4100036621094,446.95001220703125,28362300
2024-07-01,MSFT,448.6600036621094,457.3699951171875,445.6600036621094,456.7300109863281,17662800
2024-07-02,MSFT,453.20001220703125,459.5899963378906,453.1099853515625,459.2799987792969,13979800
2024-07-03,MSFT,458.19000244140625,461.0199890136719,457.8800048828125,460.7699890136719,9932800
2024-07-05,MSFT,459.6099853515625,468.3500061035156,458.9700012207031,467.55999755859375,16000300
2024-07-08,MSFT,466.54998779296875,467.70001220703125,464.4599914550781,466.239990234375,12962300
2024-07-09,MSFT,467.0,467.3299865722656,458.0,459.5400085449219,17207200
2024-07-10,MSFT,461.2200012207031,466.4599914550781,458.8599853515625,466.25,18196100
2024-07-11,MSFT,462.9800109863281,464.7799987792969,451.54998779296875,454.70001220703125,23111200
2024-07-12,MSFT,454.3299865722656,456.3599853515625,450.6499938964844,453.54998779296875,16324300
2024-07-15,MSFT,453.29998779296875,457.260009765625,451.42999267578125,453.9599914550781,14429400
2024-07-16,MSFT,454.2200012207031,454.29998779296875,446.6600036621094,449.5199890136719,17175700
2024-07-17,MSFT,442.5899963378906,444.8500061035156,439.17999267578125,443.5199890136719,21778000
2024-07-18,MSFT,444.3399963378906,444.6499938964844,434.3999938964844,440.3699951171875,20794800
2024-07-19,MSFT,433.1000061035156,441.1400146484375,432.0,437.1099853515625,20940400
2024-07-22,MSFT,441.7900085449219,444.6000061035156,438.9100036621094,442.94000244140625,15808800
2024-07-23,MSFT,443.8999938964844,448.3900146484375,443.1000061035156,444.8500061035156,13107100
2024-07-24,MSFT,440.45001220703125,441.4800109863281,427.5899963378906,428.8999938964844,26805800
2024-07-25,MSFT,428.79998779296875,429.79998779296875,417.510009765625,418.3999938964844,29943800
2024-07-26,MSFT,418.20001220703125,428.9200134277344,417.2699890136719,425.2699890136719,23583800
2024-07-29,MSFT,431.5799865722656,432.1499938964844,424.70001220703125,426.7300109863281,15125800
2024-07-30,MSFT,427.7200012207031,429.04998779296875,417.3599853515625,422.9200134277344,32687600
2024-07-31,MSFT,420.5,421.7799987792969,412.2099914550781,418.3500061035156,42891400
2024-08-01,MSFT,420.7900085449219,427.4599914550781,413.0899963378906,417.1099853515625,30296400
2024-08-02,MSFT,412.489990234375,415.0,404.3399963378906,408.489990234375,29437900
2024-08-05,MSFT,389.1700134277344,401.0400085449219,385.5799865722656,395.1499938964844,40709200
2024-08-06,MSFT,400.0,405.6700134277344,398.5,399.6099853515625,24946500
2024-08-07,MSFT,408.6400146484375,410.0799865722656,397.4700012207031,398.42999267578125,20650900
2024-08-08,MSFT,402.44000244140625,405.8599853515625,399.94000244140625,402.69000244140625,20203000
2024-08-09,MSFT,404.0299987792969,408.04998779296875,402.260009765625,406.0199890136719,19276700
2024-08-12,MSFT,407.05999755859375,408.760009765625,404.239990234375,406.80999755859375,16762900
2024-08-13,MSFT,409.5899963378906,414.95001220703125,409.57000732421875,414.010009765625,19414300
2024-08-14,MSFT,414.79998779296875,417.7200012207031,412.45001220703125,416.8599853515625,18267000
2024-08-15,MSFT,419.79998779296875,421.1099853515625,417.6600036621094,421.0299987792969,20752100
2024-08-16,MSFT,420.6000061035156,421.3399963378906,417.29998779296875,418.4700012207031,22775600
2024-08-19,MSFT,418.9599914550781,421.75,416.4599914550781,421.5299987792969,15234000
2024-08-20,MSFT,421.70001220703125,425.8599853515625,421.6400146484375,424.79998779296875,16387600
2024-08-21,MSFT,424.0799865722656,426.3999938964844,421.7200012207031,424.1400146484375,16067300
2024-08-22,MSFT,424.3599853515625,426.7900085449219,414.6099853515625,415.54998779296875,19361900
2024-08-23,MSFT,416.9800109863281,419.260009765625,412.0899963378906,416.7900085449219,18493800
2024-08-26,MSFT,416.3699951171875,417.2799987792969,411.3399963378906,413.489990234375,13152800
2024-08-27,MSFT,412.8599853515625,414.3599853515625,410.25,413.8399963378906,13492900
2024-08-28,MSFT,414.8800048828125,415.0,407.30999755859375,410.6000061035156,14882700
2024-08-29,MSFT,414.94000244140625,422.04998779296875,410.6000061035156,413.1199951171875,17045200
2024-08-30,MSFT,415.6000061035156,417.489990234375,412.1300048828125,417.1400146484375,24308300
2024-09-03,MSFT,417.9100036621094,419.8800048828125,407.0299987792969,409.44000244140625,20313600
2024-09-04,MSFT,405.9100036621094,411.239990234375,404.3699951171875,408.8999938964844,15135800
2024-09-05,MSFT,407.6199951171875,413.1000061035156,406.1300048828125,408.3900146484375,14195500
2024-09-06,MSFT,409.05999755859375,410.6499938964844,400.79998779296875,401.70001220703125,19609500
2024-09-09,MSFT,407.239990234375,408.6499938964844,402.1499938964844,405.7200012207031,15295100
2024-09-10,MSFT,408.20001220703125,416.3299865722656,407.70001220703125,414.20001220703125,19594300
2024-09-11,MSFT,415.5,423.989990234375,409.5799865722656,423.0400085449219,19266900
2024-09-12,MSFT,423.30999755859375,427.3699951171875,419.75,427.0,17395700
2024-09-13,MSFT,425.8299865722656,431.8299865722656,425.4599914550781,430.5899963378906,15874600
2024-09-16,MSFT,430.6000061035156,433.5299987792969,428.2200012207031,431.3399963378906,13834700
2024-09-17,MSFT,440.2300109863281,441.8500061035156,432.2699890136719,435.1499938964844,18874200
2024-09-18,MSFT,435.0,436.0299987792969,430.4100036621094,430.80999755859375,18898000
2024-09-19,MSFT,441.2300109863281,441.5,436.8999938964844,438.69000244140625,21706600
2024-09-20,MSFT,437.2200012207031,439.239990234375,434.2200012207031,435.2699890136719,55167100
2024-09-23,MSFT,434.2799987792969,436.4599914550781,430.3900146484375,433.510009765625,15128900
2024-09-24,MSFT,433.0,433.3500061035156,426.1000061035156,429.1700134277344,17015800
2024-09-25,MSFT,429.8299865722656,433.1199951171875,428.57000732421875,432.1099853515625,13396400
2024-09-26,MSFT,435.0899963378906,435.29998779296875,429.1300048828125,431.30999755859375,14492000
2024-09-27,MSFT,431.5199890136719,431.8500061035156,427.4700012207031,428.0199890136719,14896100
2024-09-30,MSFT,428.2099914550781,430.4200134277344,425.3699951171875,430.29998779296875,16807300
2024-10-01,MSFT,428.45001220703125,428.4800109863281,418.80999755859375,420.69000244140625,19092900
2024-10-02,MSFT,422.5799865722656,422.82000732421875,416.7099914550781,417.1300048828125,16582300
2024-10-03,MSFT,417.6300048828125,419.54998779296875,414.2900085449219,416.5400085449219,13686400
2024-10-04,MSFT,418.239990234375,419.75,414.9700012207031,416.05999755859375,19169700
2024-10-07,MSFT,416.0,417.1099853515625,409.0,409.5400085449219,20919800
2024-10-08,MSFT,410.8999938964844,415.6600036621094,408.1700134277344,414.7099914550781,19229300
2024-10-09,MSFT,415.8599853515625,420.3800048828125,414.29998779296875,417.4599914550781,14974300
2024-10-10,MSFT,415.2300109863281,417.3500061035156,413.1499938964844,415.8399963378906,13848400
2024-10-11,MSFT,416.1400146484375,417.1300048828125,413.25,416.32000732421875,14144900
2024-10-14,MSFT,417.7699890136719,424.0400085449219,417.5199890136719,419.1400146484375,16653100
2024-10-15,MSFT,422.17999267578125,422.4800109863281,415.260009765625,418.739990234375,18900200
2024-10-16,MSFT,415.1700134277344,416.3599853515625,410.4800109863281,416.1199951171875,15508900
2024-10-17,MSFT,422.3599853515625,422.5,415.5899963378906,416.7200012207031,14820000
2024-10-18,MSFT,417.1400146484375,419.6499938964844,416.260009765625,418.1600036621094,17145300
2024-10-21,MSFT,416.1199951171875,418.9599914550781,413.75,418.7799987792969,14206100
2024-10-22,MSFT,418.489990234375,430.5799865722656,418.0400085449219,427.510009765625,25482200
2024-10-23,MSFT,430.8599853515625,431.0799865722656,422.5299987792969,424.6000061035156,19654400
2024-10-24,MSFT,425.3299865722656,425.9800109863281,422.3999938964844,424.7300109863281,13581600
2024-10-25,MSFT,426.760009765625,432.5199890136719,426.57000732421875,428.1499938964844,16899100
2024-10-28,MSFT,431.6600036621094,431.94000244140625,426.29998779296875,426.5899963378906,14882400
2024-10-29,MSFT,428.0,433.1700134277344,425.79998779296875,431.95001220703125,17644100
2024-10-30,MSFT,437.44000244140625,438.5,432.1000061035156,432.5299987792969,29749100
2024-10-31,MSFT,415.3599853515625,416.1600036621094,406.29998779296875,406.3500061035156,53971000
2024-11-01,MSFT,409.010009765625,415.5,407.5,410.3699951171875,24230400
2024-11-04,MSFT,409.79998779296875,410.4200134277344,405.57000732421875,408.4599914550781,19672300
2024-11-05,MSFT,408.3699951171875,414.8999938964844,408.0799865722656,411.4599914550781,17626000
2024-11-06,MSFT,412.4200134277344,420.45001220703125,410.5199890136719,420.17999267578125,26681800
2024-11-07,MSFT,421.2799987792969,426.8500061035156,419.8800048828125,425.42999267578125,19901800
2024-11-08,MSFT,425.32000732421875,426.5,421.7799987792969,422.5400085449219,16891400
2024-11-11,MSFT,422.5199890136719,424.80999755859375,416.0,418.010009765625,24503300
2024-11-12,MSFT,418.25,424.44000244140625,417.20001220703125,423.0299987792969,19401200
2024-11-13,MSFT,421.6400146484375,429.3299865722656,418.2099914550781,425.20001220703125,21502200
2024-11-14,MSFT,425.0,428.1700134277344,420.0,426.8900146484375,30246900
2024-11-15,MSFT,419.82000732421875,422.79998779296875,413.6400146484375,415.0,28247600
2024-11-18,MSFT,414.8699951171875,418.3999938964844,412.1000061035156,415.760009765625,24727000
2024-11-19,MSFT,413.1099853515625,417.94000244140625,411.54998779296875,417.7900085449219,18133500
2024-11-20,MSFT,416.8699951171875,417.2900085449219,410.5799865722656,415.489990234375,19191700
2024-11-21,MSFT,419.5,419.7799987792969,410.2900085449219,412.8699951171875,20780200
2024-11-22,MSFT,411.3699951171875,417.3999938964844,411.05999755859375,417.0,24814600
2024-11-25,MSFT,418.3800048828125,421.0799865722656,414.8500061035156,418.7900085449219,27691100
2024-11-26,MSFT,419.5899963378906,429.0400085449219,418.8500061035156,427.989990234375,23458900
2024-11-27,MSFT,425.1099853515625,427.2300109863281,422.0199890136719,422.989990234375,18332400
2024-11-29,MSFT,420.0899963378906,424.8800048828125,417.79998779296875,423.4599914550781,16271900
2024-12-02,MSFT,421.57000732421875,433.0,421.30999755859375,430.9800109863281,20207200
2024-12-03,MSFT,429.8399963378906,432.4700012207031,427.739990234375,431.20001220703125,18302000
2024-12-04,MSFT,433.0299987792969,439.6700134277344,432.6300048828125,437.4200134277344,26009400
2024-12-05,MSFT,437.9200134277344,444.6600036621094,436.1700134277344,442.6199951171875,21697800
2024-12-06,MSFT,442.29998779296875,446.1000061035156,441.7699890136719,443.57000732421875,18821000
2024-12-09,MSFT,442.6000061035156,448.3299865722656,440.5,446.0199890136719,19144400
2024-12-10,MSFT,444.3900146484375,449.6199951171875,441.6000061035156,443.3299865722656,18469500
2024-12-11,MSFT,444.04998779296875,450.3500061035156,444.04998779296875,448.989990234375,19200200
2024-12-12,MSFT,449.1099853515625,456.1600036621094,449.1099853515625,449.55999755859375,20834800
2024-12-13,MSFT,448.44000244140625,451.42999267578125,445.5799865722656,447.2699890136719,20177800
2024-12-16,MSFT,447.2699890136719,452.17999267578125,445.2799987792969,451.5899963378906,23598800
2024-12-17,MSFT,451.010009765625,455.2900085449219,449.57000732421875,454.4599914550781,22733500
2024-12-18,MSFT,451.32000732421875,452.6499938964844,437.0199890136719,437.3900146484375,24444500
2024-12-19,MSFT,441.6199951171875,443.17999267578125,436.32000732421875,437.0299987792969,22963700
2024-12-20,MSFT,433.1099853515625,443.739990234375,428.6300048828125,436.6000061035156,64263700
2024-12-23,MSFT,436.739990234375,437.6499938964844,432.8299865722656,435.25,19152500
2024-12-24,MSFT,434.6499938964844,439.6000061035156,434.19000244140625,439.3299865722656,7164500
2024-12-26,MSFT,439.0799865722656,440.94000244140625,436.6300048828125,438.1099853515625,8194200
2024-12-27,MSFT,434.6000061035156,435.2200012207031,426.3500061035156,430.5299987792969,18117700
2024-12-30,MSFT,426.05999755859375,427.54998779296875,421.8999938964844,424.8299865722656,13158700
2024-12-31,MSFT,426.1000061035156,426.7300109863281,420.6600036621094,421.5,13246500
2025-01-02,MSFT,425.5299987792969,426.07000732421875,414.8500061035156,418.5799865722656,16896500
2025-01-03,MSFT,421.0799865722656,424.0299987792969,419.5400085449219,423.3500061035156,16662900
2025-01-06,MSFT,428.0,434.32000732421875,425.4800109863281,427.8500061035156,20573600
2025-01-07,MSFT,429.0,430.6499938964844,420.79998779296875,422.3699951171875,18139100
2025-01-08,MSFT,423.4599914550781,426.9700012207031,421.5400085449219,424.55999755859375,15054600
2025-01-10,MSFT,424.6300048828125,424.7099914550781,415.0199890136719,418.95001220703125,20201100
2025-01-13,MSFT,415.239990234375,418.5,412.2900085449219,417.19000244140625,17604800
2025-01-14,MSFT,417.80999755859375,419.739990234375,410.7200012207031,415.6700134277344,16935900
2025-01-15,MSFT,419.1300048828125,428.1499938964844,418.2699890136719,426.30999755859375,19637800
2025-01-16,MSFT,428.70001220703125,429.489990234375,424.3900146484375,424.5799865722656,15300000
2025-01-17,MSFT,434.0899963378906,434.4800109863281,428.1700134277344,429.0299987792969,26197500
2025-01-21,MSFT,430.20001220703125,430.8999938964844,425.6000061035156,428.5,26085700
2025-01-22,MSFT,437.55999755859375,447.2699890136719,436.0,446.20001220703125,27803800
2025-01-23,MSFT,442.0,446.75,441.5,446.7099914550781,18389300
2025-01-24,MSFT,445.1600036621094,446.6499938964844,441.3999938964844,444.05999755859375,15549500
2025-01-27,MSFT,424.010009765625,435.20001220703125,423.5,434.55999755859375,35647800
2025-01-28,MSFT,434.6000061035156,448.3800048828125,431.3800048828125,447.20001220703125,23491700
2025-01-29,MSFT,446.69000244140625,446.8800048828125,440.3999938964844,442.3299865722656,23581400
2025-01-30,MSFT,418.7699890136719,422.8599853515625,413.1600036621094,414.989990234375,54586300
2025-01-31,MSFT,418.9800109863281,420.69000244140625,414.9100036621094,415.05999755859375,34161900
2025-02-03,MSFT,411.6000061035156,415.4100036621094,408.6600036621094,410.9200134277344,25679100
2025-02-04,MSFT,412.69000244140625,413.9200134277344,409.739990234375,412.3699951171875,20532100
2025-02-05,MSFT,412.3500061035156,413.8299865722656,410.3999938964844,413.2900085449219,16316700
2025-02-06,MSFT,414.0,418.20001220703125,414.0,415.82000732421875,16309800
2025-02-07,MSFT,416.4800109863281,418.6499938964844,408.1000061035156,409.75,22886800
2025-02-10,MSFT,413.7099914550781,415.4599914550781,410.9200134277344,412.2200012207031,20817900
2025-02-11,MSFT,409.6400146484375,412.489990234375,409.29998779296875,411.44000244140625,18140600
2025-02-12,MSFT,407.2099914550781,410.75,404.3699951171875,409.0400085449219,19121700
2025-02-13,MSFT,407.0,411.0,406.3599853515625,410.5400085449219,23891700
2025-02-14,MSFT,407.7900085449219,408.9100036621094,405.8800048828125,408.42999267578125,22758500
2025-02-18,MSFT,408.0,410.6000061035156,406.5,409.6400146484375,21423100
2025-02-19,MSFT,407.8800048828125,415.489990234375,407.6499938964844,414.7699890136719,24114200
2025-02-20,MSFT,415.2900085449219,419.30999755859375,412.5400085449219,416.1300048828125,23508700
2025-02-21,MSFT,417.3399963378906,418.04998779296875,407.8900146484375,408.2099914550781,27524800
2025-02-24,MSFT,408.510009765625,409.3699951171875,399.32000732421875,404.0,26443700
2025-02-25,MSFT,401.1000061035156,401.9200134277344,396.70001220703125,397.8999938964844,29387400
2025-02-26,MSFT,398.010009765625,403.6000061035156,394.25,399.7300109863281,19619000
2025-02-27,MSFT,401.2699890136719,405.739990234375,392.1700134277344,392.5299987792969,21127400
2025-02-28,MSFT,392.6600036621094,397.6300048828125,386.57000732421875,396.989990234375,32845700
2025-03-03,MSFT,398.82000732421875,398.82000732421875,386.1600036621094,388.489990234375,23007700
2025-03-04,MSFT,383.3999938964844,392.5799865722656,381.0,388.6099853515625,29342900
2025-03-05,MSFT,389.3399963378906,401.6700134277344,388.80999755859375,401.0199890136719,23433100
2025-03-06,MSFT,394.2799987792969,402.1499938964844,392.67999267578125,396.8900146484375,23304600
2025-03-07,MSFT,392.32000732421875,394.79998779296875,385.5400085449219,393.30999755859375,22034100
2025-03-10,MSFT,385.8399963378906,386.3999938964844,377.2200012207031,380.1600036621094,32840100
2025-03-11,MSFT,379.0,386.0,376.9100036621094,380.45001220703125,30380200
2025-03-12,MSFT,382.95001220703125,385.2200012207031,378.95001220703125,383.2699890136719,24253600
2025-03-13,MSFT,383.1600036621094,385.32000732421875,377.45001220703125,378.7699890136719,20473000
2025-03-14,MSFT,379.7799987792969,390.2300109863281,379.510009765625,388.55999755859375,19952800
2025-03-17,MSFT,386.70001220703125,392.7099914550781,385.57000732421875,388.70001220703125,22474300
2025-03-18,MSFT,387.07000732421875,387.3699951171875,381.1000061035156,383.5199890136719,19486900
2025-03-19,MSFT,385.5299987792969,389.67999267578125,384.0,387.82000732421875,19185500
2025-03-20,MSFT,385.739990234375,391.7900085449219,383.2799987792969,386.8399963378906,18470500
2025-03-21,MSFT,383.2200012207031,391.739990234375,382.79998779296875,391.260009765625,39675900
2025-03-24,MSFT,395.3999938964844,395.3999938964844,389.80999755859375,393.0799865722656,21004500
2025-03-25,MSFT,393.9200134277344,396.3599853515625,392.6400146484375,395.1600036621094,15775000
2025-03-26,MSFT,395.0,395.30999755859375,388.57000732421875,389.9700012207031,16108400
2025-03-27,MSFT,390.1300048828125,392.239990234375,387.3999938964844,390.5799865722656,13766800
2025-03-28,MSFT,388.0799865722656,389.1300048828125,376.92999267578125,378.79998779296875,21632000
2025-03-31,MSFT,372.5400085449219,377.07000732421875,367.239990234375,375.3900146484375,35184700
2025-04-01,MSFT,374.6499938964844,382.8500061035156,373.2300109863281,382.19000244140625,19689500
2025-04-02,MSFT,377.9700012207031,385.0799865722656,376.6199951171875,382.1400146484375,16092600
2025-04-03,MSFT,374.7900085449219,377.4800109863281,369.3500061035156,373.1099853515625,30198000
2025-04-04,MSFT,364.1300048828125,374.5899963378906,359.4800109863281,359.8399963378906,49209900
2025-04-07,MSFT,350.8800048828125,371.0,344.7900085449219,357.8599853515625,50425000
2025-04-08,MSFT,368.260009765625,373.6499938964844,350.25,354.55999755859375,35868900
2025-04-09,MSFT,353.5400085449219,393.2300109863281,353.1000061035156,390.489990234375,50199700
2025-04-10,MSFT,382.05999755859375,383.8999938964844,367.79998779296875,381.3500061035156,38024400
2025-04-11,MSFT,380.6400146484375,390.04998779296875,378.8900146484375,388.45001220703125,23839200
2025-04-14,MSFT,393.2200012207031,394.6499938964844,384.2099914550781,387.80999755859375,19251200
2025-04-15,MSFT,388.510009765625,391.8900146484375,384.1600036621094,385.7300109863281,17199900
2025-04-16,MSFT,380.6700134277344,381.6099853515625,368.0,371.6099853515625,21967800
2025-04-17,MSFT,373.75,374.32000732421875,366.8900146484375,367.7799987792969,21120200
2025-04-21,MSFT,362.82000732421875,364.4800109863281,355.6700134277344,359.1199951171875,20807300
2025-04-22,MSFT,363.3800048828125,367.7699890136719,359.8599853515625,366.82000732421875,19485000
2025-04-23,MSFT,376.05999755859375,380.3900146484375,373.0199890136719,374.3900146484375,20545500
2025-04-24,MSFT,375.70001220703125,388.45001220703125,375.19000244140625,387.29998779296875,22232300
2025-04-25,MSFT,387.0,392.1600036621094,384.6000061035156,391.8500061035156,18973200
2025-04-28,MSFT,391.9599914550781,392.739990234375,386.6400146484375,391.1600036621094,16579400
2025-04-29,MSFT,391.29998779296875,395.1000061035156,390.3800048828125,394.0400085449219,14974000
2025-04-30,MSFT,390.29998779296875,396.6600036621094,384.44000244140625,395.260009765625,36461100
2025-05-01,MSFT,431.1099853515625,436.989990234375,424.8999938964844,425.3999938964844,58938100
2025-05-02,MSFT,431.739990234375,439.44000244140625,429.989990234375,435.2799987792969,30757400
2025-05-05,MSFT,432.8699951171875,439.5,432.1099853515625,436.1700134277344,20136100
2025-05-06,MSFT,432.20001220703125,437.7300109863281,431.1700134277344,433.30999755859375,15104200
2025-05-07,MSFT,433.8399963378906,438.1199951171875,431.1099853515625,433.3500061035156,23295300
2025-05-08,MSFT,437.92999267578125,443.6700134277344,435.6600036621094,438.1700134277344,23491300
2025-05-09,MSFT,440.0,440.739990234375,435.8800048828125,438.7300109863281,15324200
2025-05-12,MSFT,445.94000244140625,449.3699951171875,439.7799987792969,449.260009765625,22821900
2025-05-13,MSFT,447.7799987792969,450.6700134277344,445.3599853515625,449.1400146484375,23618800
2025-05-14,MSFT,448.1400146484375,453.8999938964844,448.1400146484375,452.94000244140625,19902800
2025-05-15,MSFT,450.7699890136719,456.19000244140625,450.42999267578125,453.1300048828125,21992300
2025-05-16,MSFT,452.04998779296875,454.3599853515625,448.7300109863281,454.2699890136719,23849800
2025-05-19,MSFT,450.8800048828125,459.5899963378906,450.79998779296875,458.8699951171875,21336500
2025-05-20,MSFT,455.5899963378906,458.3399963378906,454.32000732421875,458.1700134277344,15441800
2025-05-21,MSFT,454.57000732421875,457.7799987792969,451.80999755859375,452.57000732421875,19216900
2025-05-22,MSFT,454.95001220703125,460.25,453.8999938964844,454.8599853515625,18025600
2025-05-23,MSFT,449.9800109863281,453.69000244140625,448.9100036621094,450.17999267578125,16883500
2025-05-27,MSFT,456.4800109863281,460.95001220703125,456.1199951171875,460.69000244140625,20974300
2025-05-28,MSFT,461.2200012207031,462.5199890136719,456.92999267578125,457.3599853515625,17086300
2025-05-29,MSFT,461.54998779296875,461.7200012207031,455.30999755859375,458.67999267578125,13974800
2025-05-30,MSFT,459.7200012207031,461.67999267578125,455.5400085449219,460.3599853515625,34770500
2025-06-02,MSFT,457.1400146484375,462.1099853515625,456.8900146484375,461.9700012207031,16626500
2025-06-03,MSFT,461.4700012207031,464.1400146484375,460.8599853515625,462.9700012207031,15743800
2025-06-04,MSFT,464.0,465.69000244140625,463.0199890136719,463.8699951171875,14162700
2025-06-05,MSFT,464.9599914550781,469.6499938964844,464.0299987792969,467.67999267578125,20131700
2025-06-06,MSFT,470.0899963378906,473.3399963378906,468.7799987792969,470.3800048828125,15285600
2025-06-09,MSFT,469.70001220703125,473.42999267578125,468.6199951171875,472.75,16469900
2025-06-10,MSFT,471.19000244140625,472.79998779296875,466.9599914550781,470.9200134277344,15375900
2025-06-11,MSFT,470.0199890136719,475.4700012207031,469.6600036621094,472.6199951171875,16399200
2025-06-12,MSFT,475.0199890136719,480.4200134277344,473.5199890136719,478.8699951171875,18950600
2025-06-13,MSFT,476.4100036621094,479.17999267578125,472.760009765625,474.9599914550781,16814500
2025-06-16,MSFT,475.2099914550781,480.69000244140625,475.0,479.1400146484375,15626100
2025-06-17,MSFT,475.3999938964844,478.739990234375,474.0799865722656,478.0400085449219,15414100
2025-06-18,MSFT,478.0,481.0,474.4599914550781,480.239990234375,17526500
2025-06-20,MSFT,482.2300109863281,483.4599914550781,476.8699951171875,477.3999938964844,37576200
2025-06-23,MSFT,478.2099914550781,487.75,472.510009765625,486.0,24864000
2025-06-24,MSFT,488.95001220703125,491.8500061035156,486.79998779296875,490.1099853515625,22305600
2025-06-25,MSFT,492.0400085449219,494.55999755859375,489.3900146484375,492.2699890136719,17495100
2025-06-26,MSFT,492.9800109863281,498.0400085449219,492.80999755859375,497.45001220703125,21578900
2025-06-27,MSFT,497.54998779296875,499.29998779296875,493.0299987792969,495.94000244140625,34539200
2025-06-30,MSFT,497.0400085449219,500.760009765625,495.3299865722656,497.4100036621094,28369000
2025-07-01,MSFT,496.4700012207031,498.04998779296875,490.9800109863281,492.04998779296875,19945400
2025-07-02,MSFT,489.989990234375,493.5,488.70001220703125,491.0899963378906,16319600
2025-07-03,MSFT,493.80999755859375,500.1300048828125,493.44000244140625,498.8399963378906,13984800
2025-07-07,MSFT,497.3800048828125,498.75,495.2300109863281,497.7200012207031,13981600
2025-07-08,MSFT,497.239990234375,498.20001220703125,494.1099853515625,496.6199951171875,11846600
2025-07-09,MSFT,500.29998779296875,506.7799987792969,499.739990234375,503.510009765625,18659500
2025-07-10,MSFT,503.04998779296875,504.44000244140625,497.75,501.4800109863281,16492100
2025-07-11,MSFT,498.4700012207031,505.0299987792969,497.79998779296875,503.32000732421875,16459500
2025-07-14,MSFT,501.5199890136719,503.9700012207031,501.0299987792969,503.0199890136719,12058800
2025-07-15,MSFT,503.0199890136719,508.29998779296875,502.7900085449219,505.82000732421875,14927200
2025-07-16,MSFT,505.17999267578125,506.7200012207031,501.8900146484375,505.6199951171875,15154400
2025-07-17,MSFT,505.67999267578125,513.3699951171875,505.6199951171875,511.70001220703125,17503100
2025-07-18,MSFT,514.47998046875,514.6400146484375,507.42999267578125,510.04998779296875,21209700
2025-07-21,MSFT,506.7099914550781,512.0900268554688,505.54998779296875,510.05999755859375,14066800
2025-07-22,MSFT,510.9700012207031,511.20001220703125,505.2699890136719,505.2699890136719,13868600
2025-07-23,MSFT,506.75,506.7900085449219,500.70001220703125,505.8699951171875,16396600
2025-07-24,MSFT,508.7699890136719,513.6699829101562,507.29998779296875,510.8800048828125,16107000
2025-07-25,MSFT,512.469970703125,518.2899780273438,510.3599853515625,513.7100219726562,19125700
2025-07-28,MSFT,514.0800170898438,515.0,510.1199951171875,512.5,14308000
2025-07-29,MSFT,515.530029296875,517.6199951171875,511.55999755859375,512.5700073242188,16469200
2025-07-30,MSFT,515.1699829101562,515.9500122070312,509.44000244140625,513.239990234375,26380400
2025-07-31,MSFT,555.22998046875,555.4500122070312,531.9000244140625,533.5,51617300
2025-08-01,MSFT,535.0,535.7999877929688,520.8599853515625,524.1099853515625,28977600
2025-08-04,MSFT,528.27001953125,538.25,528.1300048828125,535.6400146484375,25349000
2025-08-05,MSFT,537.1799926757812,537.2999877929688,527.239990234375,527.75,19171600
2025-08-06,MSFT,530.9000244140625,531.7000122070312,524.030029296875,524.9400024414062,21355700
2025-08-07,MSFT,526.7999877929688,528.0900268554688,517.5499877929688,520.8400268554688,16079100
2025-08-08,MSFT,522.5999755859375,524.6599731445312,519.4099731445312,522.0399780273438,15531000
2025-08-11,MSFT,522.2999877929688,527.5900268554688,519.719970703125,521.77001953125,20194400
2025-08-12,MSFT,523.75,530.97998046875,522.7000122070312,529.239990234375,18667000
2025-08-13,MSFT,532.1099853515625,532.7000122070312,519.3699951171875,520.5800170898438,19619200
2025-08-14,MSFT,522.5599975585938,525.9500122070312,520.1400146484375,522.47998046875,20269100
2025-08-15,MSFT,522.77001953125,526.0999755859375,519.0800170898438,520.1699829101562,25213300
2025-08-18,MSFT,521.5900268554688,522.8200073242188,514.02001953125,517.0999755859375,23760600
2025-08-19,MSFT,515.0,515.1599731445312,508.54998779296875,509.7699890136719,21481000
2025-08-20,MSFT,509.8699951171875,511.0,504.44000244140625,505.7200012207031,27723000
2025-08-21,MSFT,503.69000244140625,507.6300048828125,502.7200012207031,504.239990234375,18443300
2025-08-22,MSFT,504.25,510.7300109863281,502.4100036621094,507.2300109863281,24324200
2025-08-25,MSFT,506.6300048828125,508.19000244140625,504.1199951171875,504.260009765625,21638600
2025-08-26,MSFT,504.3599853515625,504.9800109863281,498.510009765625,502.0400085449219,30835700
2025-08-27,MSFT,502.0,507.2900085449219,499.8999938964844,506.739990234375,17277900
2025-08-28,MSFT,507.0899963378906,511.0899963378906,505.5,509.6400146484375,18015600
2025-08-29,MSFT,508.6600036621094,509.6000061035156,504.489990234375,506.69000244140625,20961600
2025-09-02,MSFT,500.4700012207031,506.0,496.80999755859375,505.1199951171875,18128000
2025-09-03,MSFT,503.7900085449219,507.7900085449219,502.32000732421875,505.3500061035156,16345100
2025-09-04,MSFT,504.29998779296875,508.1499938964844,503.1499938964844,507.9700012207031,15509500
2025-09-05,MSFT,509.07000732421875,511.9700012207031,492.3699951171875,495.0,31994800
2025-09-08,MSFT,498.1099853515625,501.20001220703125,495.0299987792969,498.20001220703125,16771000
2025-09-09,MSFT,501.42999267578125,502.25,497.70001220703125,498.4100036621094,14410500
2025-09-10,MSFT,502.9800109863281,503.2300109863281,496.7200012207031,500.3699951171875,21611800
2025-09-11,MSFT,502.25,503.1700134277344,497.8800048828125,501.010009765625,18881600
2025-09-12,MSFT,506.6499938964844,512.5499877929688,503.8500061035156,509.8999938964844,23624900
2025-09-15,MSFT,508.7900085449219,515.469970703125,507.0,515.3599853515625,17143800
2025-09-16,MSFT,516.8800048828125,517.22998046875,508.6000061035156,509.0400085449219,19711900
2025-09-17,MSFT,510.6199951171875,511.2900085449219,505.92999267578125,510.0199890136719,15816600
2025-09-18,MSFT,511.489990234375,513.0700073242188,507.6600036621094,508.45001220703125,18913700
2025-09-19,MSFT,510.55999755859375,519.2999877929688,510.30999755859375,517.9299926757812,52474100
2025-09-22,MSFT,515.5900268554688,517.739990234375,512.5399780273438,514.4500122070312,20009300
2025-09-23,MSFT,513.7999877929688,514.5900268554688,507.30999755859375,509.2300109863281,19799600
2025-09-24,MSFT,510.3800048828125,512.47998046875,506.9200134277344,510.1499938964844,13533700
2025-09-25,MSFT,508.29998779296875,510.010009765625,505.0400085449219,507.0299987792969,15786500
2025-09-26,MSFT,510.05999755859375,513.9400024414062,506.6199951171875,511.4599914550781,16213100
2025-09-29,MSFT,511.5,516.8499755859375,508.8800048828125,514.5999755859375,17617800
2025-09-30,MSFT,513.239990234375,518.1599731445312,509.6600036621094,517.9500122070312,19728200
2025-10-01,MSFT,514.7999877929688,520.510009765625,511.69000244140625,519.7100219726562,22632300
2025-10-02,MSFT,517.6400146484375,521.5999755859375,510.67999267578125,515.739990234375,21222900
2025-10-03,MSFT,517.0999755859375,520.489990234375,515.0,517.3499755859375,15112300
2025-10-06,MSFT,518.6099853515625,531.030029296875,518.2000122070312,528.5700073242188,21388600
2025-10-07,MSFT,528.2899780273438,529.7999877929688,521.4400024414062,523.97998046875,14615200
2025-10-08,MSFT,523.280029296875,526.9500122070312,523.0900268554688,524.8499755859375,13363400
2025-10-09,MSFT,522.3400268554688,524.3300170898438,517.4000244140625,522.4000244140625,18343600
2025-10-10,MSFT,519.6400146484375,523.5800170898438,509.6300048828125,510.9599914550781,24133800
2025-10-13,MSFT,516.4099731445312,516.4099731445312,511.67999267578125,514.0499877929688,14284200
2025-10-14,MSFT,510.2300109863281,515.280029296875,506.0,513.5700073242188,14684300
2025-10-15,MSFT,514.9600219726562,517.1900024414062,510.0,513.4299926757812,14694700
2025-10-16,MSFT,512.5800170898438,516.8499755859375,508.1300048828125,511.6099853515625,15559600
2025-10-17,MSFT,509.0400085449219,515.47998046875,507.30999755859375,513.5800170898438,19867800
2025-10-20,MSFT,514.6099853515625,518.7000122070312,513.4299926757812,516.7899780273438,14665600
2025-10-21,MSFT,517.5,518.6900024414062,513.0399780273438,517.6599731445312,15586200
2025-10-22,MSFT,521.1500244140625,525.22998046875,517.7100219726562,520.5399780273438,18962700
2025-10-23,MSFT,522.4600219726562,523.9500122070312,518.6099853515625,520.5599975585938,14023500
2025-10-24,MSFT,522.7899780273438,525.3499755859375,520.7100219726562,523.6099853515625,15532400
2025-10-27,MSFT,531.780029296875,534.5800170898438,529.010009765625,531.52001953125,18734700
2025-10-28,MSFT,550.0,553.719970703125,540.77001953125,542.0700073242188,29986700
2025-10-29,MSFT,544.9400024414062,546.27001953125,536.72998046875,541.5499877929688,36023000
2025-10-30,MSFT,530.47998046875,534.969970703125,522.1199951171875,525.760009765625,41023100
2025-10-31,MSFT,528.8800048828125,529.3200073242188,515.0999755859375,517.8099975585938,34006400
2025-11-03,MSFT,519.8099975585938,524.9600219726562,514.5900268554688,517.030029296875,22374700
2025-11-04,MSFT,511.760009765625,515.5499877929688,507.8399963378906,514.3300170898438,20958700
2025-11-05,MSFT,513.2999877929688,514.8300170898438,506.5799865722656,507.1600036621094,23024300
2025-11-06,MSFT,505.6600036621094,505.70001220703125,495.80999755859375,497.1000061035156,27406500
2025-11-07,MSFT,496.95001220703125,499.3800048828125,493.25,496.82000732421875,24019800
2025-11-10,MSFT,500.0400085449219,506.8500061035156,498.79998779296875,506.0,26101500
2025-11-11,MSFT,504.79998779296875,509.6000061035156,502.3500061035156,508.67999267578125,17980000
2025-11-12,MSFT,509.3599853515625,511.6700134277344,499.1199951171875,511.1400146484375,26574900
2025-11-13,MSFT,510.30999755859375,513.5,501.2900085449219,503.2900085449219,25273100
2025-11-14,MSFT,498.2300109863281,511.6000061035156,497.44000244140625,510.17999267578125,28505700
2025-11-17,MSFT,508.45001220703125,512.1199951171875,504.9100036621094,507.489990234375,19092800
2025-11-18,MSFT,495.3699951171875,502.9800109863281,486.7799987792969,493.7900085449219,33815100
2025-11-19,MSFT,490.1000061035156,495.19000244140625,482.8299865722656,487.1199951171875,23245300
2025-11-20,MSFT,492.7099914550781,493.57000732421875,475.5,478.42999267578125,26802500
2025-11-21,MSFT,478.5,478.9200134277344,468.2699890136719,472.1199951171875,31769200
2025-11-24,MSFT,475.0,476.8999938964844,468.0199890136719,474.0,34421000
2025-11-25,MSFT,474.07000732421875,479.1499938964844,464.8900146484375,476.989990234375,28019800
2025-11-26,MSFT,486.30999755859375,488.30999755859375,481.20001220703125,485.5,25709100
2025-11-28,MSFT,487.6000061035156,492.6300048828125,486.6499938964844,492.010009765625,14386700
2025-12-01,MSFT,488.44000244140625,489.8599853515625,484.6499938964844,486.739990234375,23964000
2025-12-02,MSFT,486.7200012207031,493.5,486.32000732421875,490.0,19562700
2025-12-03,MSFT,476.32000732421875,484.239990234375,475.20001220703125,477.7300109863281,34615100
2025-12-04,MSFT,479.760009765625,481.32000732421875,476.489990234375,480.8399963378906,22318200
2025-12-05,MSFT,482.5199890136719,483.3999938964844,478.8800048828125,483.1600036621094,22608700
2025-12-08,MSFT,484.8900146484375,492.29998779296875,484.3800048828125,491.0199890136719,21965900
2025-12-09,MSFT,489.1000061035156,492.1199951171875,488.5,492.0199890136719,14696100
2025-12-10,MSFT,484.0299987792969,484.25,475.0799865722656,478.55999755859375,35756200
2025-12-11,MSFT,476.6300048828125,486.0299987792969,475.8599853515625,483.4700012207031,24669200
2025-12-12,MSFT,479.82000732421875,482.45001220703125,476.3399963378906,478.5299987792969,21248100
2025-12-15,MSFT,480.1000061035156,480.7200012207031,472.5199890136719,474.82000732421875,23727700
2025-12-16,MSFT,471.9100036621094,477.8900146484375,470.8800048828125,476.3900146484375,20705600
2025-12-17,MSFT,476.9100036621094,480.0,475.0,476.1199951171875,24527200
2025-12-18,MSFT,478.19000244140625,489.6000061035156,477.8900146484375,483.9800109863281,28573500
2025-12-19,MSFT,487.3599853515625,487.8500061035156,482.489990234375,485.9200134277344,70836100
2025-12-22,MSFT,486.1199951171875,488.7300109863281,482.69000244140625,484.9200134277344,16963000
2025-12-23,MSFT,484.9800109863281,487.8299865722656,484.739990234375,486.8500061035156,14683600
2025-12-24,MSFT,485.67999267578125,489.1600036621094,484.8299865722656,488.0199890136719,5855900
2025-12-26,MSFT,486.7099914550781,488.1199951171875,485.9599914550781,487.7099914550781,8842200
2025-12-29,MSFT,484.8599853515625,488.3500061035156,484.17999267578125,487.1000061035156,10893400
2025-12-30,MSFT,485.92999267578125,489.67999267578125,485.5,487.4800109863281,13944500
2023-01-03,NVDA,14.85099983215332,14.996000289916992,14.095999717712402,14.3149995803833,401277000
2023-01-04,NVDA,14.567000389099121,14.852999687194824,14.241000175476074,14.74899959564209,431324000
2023-01-05,NVDA,14.491000175476074,14.564000129699707,14.14799976348877,14.265000343322754,389168000
2023-01-06,NVDA,14.473999977111816,15.010000228881836,14.034000396728516,14.859000205993652,405044000
2023-01-09,NVDA,15.284000396728516,16.055999755859375,15.140999794006348,15.628000259399414,504231000
2023-01-10,NVDA,15.506999969482422,15.961999893188477,15.472000122070312,15.909000396728516,384101000
2023-01-11,NVDA,15.84000015258789,16.027999877929688,15.562999725341797,16.000999450683594,353285000
2023-01-12,NVDA,16.100000381469727,16.636999130249023,15.491999626159668,16.51099967956543,551409000
2023-01-13,NVDA,16.277999877929688,16.922000885009766,16.165000915527344,16.89900016784668,447287000
2023-01-17,NVDA,16.89900016784668,17.72800064086914,16.89900016784668,17.70199966430664,511102000
2023-01-18,NVDA,17.66699981689453,17.87299919128418,17.281999588012695,17.37700080871582,439624000
2023-01-19,NVDA,17.035999298095703,17.19700050354004,16.731000900268555,16.764999389648438,452932000
2023-01-20,NVDA,17.01099967956543,17.856000900268555,16.825000762939453,17.839000701904297,564967000
2023-01-23,NVDA,18.06399917602539,19.2450008392334,17.81800079345703,19.19300079345703,655163000
2023-01-24,NVDA,18.82699966430664,19.4950008392334,18.81999969482422,19.264999389648438,496204000
2023-01-25,NVDA,18.913000106811523,19.3700008392334,18.579999923706055,19.322999954223633,449537000
2023-01-26,NVDA,19.701000213623047,20.166000366210938,19.277999877929688,19.802000045776367,489535000
2023-01-27,NVDA,19.461999893188477,20.628000259399414,19.405000686645508,20.364999771118164,542142000
2023-01-30,NVDA,19.950000762939453,20.139999389648438,19.149999618530273,19.16200065612793,488611000
2023-01-31,NVDA,19.170000076293945,19.687000274658203,18.950000762939453,19.53700065612793,498017000
2023-02-01,NVDA,19.69099998474121,21.191999435424805,19.611000061035156,20.94300079345703,660477000
2023-02-02,NVDA,21.0,21.948999404907227,20.700000762939453,21.708999633789062,564276000
2023-02-03,NVDA,21.0,21.7450008392334,20.788999557495117,21.100000381469727,429366000
2023-02-06,NVDA,20.805999755859375,21.56999969482422,20.785999298095703,21.089000701904297,452197000
2023-02-07,NVDA,21.381999969482422,22.259000778198242,21.149999618530273,22.17300033569336,664150000
2023-02-08,NVDA,22.386999130249023,22.878000259399414,22.007999420166016,22.204999923706055,559651000
2023-02-09,NVDA,22.606000900268555,23.020000457763672,22.1200008392334,22.336999893188477,523876000
2023-02-10,NVDA,21.690000534057617,22.077999114990234,20.81100082397461,21.264999389648438,550737000
2023-02-13,NVDA,21.538000106811523,22.04800033569336,20.961999893188477,21.788000106811523,474919000
2023-02-14,NVDA,21.577999114990234,23.048999786376953,21.365999221801758,22.97100067138672,675474000
2023-02-15,NVDA,22.548999786376953,22.854999542236328,22.106000900268555,22.763999938964844,420575000
2023-02-16,NVDA,22.132999420166016,22.549999237060547,21.927000045776367,22.00200080871582,412026000
2023-02-17,NVDA,21.631000518798828,21.739999771118164,20.975000381469727,21.38800048828125,465888000
2023-02-21,NVDA,21.0,21.493999481201172,20.618000030517578,20.655000686645508,410015000
2023-02-22,NVDA,20.707000732421875,21.104000091552734,20.42099952697754,20.753999710083008,513184000
2023-02-23,NVDA,23.440000534057617,23.88800048828125,23.024999618530273,23.663999557495117,1117995000
2023-02-24,NVDA,23.225000381469727,23.474000930786133,22.94700050354004,23.285999298095703,589716000
2023-02-27,NVDA,23.670000076293945,23.8799991607666,23.45400047302246,23.500999450683594,452994000
2023-02-28,NVDA,23.371999740600586,23.825000762939453,23.20599937438965,23.215999603271484,455963000
2023-03-01,NVDA,23.191999435424805,23.256000518798828,22.507999420166016,22.697999954223633,460026000
2023-03-02,NVDA,22.488000869750977,23.3799991607666,22.43199920654297,23.31399917602539,389415000
2023-03-03,NVDA,23.31999969482422,23.899999618530273,23.1299991607666,23.889999389648438,412393000
2023-03-06,NVDA,23.891000747680664,24.24799919128418,23.48699951171875,23.554000854492188,437429000
2023-03-07,NVDA,23.600000381469727,24.125,23.240999221801758,23.288000106811523,515154000
2023-03-08,NVDA,23.48699951171875,24.200000762939453,23.423999786376953,24.180999755859375,513573000
2023-03-09,NVDA,24.174999237060547,24.45400047302246,23.382999420166016,23.43600082397461,501257000
2023-03-10,NVDA,23.409000396728516,23.62700080871582,22.72599983215332,22.96500015258789,474866000
2023-03-13,NVDA,22.75200080871582,23.29800033569336,22.297000885009766,22.965999603271484,421890000
2023-03-14,NVDA,23.496000289916992,24.2189998626709,23.459999084472656,24.062999725341797,474910000
2023-03-15,NVDA,23.76099967956543,24.285999298095703,23.360000610351562,24.22800064086914,524486000
2023-03-16,NVDA,24.027000427246094,25.58799934387207,23.893999099731445,25.541000366210938,583253000
2023-03-17,NVDA,25.98200035095215,26.39900016784668,25.667999267578125,25.725000381469727,848547000
2023-03-20,NVDA,25.614999771118164,26.02400016784668,25.1299991607666,25.899999618530273,432747000
2023-03-21,NVDA,26.18000030517578,26.392000198364258,25.381000518798828,26.198999404907227,547408000
2023-03-22,NVDA,26.424999237060547,27.589000701904297,26.23699951171875,26.468000411987305,797295000
2023-03-23,NVDA,27.114999771118164,27.499000549316406,26.690000534057617,27.19099998474121,564889000
2023-03-24,NVDA,27.0310001373291,27.16699981689453,26.354999542236328,26.77899932861328,454920000
2023-03-27,NVDA,26.836999893188477,27.0,26.364999771118164,26.5310001373291,361026000
2023-03-28,NVDA,26.44700050354004,26.51300048828125,25.850000381469727,26.40999984741211,356104000
2023-03-29,NVDA,26.825000762939453,27.077999114990234,26.597000122070312,26.983999252319336,393694000
2023-03-30,NVDA,27.229000091552734,27.499000549316406,27.101999282836914,27.382999420166016,364516000
2023-03-31,NVDA,27.139999389648438,27.833999633789062,27.104999542236328,27.777000427246094,433933000
2023-04-03,NVDA,27.509000778198242,28.0,27.336000442504883,27.96500015258789,398716000
2023-04-04,NVDA,27.965999603271484,28.0,27.30699920654297,27.452999114990234,368592000
2023-04-05,NVDA,26.82900047302246,26.99799919128418,26.395000457763672,26.881000518798828,515015000
2023-04-06,NVDA,26.583999633789062,27.079999923706055,26.427000045776367,27.03700065612793,397654000
2023-04-10,NVDA,26.822999954223633,27.621000289916992,26.66900062561035,27.57900047302246,395279000
2023-04-11,NVDA,27.724000930786133,27.790000915527344,27.125999450683594,27.16900062561035,314378000
2023-04-12,NVDA,27.3700008392334,27.468000411987305,26.447999954223633,26.4950008392334,446259000
2023-04-13,NVDA,26.733999252319336,26.886999130249023,26.32900047302246,26.46299934387207,353615000
2023-04-14,NVDA,26.503999710083008,26.882999420166016,26.219999313354492,26.757999420166016,395660000
2023-04-17,NVDA,26.565000534057617,27.006000518798828,26.433000564575195,27.00200080871582,321471000
2023-04-18,NVDA,27.533000946044922,28.110000610351562,27.35700035095215,27.66699981689453,604812000
2023-04-19,NVDA,27.361000061035156,28.0,27.23200035095215,27.930999755859375,358660000
2023-04-20,NVDA,27.67099952697754,28.030000686645508,27.0,27.104000091552734,427713000
2023-04-21,NVDA,26.95199966430664,27.183000564575195,26.722000122070312,27.118999481201172,345103000
2023-04-24,NVDA,27.01300048828125,27.365999221801758,26.67099952697754,27.04199981689453,339282000
2023-04-25,NVDA,27.077999114990234,27.246999740600586,26.225000381469727,26.240999221801758,378527000
2023-04-26,NVDA,27.00200080871582,27.329999923706055,26.704999923706055,26.95599937438965,406337000
2023-04-27,NVDA,27.363000869750977,27.4950008392334,26.625,27.22599983215332,377161000
2023-04-28,NVDA,27.225000381469727,27.757999420166016,27.070999145507812,27.749000549316406,292216000
2023-05-01,NVDA,27.84000015258789,29.058000564575195,27.780000686645508,28.90999984741211,570329000
2023-05-02,NVDA,28.68000030517578,28.836000442504883,28.08300018310547,28.209999084472656,402730000
2023-05-03,NVDA,27.84000015258789,28.367000579833984,27.472000122070312,27.802000045776367,383387000
2023-05-04,NVDA,27.650999069213867,27.858999252319336,27.239999771118164,27.562000274658203,321850000
2023-05-05,NVDA,27.826000213623047,28.7549991607666,27.731000900268555,28.68000030517578,361494000
2023-05-08,NVDA,28.52199935913086,29.219999313354492,28.350000381469727,29.150999069213867,344979000
2023-05-09,NVDA,28.89900016784668,28.972999572753906,28.450000762939453,28.570999145507812,314869000
2023-05-10,NVDA,29.0049991607666,29.113000869750977,28.461000442504883,28.885000228881836,369350000
2023-05-11,NVDA,28.895999908447266,28.950000762939453,28.246000289916992,28.577999114990234,322149000
2023-05-12,NVDA,28.52899932861328,28.780000686645508,28.04599952697754,28.34000015258789,274222000
2023-05-15,NVDA,28.507999420166016,28.9689998626709,28.152000427246094,28.952999114990234,293926000
2023-05-16,NVDA,28.840999603271484,29.8700008392334,28.832000732421875,29.21299934387207,449405000
2023-05-17,NVDA,29.583999633789062,30.198999404907227,29.43000030517578,30.17799949645996,432535000
2023-05-18,NVDA,30.40999984741211,31.827999114990234,30.31999969482422,31.67799949645996,748725000
2023-05-19,NVDA,31.535999298095703,31.579999923706055,30.916000366210938,31.263999938964844,473908000
2023-05-22,NVDA,30.900999069213867,31.520000457763672,30.68000030517578,31.176000595092773,372000000
2023-05-23,NVDA,31.0,31.288000106811523,30.631000518798828,30.687999725341797,356253000
2023-05-24,NVDA,30.209999084472656,30.60700035095215,29.805999755859375,30.538000106811523,721419000
2023-05-25,NVDA,38.52299880981445,39.47999954223633,36.6349983215332,37.97999954223633,1543911000
2023-05-26,NVDA,37.88999938964844,39.16999816894531,37.54999923706055,38.94599914550781,714397000
2023-05-30,NVDA,40.595001220703125,41.9379997253418,39.94900131225586,40.111000061035156,923401000
2023-05-31,NVDA,39.487998962402344,40.29499816894531,37.821998596191406,37.83399963378906,1002580000
2023-06-01,NVDA,38.48899841308594,40.04999923706055,38.34000015258789,39.77000045776367,635873000
2023-06-02,NVDA,40.09700012207031,40.5,39.05799865722656,39.32699966430664,482731000
2023-06-05,NVDA,38.909000396728516,39.564998626708984,38.707000732421875,39.17100143432617,396094000
2023-06-06,NVDA,38.83000183105469,39.15999984741211,38.14799880981445,38.65399932861328,388729000
2023-06-07,NVDA,38.915000915527344,39.499000549316406,37.35599899291992,37.474998474121094,511998000
2023-06-08,NVDA,37.7239990234375,38.86399841308594,37.505001068115234,38.5099983215332,417772000
2023-06-09,NVDA,39.0369987487793,39.71099853515625,38.56700134277344,38.77000045776367,427717000
2023-06-12,NVDA,39.20000076293945,39.529998779296875,38.61800003051758,39.481998443603516,388701000
2023-06-13,NVDA,40.18600082397461,41.10100173950195,39.7400016784668,41.02199935913086,613208000
2023-06-14,NVDA,40.82400131225586,43.0,40.551998138427734,42.99700164794922,740465000
2023-06-15,NVDA,42.60200119018555,43.28900146484375,42.14699935913086,42.65299987792969,568622000
2023-06-16,NVDA,43.45000076293945,43.72100067138672,42.6609992980957,42.69200134277344,655709000
2023-06-20,NVDA,42.99800109863281,43.9900016784668,42.67399978637695,43.80799865722656,451153000
2023-06-21,NVDA,43.500999450683594,43.6150016784668,42.08000183105469,43.04499816894531,551603000
2023-06-22,NVDA,42.25299835205078,43.42599868774414,42.23400115966797,43.025001525878906,417737000
2023-06-23,NVDA,42.4640007019043,42.808998107910156,42.01499938964844,42.20899963378906,358140000
2023-06-26,NVDA,42.46099853515625,42.763999938964844,40.099998474121094,40.63199996948242,594322000
2023-06-27,NVDA,40.79899978637695,41.939998626708984,40.448001861572266,41.875999450683594,462175000
2023-06-28,NVDA,40.65999984741211,41.845001220703125,40.518001556396484,41.117000579833984,582639000
2023-06-29,NVDA,41.55799865722656,41.599998474121094,40.599998474121094,40.821998596191406,380514000
2023-06-30,NVDA,41.68000030517578,42.54999923706055,41.500999450683594,42.301998138427734,501148000
2023-07-03,NVDA,42.516998291015625,42.89799880981445,42.20199966430664,42.41299819946289,198209000
2023-07-05,NVDA,42.1349983215332,43.176998138427734,42.084999084472656,42.31700134277344,323618000
2023-07-06,NVDA,41.84400177001953,42.17900085449219,41.34600067138672,42.10300064086914,303582000
2023-07-07,NVDA,42.321998596191406,43.2140007019043,42.18000030517578,42.50299835205078,355881000
2023-07-10,NVDA,42.65700149536133,42.81100082397461,41.64899826049805,42.18000030517578,353908000
2023-07-11,NVDA,42.48099899291992,42.757999420166016,42.06700134277344,42.404998779296875,298244000
2023-07-12,NVDA,43.03300094604492,43.935001373291016,42.777000427246094,43.902000427246094,481277000
2023-07-13,NVDA,44.518001556396484,46.154998779296875,44.492000579833984,45.97700119018555,478204000
2023-07-14,NVDA,46.58300018310547,48.0880012512207,45.060001373291016,45.46900177001953,772075000
2023-07-17,NVDA,46.28900146484375,46.49599838256836,45.262001037597656,46.46099853515625,510488000
2023-07-18,NVDA,46.70100021362305,47.895999908447266,45.73400115966797,47.49399948120117,569164000
2023-07-19,NVDA,47.4640007019043,47.81800079345703,46.742000579833984,47.07699966430664,427502000
2023-07-20,NVDA,46.50699996948242,47.08700180053711,45.0620002746582,45.52000045776367,537865000
2023-07-21,NVDA,45.78799819946289,45.86600112915039,44.099998474121094,44.308998107910156,963769000
2023-07-24,NVDA,44.73099899291992,45.10900115966797,44.040000915527344,44.61199951171875,382516000
2023-07-25,NVDA,44.941001892089844,46.18299865722656,44.92300033569336,45.67900085449219,348081000
2023-07-26,NVDA,46.020999908447266,46.053001403808594,44.630001068115234,45.45199966430664,364237000
2023-07-27,NVDA,46.51900100708008,47.39500045776367,45.75,45.900001525878906,455976000
2023-07-28,NVDA,46.667999267578125,47.027000427246094,46.38100051879883,46.75,331194000
2023-07-31,NVDA,46.75400161743164,47.130001068115234,46.50600051879883,46.729000091552734,251055000
2023-08-01,NVDA,46.459999084472656,46.900001525878906,46.027000427246094,46.50699996948242,237858000
2023-08-02,NVDA,45.83100128173828,45.84000015258789,43.387001037597656,44.26900100708008,530142000
2023-08-03,NVDA,43.79999923706055,45.11800003051758,43.79999923706055,44.51499938964844,324176000
2023-08-04,NVDA,44.98500061035156,45.641998291015625,44.393001556396484,44.68000030517578,362666000
2023-08-07,NVDA,45.111000061035156,45.540000915527344,44.5629997253418,45.41699981689453,322154000
2023-08-08,NVDA,44.85300064086914,45.242000579833984,44.055999755859375,44.66400146484375,353843000
2023-08-09,NVDA,44.27399826049805,44.3120002746582,42.13399887084961,42.55400085449219,586449000
2023-08-10,NVDA,42.15999984741211,43.57400131225586,41.834999084472656,42.38800048828125,492705000
2023-08-11,NVDA,41.750999450683594,42.018001556396484,40.638999938964844,40.85499954223633,533085000
2023-08-14,NVDA,40.486000061035156,43.79999923706055,40.31100082397461,43.75299835205078,690286000
2023-08-15,NVDA,44.560001373291016,45.268001556396484,43.709999084472656,43.939998626708984,676512000
2023-08-16,NVDA,44.52000045776367,44.67499923706055,43.40599822998047,43.486000061035156,527451000
2023-08-17,NVDA,43.970001220703125,44.0620002746582,43.000999450683594,43.34400177001953,452395000
2023-08-18,NVDA,42.6349983215332,43.577999114990234,41.65999984741211,43.29899978637695,583768000
2023-08-21,NVDA,44.49399948120117,47.064998626708984,44.22200012207031,46.96699905395508,692573000
2023-08-22,NVDA,48.1349983215332,48.1870002746582,45.33300018310547,45.667999267578125,755293000
2023-08-23,NVDA,45.86600112915039,47.20000076293945,45.20800018310547,47.11600112915039,779046000
2023-08-24,NVDA,50.215999603271484,50.26599884033203,47.159000396728516,47.16299819946289,1156044000
2023-08-25,NVDA,47.012001037597656,47.80500030517578,45.02399826049805,46.018001556396484,925341000
2023-08-28,NVDA,46.481998443603516,46.97999954223633,44.88800048828125,46.834999084472656,685192000
2023-08-29,NVDA,46.66600036621094,49.08100128173828,46.39099884033203,48.784000396728516,701397000
2023-08-30,NVDA,49.04399871826172,49.926998138427734,48.42499923706055,49.263999938964844,735206000
2023-08-31,NVDA,49.380001068115234,49.74399948120117,48.95800018310547,49.35499954223633,528570000
2023-09-01,NVDA,49.762001037597656,49.79999923706055,48.141998291015625,48.50899887084961,463830000
2023-09-05,NVDA,48.222999572753906,48.85100173950195,47.86000061035156,48.54800033569336,382653000
2023-09-06,NVDA,48.441001892089844,48.54899978637695,46.58000183105469,47.06100082397461,468670000
2023-09-07,NVDA,45.525001525878906,46.34400177001953,45.152000427246094,46.24100112915039,433330000
2023-09-08,NVDA,45.94200134277344,46.60599899291992,45.270999908447266,45.571998596191406,473069000
2023-09-11,NVDA,46.14799880981445,46.16299819946289,44.3120002746582,45.178001403808594,473966000
2023-09-12,NVDA,44.737998962402344,45.67300033569336,44.53099822998047,44.869998931884766,349256000
2023-09-13,NVDA,44.599998474121094,45.93000030517578,44.50299835205078,45.48500061035156,398355000
2023-09-14,NVDA,45.95000076293945,45.98699951171875,45.13100051879883,45.58100128173828,370097000
2023-09-15,NVDA,45.340999603271484,45.5989990234375,43.80799865722656,43.900001525878906,506831000
2023-09-18,NVDA,42.74800109863281,44.242000579833984,42.0,43.965999603271484,500271000
2023-09-19,NVDA,43.83300018310547,43.965999603271484,43.00199890136719,43.52000045776367,373064000
2023-09-20,NVDA,43.599998474121094,43.90299987792969,42.222999572753906,42.23899841308594,367108000
2023-09-21,NVDA,41.58300018310547,42.099998474121094,40.97999954223633,41.016998291015625,450736000
2023-09-22,NVDA,41.571998596191406,42.1150016784668,41.23099899291992,41.61000061035156,479236000
2023-09-25,NVDA,41.590999603271484,42.5359992980957,41.176998138427734,42.22200012207031,419091000
2023-09-26,NVDA,42.000999450683594,42.81999969482422,41.654998779296875,41.9109992980957,402282000
2023-09-27,NVDA,42.33000183105469,42.87200164794922,41.62900161743164,42.46799850463867,444935000
2023-09-28,NVDA,42.459999084472656,43.44599914550781,42.1150016784668,43.0890007019043,424663000
2023-09-29,NVDA,43.82699966430664,44.14400100708008,43.30699920654297,43.499000549316406,397830000
2023-10-02,NVDA,44.029998779296875,45.17499923706055,43.861000061035156,44.78200149536133,433298000
2023-10-03,NVDA,44.80799865722656,45.130001068115234,43.24599838256836,43.516998291015625,470850000
2023-10-04,NVDA,43.742000579833984,44.143001556396484,43.29199981689453,44.04100036621094,361821000
2023-10-05,NVDA,44.04999923706055,44.900001525878906,43.88800048828125,44.6879997253418,393483000
2023-10-06,NVDA,44.19300079345703,45.78900146484375,44.0260009765625,45.762001037597656,434436000
2023-10-09,NVDA,44.84199905395508,45.60499954223633,44.36800003051758,45.27299880981445,409675000
2023-10-10,NVDA,45.310001373291016,46.25899887084961,45.0880012512207,45.79800033569336,368582000
2023-10-11,NVDA,46.19599914550781,46.85900115966797,46.04999923706055,46.805999755859375,378137000
2023-10-12,NVDA,46.777000427246094,47.60900115966797,46.33000183105469,46.94499969482422,481325000
2023-10-13,NVDA,46.959999084472656,47.11600112915039,45.279998779296875,45.46099853515625,474115000
2023-10-16,NVDA,45.0629997253418,46.224998474121094,44.9119987487793,46.095001220703125,375099000
2023-10-17,NVDA,44.0,44.75400161743164,42.47999954223633,43.9379997253418,812333000
2023-10-18,NVDA,42.590999603271484,43.21900177001953,41.82500076293945,42.19599914550781,627294000
2023-10-19,NVDA,42.81100082397461,43.297000885009766,41.88199996948242,42.10100173950195,501233000
2023-10-20,NVDA,41.88999938964844,42.470001220703125,41.077999114990234,41.387001037597656,477266000
2023-10-23,NVDA,41.229000091552734,43.24800109863281,40.94499969482422,42.974998474121094,478530000
2023-10-24,NVDA,43.07699966430664,43.696998596191406,42.691001892089844,43.66299819946289,401463000
2023-10-25,NVDA,43.39799880981445,43.650001525878906,41.55500030517578,41.77899932861328,398379000
2023-10-26,NVDA,41.85300064086914,42.25600051879883,39.880001068115234,40.32600021362305,541001000
2023-10-27,NVDA,41.130001068115234,41.20600128173828,40.01499938964844,40.5,416784000
2023-10-30,NVDA,41.08700180053711,41.76599884033203,40.48099899291992,41.1609992980957,388028000
2023-10-31,NVDA,40.45000076293945,40.87900161743164,39.22999954223633,40.779998779296875,517969000
2023-11-01,NVDA,40.88399887084961,42.38100051879883,40.86899948120117,42.32500076293945,437593000
2023-11-02,NVDA,43.327999114990234,43.88399887084961,42.89400100708008,43.50600051879883,409172000
2023-11-03,NVDA,44.02000045776367,45.308998107910156,43.722999572753906,45.005001068115234,424610000
2023-11-06,NVDA,45.28499984741211,45.935001373291016,44.89899826049805,45.750999450683594,400733000
2023-11-07,NVDA,45.71900177001953,46.21799850463867,45.15800094604492,45.95500183105469,343165000
2023-11-08,NVDA,46.099998474121094,46.867000579833984,45.96799850463867,46.57400131225586,346719000
2023-11-09,NVDA,47.46699905395508,48.22999954223633,46.75,46.95000076293945,540496000
2023-11-10,NVDA,47.5,48.47200012207031,47.28300094604492,48.334999084472656,421245000
2023-11-13,NVDA,48.31999969482422,49.11600112915039,48.0989990234375,48.619998931884766,384136000
2023-11-14,NVDA,49.68000030517578,49.83399963378906,49.040000915527344,49.65599822998047,416954000
2023-11-15,NVDA,49.935001373291016,49.959999084472656,48.20000076293945,48.88800048828125,475497000
2023-11-16,NVDA,48.67900085449219,49.525001525878906,48.33000183105469,49.47999954223633,339756000
2023-11-17,NVDA,49.52399826049805,49.71699905395508,49.00699996948242,49.29800033569336,325205000
2023-11-20,NVDA,49.3120002746582,50.54800033569336,49.180999755859375,50.409000396728516,414120000
2023-11-21,NVDA,50.125999450683594,50.516998291015625,49.22200012207031,49.944000244140625,565747000
2023-11-22,NVDA,49.85200119018555,50.334999084472656,47.689998626708984,48.715999603271484,899420000
2023-11-24,NVDA,48.470001220703125,48.92100143432617,47.744998931884766,47.7760009765625,294645000
2023-11-27,NVDA,47.79999923706055,48.529998779296875,47.652000427246094,48.242000579833984,395662000
2023-11-28,NVDA,48.236000061035156,48.323001861572266,47.472999572753906,47.82099914550781,401491000
2023-11-29,NVDA,48.37900161743164,48.762001037597656,47.86000061035156,48.13999938964844,382005000
2023-11-30,NVDA,48.02399826049805,48.11000061035156,46.422000885009766,46.77000045776367,526247000
2023-12-01,NVDA,46.525001525878906,47.20000076293945,46.1870002746582,46.76499938964844,369317000
2023-12-04,NVDA,46.07699966430664,46.07699966430664,45.0099983215332,45.5099983215332,437543000
2023-12-05,NVDA,45.465999603271484,46.599998474121094,45.270999908447266,46.566001892089844,371718000
2023-12-06,NVDA,47.21500015258789,47.387001037597656,45.4119987487793,45.50299835205078,380590000
2023-12-07,NVDA,45.70000076293945,46.62900161743164,45.604000091552734,46.59600067138672,350823000
2023-12-08,NVDA,46.595001220703125,47.74100112915039,46.54999923706055,47.50600051879883,359224000
2023-12-11,NVDA,47.49100112915039,47.53099822998047,45.83000183105469,46.62699890136719,509728000
2023-12-12,NVDA,46.04600143432617,47.66600036621094,46.04600143432617,47.65700149536133,372387000
2023-12-13,NVDA,47.62900161743164,48.59400177001953,47.608001708984375,48.0880012512207,447792000
2023-12-14,NVDA,48.38999938964844,48.66999816894531,47.422000885009766,48.349998474121094,391232000
2023-12-15,NVDA,48.194000244140625,49.40399932861328,48.119998931884766,48.88999938964844,479948000
2023-12-18,NVDA,49.400001525878906,50.43299865722656,49.150001525878906,50.07699966430664,412587000
2023-12-19,NVDA,49.42399978637695,49.70000076293945,48.89500045776367,49.604000091552734,464444000
2023-12-20,NVDA,49.654998779296875,49.999000549316406,48.097999572753906,48.111000061035156,397894000
2023-12-21,NVDA,48.81100082397461,49.095001220703125,48.41899871826172,48.9900016784668,300425000
2023-12-22,NVDA,49.19499969482422,49.382999420166016,48.46699905395508,48.83000183105469,252507000
2023-12-26,NVDA,48.96799850463867,49.599998474121094,48.959999084472656,49.27899932861328,244200000
2023-12-27,NVDA,49.51100158691406,49.68000030517578,49.084999084472656,49.41699981689453,233648000
2023-12-28,NVDA,49.643001556396484,49.88399887084961,49.4119987487793,49.52199935913086,246587000
2023-12-29,NVDA,49.8129997253418,49.99700164794922,48.750999450683594,49.52199935913086,389293000
2024-01-02,NVDA,49.24399948120117,49.29499816894531,47.595001220703125,48.167999267578125,411254000
2024-01-03,NVDA,47.48500061035156,48.183998107910156,47.31999969482422,47.569000244140625,320896000
2024-01-04,NVDA,47.766998291015625,48.5,47.507999420166016,47.99800109863281,306535000
2024-01-05,NVDA,48.46200180053711,49.547000885009766,48.305999755859375,49.09700012207031,415039000
2024-01-08,NVDA,49.512001037597656,52.275001525878906,49.479000091552734,52.25299835205078,642510000
2024-01-09,NVDA,52.4010009765625,54.32500076293945,51.689998626708984,53.13999938964844,773100000
2024-01-10,NVDA,53.61600112915039,54.599998474121094,53.48899841308594,54.349998474121094,533796000
2024-01-11,NVDA,54.999000549316406,55.34600067138672,53.560001373291016,54.821998596191406,596759000
2024-01-12,NVDA,54.619998931884766,54.970001220703125,54.33000183105469,54.709999084472656,352994000
2024-01-16,NVDA,55.018001556396484,56.834999084472656,54.900001525878906,56.38199996948242,449580000
2024-01-17,NVDA,56.34700012207031,56.47100067138672,54.7400016784668,56.053001403808594,474394000
2024-01-18,NVDA,57.2599983215332,57.599998474121094,56.106998443603516,57.106998443603516,491650000
2024-01-19,NVDA,57.98899841308594,59.5,57.224998474121094,59.49100112915039,543501000
2024-01-22,NVDA,60.04899978637695,60.33100128173828,59.06999969482422,59.65399932861328,452955000
2024-01-23,NVDA,59.56999969482422,59.90999984741211,58.584999084472656,59.87300109863281,294654000
2024-01-24,NVDA,60.30400085449219,62.8489990234375,59.9379997253418,61.36199951171875,560271000
2024-01-25,NVDA,62.349998474121094,62.71900177001953,60.849998474121094,61.617000579833984,482777000
2024-01-26,NVDA,60.959999084472656,61.78300094604492,60.573001861572266,61.03099822998047,390309000
2024-01-29,NVDA,61.231998443603516,62.48899841308594,60.90700149536133,62.46500015258789,348733000
2024-01-30,NVDA,62.900001525878906,63.49300003051758,62.2599983215332,62.77399826049805,410735000
2024-01-31,NVDA,61.439998626708984,62.26900100708008,60.70000076293945,61.527000427246094,453795000
2024-02-01,NVDA,62.099998474121094,63.191001892089844,61.650001525878906,63.027000427246094,369146000
2024-02-02,NVDA,63.9739990234375,66.5999984741211,63.689998626708984,66.16000366210938,476578000
2024-02-05,NVDA,68.2249984741211,69.49700164794922,67.20500183105469,69.33200073242188,680078000
2024-02-06,NVDA,69.62999725341797,69.75399780273438,66.30000305175781,68.2229995727539,683111000
2024-02-07,NVDA,68.31900024414062,70.22000122070312,67.5999984741211,70.0989990234375,495575000
2024-02-08,NVDA,70.0739974975586,70.79399871826172,69.45500183105469,69.64099884033203,414422000
2024-02-09,NVDA,70.53299713134766,72.18499755859375,70.21199798583984,72.13300323486328,436637000
2024-02-12,NVDA,72.5999984741211,74.61100006103516,71.25,72.24800109863281,613710000
2024-02-13,NVDA,70.4000015258789,73.44999694824219,69.62000274658203,72.12799835205078,602580000
2024-02-14,NVDA,73.2020034790039,74.23600006103516,71.93800354003906,73.9000015258789,504917000
2024-02-15,NVDA,73.86900329589844,73.9749984741211,72.4000015258789,72.65799713134766,420122000
2024-02-16,NVDA,74.0999984741211,74.4020004272461,72.5009994506836,72.61299896240234,495327000
2024-02-20,NVDA,71.9469985961914,71.95600128173828,67.73400115966797,69.4520034790039,704833000
2024-02-21,NVDA,68.00599670410156,68.88800048828125,66.24800109863281,67.47200012207031,673755000
2024-02-22,NVDA,75.0250015258789,78.57499694824219,74.22000122070312,78.53800201416016,865100000
2024-02-23,NVDA,80.79000091552734,82.39399719238281,77.56999969482422,78.81700134277344,829388000
2024-02-26,NVDA,79.69999694824219,80.64600372314453,78.50499725341797,79.09200286865234,503973000
2024-02-27,NVDA,79.38099670410156,79.4800033569336,77.16200256347656,78.70099639892578,391705000
2024-02-28,NVDA,77.62000274658203,78.93299865722656,77.125,77.66300201416016,393110000
2024-02-29,NVDA,79.09400177001953,79.98999786376953,78.3499984741211,79.11199951171875,507289000
2024-03-01,NVDA,80.0,82.30000305175781,79.43499755859375,82.27899932861328,479135000
2024-03-04,NVDA,84.12999725341797,87.69499969482422,83.71900177001953,85.23699951171875,615616000
2024-03-05,NVDA,85.2699966430664,86.09700012207031,83.41699981689453,85.96399688720703,520639000
2024-03-06,NVDA,88.02200317382812,89.7239990234375,87.02999877929688,88.69999694824219,582520000
2024-03-07,NVDA,90.15799713134766,92.76699829101562,89.60199737548828,92.66899871826172,608119000
2024-03-08,NVDA,95.13800048828125,97.4000015258789,86.50599670410156,87.52799987792969,1142269000
2024-03-11,NVDA,86.42900085449219,88.7969970703125,84.16600036621094,85.77400207519531,678364000
2024-03-12,NVDA,88.04900360107422,91.95999908447266,86.1500015258789,91.91300201416016,668075000
2024-03-13,NVDA,91.05500030517578,91.50399780273438,88.43499755859375,90.88800048828125,635713000
2024-03-14,NVDA,89.5770034790039,90.64600372314453,86.5999984741211,87.94400024414062,602318000
2024-03-15,NVDA,86.93000030517578,89.5459976196289,86.25700378417969,87.83699798583984,642086000
2024-03-18,NVDA,90.38800048828125,92.40499877929688,87.08499908447266,88.45500183105469,668976000
2024-03-19,NVDA,86.69999694824219,90.54399871826172,85.01000213623047,89.39800262451172,672171000
2024-03-20,NVDA,89.7969970703125,90.41000366210938,88.2229995727539,90.37200164794922,479063000
2024-03-21,NVDA,92.30000305175781,92.64800262451172,90.40499877929688,91.43499755859375,480372000
2024-03-22,NVDA,91.14099884033203,94.77799987792969,90.83399963378906,94.28900146484375,586719000
2024-03-25,NVDA,93.94100189208984,96.76599884033203,93.51000213623047,95.00199890136719,552136000
2024-03-26,NVDA,95.85099792480469,96.375,92.50199890136719,92.56099700927734,513648000
2024-03-27,NVDA,93.11199951171875,93.23999786376953,89.12300109863281,90.25,586067000
2024-03-28,NVDA,90.0,91.30000305175781,89.19300079345703,90.35600280761719,435212000
2024-04-01,NVDA,90.29900360107422,92.2249984741211,89.2040023803711,90.36299896240234,452441000
2024-04-02,NVDA,88.447998046875,90.09400177001953,87.62000274658203,89.4520034790039,433064000
2024-04-03,NVDA,88.48400115966797,90.3740005493164,88.4000015258789,88.96399688720703,370067000
2024-04-04,NVDA,90.40599822998047,90.63400268554688,85.87999725341797,85.90499877929688,434965000
2024-04-05,NVDA,86.86599731445312,88.48100280761719,85.9260025024414,88.00800323486328,399678000
2024-04-08,NVDA,88.69999694824219,88.83000183105469,86.73200225830078,87.13300323486328,283220000
2024-04-09,NVDA,87.44200134277344,87.63500213623047,83.02200317382812,85.35399627685547,501700000
2024-04-10,NVDA,83.9260025024414,87.4000015258789,83.70899963378906,87.03900146484375,431929000
2024-04-11,NVDA,87.41999816894531,90.73899841308594,86.9260025024414,90.61599731445312,431637000
2024-04-12,NVDA,89.6989974975586,90.17500305175781,87.52999877929688,88.18599700927734,426805000
2024-04-15,NVDA,89.0979995727539,90.61299896240234,85.92900085449219,86.0009994506836,443077000
2024-04-16,NVDA,86.43299865722656,88.11799621582031,86.06400299072266,87.41500091552734,370453000
2024-04-17,NVDA,88.33999633789062,88.7750015258789,83.94999694824219,84.03500366210938,495400000
2024-04-18,NVDA,84.97000122070312,86.19000244140625,82.4020004272461,84.6709976196289,447260000
2024-04-19,NVDA,83.1500015258789,84.3239974975586,75.60600280761719,76.19999694824219,875198000
2024-04-22,NVDA,78.10399627685547,80.072998046875,76.4000015258789,79.51799774169922,596341000
2024-04-23,NVDA,80.76899719238281,82.76899719238281,80.26399993896484,82.4229965209961,438559000
2024-04-24,NVDA,83.94999694824219,84.08200073242188,79.18299865722656,79.677001953125,512208000
2024-04-25,NVDA,78.86799621582031,83.322998046875,78.2229995727539,82.63200378417969,424641000
2024-04-26,NVDA,83.81800079345703,88.33100128173828,83.38700103759766,87.73500061035156,551011000
2024-04-29,NVDA,87.59500122070312,87.99199676513672,85.26599884033203,87.75700378417969,388971000
2024-04-30,NVDA,87.23999786376953,88.81900024414062,86.30000305175781,86.4020004272461,363709000
2024-05-01,NVDA,85.0770034790039,86.0,81.25499725341797,83.04100036621094,559863000
2024-05-02,NVDA,84.4489974975586,86.23699951171875,83.19999694824219,85.81700134277344,377898000
2024-05-03,NVDA,87.78900146484375,89.28099822998047,87.04000091552734,88.78900146484375,398341000
2024-05-06,NVDA,89.38999938964844,92.22000122070312,89.05500030517578,92.13999938964844,376203000
2024-05-07,NVDA,91.0979995727539,91.78099822998047,89.01100158691406,90.55400085449219,437342000
2024-05-08,NVDA,89.48300170898438,91.19400024414062,89.41999816894531,90.41200256347656,325721000
2024-05-09,NVDA,90.52899932861328,91.0719985961914,88.23100280761719,88.74700164794922,378013000
2024-05-10,NVDA,90.30500030517578,91.4010009765625,89.22699737548828,89.87799835205078,335325000
2024-05-13,NVDA,90.47799682617188,90.99800109863281,88.52899932861328,90.39900207519531,289680000
2024-05-14,NVDA,89.5989990234375,91.6510009765625,88.93399810791016,91.35600280761719,296507000
2024-05-15,NVDA,92.47200012207031,94.86199951171875,91.5989990234375,94.62999725341797,417735000
2024-05-16,NVDA,94.91000366210938,95.81900024414062,94.10299682617188,94.35900115966797,323952000
2024-05-17,NVDA,94.36900329589844,94.73999786376953,91.80599975585938,92.47899627685547,359691000
2024-05-20,NVDA,93.75,95.19999694824219,93.44000244140625,94.77999877929688,318764000
2024-05-21,NVDA,93.5989990234375,95.4000015258789,93.18000030517578,95.38600158691406,328946000
2024-05-22,NVDA,95.45899963378906,96.0199966430664,93.2490005493164,94.94999694824219,548648000
2024-05-23,NVDA,102.02799987792969,106.31999969482422,101.5199966430664,103.79900360107422,835065000
2024-05-24,NVDA,104.4489974975586,106.4749984741211,103.0,106.46900177001953,429494000
2024-05-28,NVDA,110.24400329589844,114.93900299072266,109.88300323486328,113.9010009765625,652728000
2024-05-29,NVDA,113.05000305175781,115.49199676513672,110.9010009765625,114.82499694824219,557442000
2024-05-30,NVDA,114.6500015258789,115.81900024414062,109.66300201416016,110.5,484553000
2024-05-31,NVDA,112.5199966430664,112.71700286865234,106.94000244140625,109.63300323486328,613263000
2024-06-03,NVDA,113.62100219726562,115.0,112.00299835205078,115.0,438392000
2024-06-04,NVDA,115.71600341796875,116.5999984741211,114.04499816894531,116.43699645996094,403324000
2024-06-05,NVDA,118.37100219726562,122.4489974975586,117.46800231933594,122.44000244140625,528402000
2024-06-06,NVDA,124.0479965209961,125.58699798583984,118.31999969482422,120.99800109863281,664696000
2024-06-07,NVDA,119.7699966430664,121.69200134277344,118.02200317382812,120.88800048828125,412386000
2024-06-10,NVDA,120.37000274658203,123.0999984741211,117.01000213623047,121.79000091552734,313434100
2024-06-11,NVDA,121.7699966430664,122.87000274658203,118.73999786376953,120.91000366210938,222551200
2024-06-12,NVDA,123.05999755859375,126.87999725341797,122.56999969482422,125.19999694824219,299595000
2024-06-13,NVDA,129.38999938964844,129.8000030517578,127.16000366210938,129.61000061035156,260704500
2024-06-14,NVDA,129.9600067138672,132.83999633789062,128.32000732421875,131.8800048828125,309320400
2024-06-17,NVDA,132.99000549316406,133.72999572753906,129.5800018310547,130.97999572753906,288504400
2024-06-18,NVDA,131.13999938964844,136.3300018310547,130.69000244140625,135.5800018310547,294335100
2024-06-20,NVDA,139.8000030517578,140.75999450683594,129.52000427246094,130.77999877929688,517768400
2024-06-21,NVDA,127.12000274658203,130.6300048828125,124.30000305175781,126.56999969482422,649445800
2024-06-24,NVDA,123.23999786376953,124.45999908447266,118.04000091552734,118.11000061035156,476060900
2024-06-25,NVDA,121.19999694824219,126.5,119.31999969482422,126.08999633789062,414192600
2024-06-26,NVDA,126.12999725341797,128.1199951171875,122.5999984741211,126.4000015258789,362975900
2024-06-27,NVDA,124.0999984741211,126.41000366210938,122.91999816894531,123.98999786376953,252571700
2024-06-28,NVDA,124.58000183105469,127.70999908447266,122.75,123.54000091552734,315516700
2024-07-01,NVDA,123.47000122070312,124.83999633789062,118.83000183105469,124.30000305175781,284885500
2024-07-02,NVDA,121.12999725341797,123.41000366210938,121.02999877929688,122.66999816894531,218374000
2024-07-03,NVDA,121.66000366210938,128.27999877929688,121.36000061035156,128.27999877929688,215749000
2024-07-05,NVDA,127.37999725341797,128.85000610351562,125.68000030517578,125.83000183105469,214176700
2024-07-08,NVDA,127.48999786376953,130.77000427246094,127.04000091552734,128.1999969482422,237677300
2024-07-09,NVDA,130.35000610351562,133.82000732421875,128.64999389648438,131.3800048828125,285366600
2024-07-10,NVDA,134.02999877929688,135.10000610351562,132.4199981689453,134.91000366210938,248978600
2024-07-11,NVDA,135.75,136.14999389648438,127.05000305175781,127.4000015258789,374782700
2024-07-12,NVDA,128.25999450683594,131.9199981689453,127.22000122070312,129.24000549316406,252680500
2024-07-15,NVDA,130.55999755859375,131.38999938964844,127.18000030517578,128.44000244140625,208326200
2024-07-16,NVDA,128.44000244140625,129.0399932861328,124.58000183105469,126.36000061035156,214769500
2024-07-17,NVDA,121.3499984741211,121.8499984741211,116.72000122070312,117.98999786376953,390086200
2024-07-18,NVDA,121.8499984741211,122.4000015258789,116.55999755859375,121.08999633789062,320979500
2024-07-19,NVDA,120.3499984741211,121.5999984741211,117.37000274658203,117.93000030517578,217223800
2024-07-22,NVDA,120.3499984741211,124.06999969482422,119.86000061035156,123.54000091552734,258068900
2024-07-23,NVDA,122.77999877929688,124.69000244140625,122.0999984741211,122.58999633789062,173911000
2024-07-24,NVDA,119.16999816894531,119.94999694824219,113.44000244140625,114.25,327776900
2024-07-25,NVDA,113.04000091552734,116.62999725341797,106.30000305175781,112.27999877929688,460067000
2024-07-26,NVDA,116.19000244140625,116.19999694824219,111.58000183105469,113.05999755859375,293399100
2024-07-29,NVDA,113.69000244140625,116.27999877929688,111.30000305175781,111.58999633789062,248152100
2024-07-30,NVDA,111.5199966430664,111.98999786376953,102.54000091552734,103.7300033569336,486833300
2024-07-31,NVDA,112.9000015258789,118.33999633789062,110.87999725341797,117.0199966430664,473174200
2024-08-01,NVDA,117.52999877929688,120.16000366210938,106.80999755859375,109.20999908447266,523462300
2024-08-02,NVDA,103.76000213623047,108.72000122070312,101.37000274658203,107.2699966430664,482027500
2024-08-05,NVDA,92.05999755859375,103.41000366210938,90.69000244140625,100.44999694824219,552842400
2024-08-06,NVDA,103.83999633789062,107.70999908447266,100.55000305175781,104.25,409012100
2024-08-07,NVDA,107.80999755859375,108.80000305175781,98.69000244140625,98.91000366210938,411440400
2024-08-08,NVDA,102.0,105.5,97.5199966430664,104.97000122070312,391910000
2024-08-09,NVDA,105.63999938964844,106.5999984741211,103.43000030517578,104.75,290844200
2024-08-12,NVDA,106.31999969482422,111.06999969482422,106.26000213623047,109.0199966430664,325559900
2024-08-13,NVDA,112.44000244140625,116.2300033569336,111.58000183105469,116.13999938964844,312646700
2024-08-14,NVDA,118.52999877929688,118.5999984741211,114.06999969482422,118.08000183105469,339246400
2024-08-15,NVDA,118.76000213623047,123.23999786376953,117.47000122070312,122.86000061035156,318086700
2024-08-16,NVDA,121.94000244140625,125.0,121.18000030517578,124.58000183105469,302589900
2024-08-19,NVDA,124.27999877929688,130.0,123.41999816894531,130.0,318333600
2024-08-20,NVDA,128.39999389648438,129.8800048828125,125.88999938964844,127.25,300087400
2024-08-21,NVDA,127.31999969482422,129.35000610351562,126.66000366210938,128.5,257883600
2024-08-22,NVDA,130.02000427246094,130.75,123.0999984741211,123.73999786376953,376189100
2024-08-23,NVDA,125.86000061035156,129.60000610351562,125.22000122070312,129.3699951171875,323230300
2024-08-26,NVDA,129.57000732421875,131.25999450683594,124.37000274658203,126.45999908447266,331964700
2024-08-27,NVDA,125.05000305175781,129.1999969482422,123.87999725341797,128.3000030517578,303134600
2024-08-28,NVDA,128.1199951171875,128.3300018310547,122.63999938964844,125.61000061035156,448101100
2024-08-29,NVDA,121.36000061035156,124.43000030517578,116.70999908447266,117.58999633789062,453023300
2024-08-30,NVDA,119.52999877929688,121.75,117.22000122070312,119.37000274658203,333751600
2024-09-03,NVDA,116.01000213623047,116.20999908447266,107.29000091552734,108.0,477155100
2024-09-04,NVDA,105.41000366210938,113.2699966430664,104.12000274658203,106.20999908447266,372470300
2024-09-05,NVDA,104.98999786376953,109.6500015258789,104.76000213623047,107.20999908447266,306850700
2024-09-06,NVDA,108.04000091552734,108.1500015258789,100.94999694824219,102.83000183105469,413638100
2024-09-09,NVDA,104.87999725341797,106.55000305175781,103.69000244140625,106.47000122070312,273912000
2024-09-10,NVDA,107.80999755859375,109.4000015258789,104.94999694824219,108.0999984741211,268283700
2024-09-11,NVDA,109.38999938964844,117.19000244140625,107.41999816894531,116.91000366210938,441422400
2024-09-12,NVDA,116.83999633789062,120.79000091552734,115.37999725341797,119.13999938964844,366052700
2024-09-13,NVDA,119.08000183105469,119.95999908447266,117.5999984741211,119.0999984741211,238358300
2024-09-16,NVDA,116.79000091552734,118.18000030517578,114.36000061035156,116.77999877929688,248772300
2024-09-17,NVDA,118.16999816894531,118.80000305175781,114.83000183105469,115.58999633789062,231925900
2024-09-18,NVDA,115.88999938964844,117.69999694824219,113.22000122070312,113.37000274658203,310318900
2024-09-19,NVDA,117.3499984741211,119.66000366210938,117.25,117.87000274658203,293506400
2024-09-20,NVDA,117.05999755859375,118.62000274658203,115.38999938964844,116.0,382462400
2024-09-23,NVDA,116.55000305175781,116.98999786376953,114.86000061035156,116.26000213623047,206228500
2024-09-24,NVDA,116.5199966430664,121.80000305175781,115.37999725341797,120.87000274658203,354966800
2024-09-25,NVDA,122.0199966430664,124.94000244140625,121.61000061035156,123.51000213623047,284692900
2024-09-26,NVDA,126.80000305175781,127.66999816894531,121.80000305175781,124.04000091552734,302582900
2024-09-27,NVDA,123.97000122070312,124.02999877929688,119.26000213623047,121.4000015258789,271009200
2024-09-30,NVDA,118.30999755859375,121.5,118.1500015258789,121.44000244140625,226553700
2024-10-01,NVDA,121.7699966430664,122.44000244140625,115.79000091552734,117.0,302094500
2024-10-02,NVDA,116.44000244140625,119.37999725341797,115.13999938964844,118.8499984741211,221845900
2024-10-03,NVDA,120.91999816894531,124.36000061035156,120.33999633789062,122.8499984741211,277118000
2024-10-04,NVDA,124.94000244140625,125.04000091552734,121.83000183105469,124.91999816894531,243678100
2024-10-07,NVDA,124.98999786376953,130.63999938964844,124.94999694824219,127.72000122070312,346250200
2024-10-08,NVDA,130.25999450683594,133.47999572753906,129.4199981689453,132.88999938964844,285722500
2024-10-09,NVDA,134.11000061035156,134.52000427246094,131.3800048828125,132.64999389648438,246191600
2024-10-10,NVDA,131.91000366210938,135.0,131.0,134.80999755859375,242311300
2024-10-11,NVDA,134.00999450683594,135.77999877929688,133.66000366210938,134.8000030517578,170209500
2024-10-14,NVDA,136.47000122070312,139.60000610351562,136.3000030517578,138.07000732421875,232347700
2024-10-15,NVDA,137.8699951171875,138.57000732421875,128.74000549316406,131.60000610351562,377831000
2024-10-16,NVDA,133.97999572753906,136.6199951171875,131.5800018310547,135.72000122070312,264879700
2024-10-17,NVDA,139.33999633789062,140.88999938964844,136.8699951171875,136.92999267578125,306435900
2024-10-18,NVDA,138.6699981689453,138.89999389648438,137.27999877929688,138.0,176090200
2024-10-21,NVDA,138.1300048828125,143.7100067138672,138.0,143.7100067138672,264554500
2024-10-22,NVDA,142.91000366210938,144.4199981689453,141.77999877929688,143.58999633789062,226311600
2024-10-23,NVDA,142.02999877929688,142.42999267578125,137.4600067138672,139.55999755859375,285930000
2024-10-24,NVDA,140.82000732421875,141.35000610351562,138.4600067138672,140.41000366210938,172354900
2024-10-25,NVDA,140.92999267578125,144.1300048828125,140.8000030517578,141.5399932861328,205122100
2024-10-28,NVDA,143.0,143.13999938964844,140.0500030517578,140.52000427246094,173586700
2024-10-29,NVDA,140.2899932861328,142.25999450683594,138.89999389648438,141.25,157593600
2024-10-30,NVDA,139.5399932861328,140.3300018310547,136.80999755859375,139.33999633789062,179418100
2024-10-31,NVDA,137.60000610351562,137.61000061035156,132.11000061035156,132.75999450683594,270039600
2024-11-01,NVDA,134.6999969482422,137.30999755859375,134.57000732421875,135.39999389648438,207127800
2024-11-04,NVDA,137.2100067138672,138.9600067138672,135.57000732421875,136.0500030517578,187528200
2024-11-05,NVDA,137.4499969482422,140.3699951171875,137.3300018310547,139.91000366210938,160537400
2024-11-06,NVDA,142.9600067138672,146.49000549316406,141.9600067138672,145.61000061035156,242043900
2024-11-07,NVDA,146.38999938964844,148.92999267578125,146.1699981689453,148.8800048828125,207323300
2024-11-08,NVDA,148.77000427246094,149.77000427246094,146.25999450683594,147.6300048828125,175665800
2024-11-11,NVDA,148.67999267578125,148.85000610351562,143.57000732421875,145.25999450683594,182325600
2024-11-12,NVDA,146.77999877929688,149.64999389648438,146.00999450683594,148.2899932861328,198634700
2024-11-13,NVDA,149.07000732421875,149.3300018310547,145.89999389648438,146.27000427246094,191903300
2024-11-14,NVDA,147.63999938964844,149.0,145.5500030517578,146.75999450683594,194463300
2024-11-15,NVDA,144.8699951171875,145.24000549316406,140.0800018310547,141.97999572753906,250132900
2024-11-18,NVDA,139.5,141.5500030517578,137.14999389648438,140.14999389648438,221205300
2024-11-19,NVDA,141.32000732421875,147.1300048828125,140.99000549316406,147.00999450683594,227834900
2024-11-20,NVDA,147.41000366210938,147.55999755859375,142.72999572753906,145.88999938964844,309871700
2024-11-21,NVDA,149.35000610351562,152.88999938964844,140.6999969482422,146.6699981689453,400946600
2024-11-22,NVDA,145.92999267578125,147.16000366210938,141.10000610351562,141.9499969482422,236406200
2024-11-25,NVDA,141.99000549316406,142.0500030517578,135.82000732421875,136.02000427246094,344941900
2024-11-26,NVDA,137.6999969482422,139.3000030517578,135.6699981689453,136.9199981689453,190287700
2024-11-27,NVDA,135.00999450683594,137.22000122070312,131.8000030517578,135.33999633789062,226370900
2024-11-29,NVDA,136.77999877929688,139.35000610351562,136.0500030517578,138.25,141863200
2024-12-02,NVDA,138.8300018310547,140.4499969482422,137.82000732421875,138.6300048828125,171682800
2024-12-03,NVDA,138.25999450683594,140.5399932861328,137.9499969482422,140.25999450683594,164414000
2024-12-04,NVDA,142.0,145.7899932861328,140.2899932861328,145.13999938964844,231224300
2024-12-05,NVDA,145.11000061035156,146.5399932861328,143.9499969482422,145.05999755859375,172621200
2024-12-06,NVDA,144.60000610351562,145.6999969482422,141.30999755859375,142.44000244140625,188505600
2024-12-09,NVDA,138.97000122070312,139.9499969482422,137.1300048828125,138.80999755859375,189308600
2024-12-10,NVDA,139.00999450683594,141.82000732421875,133.7899932861328,135.07000732421875,210020900
2024-12-11,NVDA,137.36000061035156,140.1699981689453,135.2100067138672,139.30999755859375,184905200
2024-12-12,NVDA,137.0800018310547,138.44000244140625,135.8000030517578,137.33999633789062,159211400
2024-12-13,NVDA,138.94000244140625,139.60000610351562,132.5399932861328,134.25,231514900
2024-12-16,NVDA,134.17999267578125,134.39999389648438,130.4199981689453,132.0,237951100
2024-12-17,NVDA,129.08999633789062,131.58999633789062,126.86000061035156,130.38999938964844,259410300
2024-12-18,NVDA,133.86000061035156,136.6999969482422,128.27999877929688,128.91000366210938,277444500
2024-12-19,NVDA,131.75999450683594,134.02999877929688,129.5500030517578,130.67999267578125,209719200
2024-12-20,NVDA,129.80999755859375,135.27999877929688,128.22000122070312,134.6999969482422,306528600
2024-12-23,NVDA,136.27999877929688,139.7899932861328,135.1199951171875,139.6699981689453,176053500
2024-12-24,NVDA,140.0,141.89999389648438,138.64999389648438,140.22000122070312,105157000
2024-12-26,NVDA,139.6999969482422,140.85000610351562,137.72999572753906,139.92999267578125,116205600
2024-12-27,NVDA,138.5500030517578,139.02000427246094,134.7100067138672,137.00999450683594,170582600
2024-12-30,NVDA,134.8300018310547,140.27000427246094,134.02000427246094,137.49000549316406,167734700
2024-12-31,NVDA,138.02999877929688,138.07000732421875,133.8300018310547,134.2899932861328,155659200
2025-01-02,NVDA,136.0,138.8800048828125,134.6300048828125,138.30999755859375,198247200
2025-01-03,NVDA,140.00999450683594,144.89999389648438,139.72999572753906,144.47000122070312,229322500
2025-01-06,NVDA,148.58999633789062,152.16000366210938,147.82000732421875,149.42999267578125,265377400
2025-01-07,NVDA,153.02999877929688,153.1300048828125,140.00999450683594,140.13999938964844,351782200
2025-01-08,NVDA,142.5800018310547,143.9499969482422,137.55999755859375,140.11000061035156,227349900
2025-01-10,NVDA,137.4499969482422,139.9199981689453,134.22000122070312,135.91000366210938,207602500
2025-01-13,NVDA,129.99000549316406,133.49000549316406,129.50999450683594,133.22999572753906,204808900
2025-01-14,NVDA,136.0500030517578,136.3800048828125,130.0500030517578,131.75999450683594,195590500
2025-01-15,NVDA,133.64999389648438,136.4499969482422,131.2899932861328,136.24000549316406,185217300
2025-01-16,NVDA,138.63999938964844,138.75,133.49000549316406,133.57000732421875,209235600
2025-01-17,NVDA,136.69000244140625,138.5,135.4600067138672,137.7100067138672,201188800
2025-01-21,NVDA,139.16000366210938,141.8300018310547,137.08999633789062,140.8300018310547,197749000
2025-01-22,NVDA,144.66000366210938,147.7899932861328,143.6699981689453,147.07000732421875,237651400
2025-01-23,NVDA,145.0500030517578,147.22999572753906,143.72000122070312,147.22000122070312,155915500
2025-01-24,NVDA,148.3699951171875,148.97000122070312,141.8800048828125,142.6199951171875,234657600
2025-01-27,NVDA,124.80000305175781,128.39999389648438,116.69999694824219,118.41999816894531,818830900
2025-01-28,NVDA,121.80999755859375,129.0,116.25,128.99000549316406,579666400
2025-01-29,NVDA,126.5,126.88999938964844,120.05000305175781,123.69999694824219,467120600
2025-01-30,NVDA,123.0999984741211,125.0,118.0999984741211,124.6500015258789,392925500
2025-01-31,NVDA,123.77999877929688,127.8499984741211,119.19000244140625,120.06999969482422,388161100
2025-02-03,NVDA,114.75,118.56999969482422,113.01000213623047,116.66000366210938,371235700
2025-02-04,NVDA,116.95999908447266,121.19999694824219,116.69999694824219,118.6500015258789,256550000
2025-02-05,NVDA,121.76000213623047,125.0,120.76000213623047,124.83000183105469,262230800
2025-02-06,NVDA,127.41999816894531,128.77000427246094,125.20999908447266,128.67999267578125,251483600
2025-02-07,NVDA,129.22000122070312,130.3699951171875,125.0,129.83999633789062,228186300
2025-02-10,NVDA,130.08999633789062,135.0,129.9600067138672,133.57000732421875,216989100
2025-02-11,NVDA,132.5800018310547,134.47999572753906,131.02000427246094,132.8000030517578,178902400
2025-02-12,NVDA,130.02000427246094,132.24000549316406,129.0800018310547,131.13999938964844,160278600
2025-02-13,NVDA,131.55999755859375,136.5,131.1699981689453,135.2899932861328,197430000
2025-02-14,NVDA,136.47999572753906,139.25,135.5,138.85000610351562,195479600
2025-02-18,NVDA,141.27000427246094,143.44000244140625,137.92999267578125,139.39999389648438,219176600
2025-02-19,NVDA,139.50999450683594,141.36000061035156,137.22000122070312,139.22999572753906,167536000
2025-02-20,NVDA,140.02999877929688,140.66000366210938,136.7899932861328,140.11000061035156,143903600
2025-02-21,NVDA,140.0399932861328,141.4600067138672,134.02999877929688,134.42999267578125,228217600
2025-02-24,NVDA,136.55999755859375,138.58999633789062,130.0800018310547,130.27999877929688,251381100
2025-02-25,NVDA,129.97999572753906,130.1999969482422,124.44000244140625,126.62999725341797,271428700
2025-02-26,NVDA,129.99000549316406,133.72999572753906,128.49000549316406,131.27999877929688,322553800
2025-02-27,NVDA,135.0,135.00999450683594,120.01000213623047,120.1500015258789,443175800
2025-02-28,NVDA,118.0199966430664,125.08999633789062,116.4000015258789,124.91999816894531,389091100
2025-03-03,NVDA,123.51000213623047,123.69999694824219,112.27999877929688,114.05999755859375,411381400
2025-03-04,NVDA,110.6500015258789,119.30999755859375,110.11000061035156,115.98999786376953,398163300
2025-03-05,NVDA,117.58000183105469,118.27999877929688,114.51000213623047,117.30000305175781,284337900
2025-03-06,NVDA,113.52999877929688,115.3499984741211,110.22000122070312,110.56999969482422,321181900
2025-03-07,NVDA,111.25,113.4800033569336,107.55999755859375,112.69000244140625,341755500
2025-03-10,NVDA,109.9000015258789,111.8499984741211,105.45999908447266,106.9800033569336,366487400
2025-03-11,NVDA,106.98999786376953,112.23999786376953,104.7699966430664,108.76000213623047,354865700
2025-03-12,NVDA,114.12000274658203,116.76000213623047,112.87999725341797,115.73999786376953,323857500
2025-03-13,NVDA,117.02999877929688,117.76000213623047,113.79000091552734,115.58000183105469,299033100
2025-03-14,NVDA,118.61000061035156,121.87999725341797,118.1500015258789,121.66999816894531,277593500
2025-03-17,NVDA,122.73999786376953,122.88999938964844,118.02999877929688,119.52999877929688,255501500
2025-03-18,NVDA,118.0,119.0199966430664,114.54000091552734,115.43000030517578,299686900
2025-03-19,NVDA,117.2699966430664,120.44999694824219,115.68000030517578,117.5199966430664,273426200
2025-03-20,NVDA,116.55000305175781,120.19999694824219,116.47000122070312,118.52999877929688,248829700
2025-03-21,NVDA,116.94000244140625,117.98999786376953,115.41999816894531,117.69999694824219,266498500
2025-03-24,NVDA,119.87999725341797,122.22000122070312,119.33999633789062,121.41000366210938,228452500
2025-03-25,NVDA,120.55000305175781,121.29000091552734,118.91999816894531,120.69000244140625,167447200
2025-03-26,NVDA,118.7300033569336,118.83999633789062,112.70999908447266,113.76000213623047,293463300
2025-03-27,NVDA,111.3499984741211,114.44999694824219,110.66000366210938,111.43000030517578,236902100
2025-03-28,NVDA,111.48999786376953,112.87000274658203,109.06999969482422,109.66999816894531,229872500
2025-03-31,NVDA,105.12999725341797,110.95999908447266,103.6500015258789,108.37999725341797,299212700
2025-04-01,NVDA,108.5199966430664,110.19999694824219,106.47000122070312,110.1500015258789,222614000
2025-04-02,NVDA,107.29000091552734,111.9800033569336,106.79000091552734,110.41999816894531,220601200
2025-04-03,NVDA,103.51000213623047,105.62999725341797,101.5999984741211,101.80000305175781,338769400
2025-04-04,NVDA,98.91000366210938,100.12999725341797,92.11000061035156,94.30999755859375,532273800
2025-04-07,NVDA,87.45999908447266,101.75,86.62000274658203,97.63999938964844,611041300
2025-04-08,NVDA,103.80999755859375,105.8499984741211,94.45999908447266,96.30000305175781,476243400
2025-04-09,NVDA,98.88999938964844,115.0999984741211,97.52999877929688,114.33000183105469,612918300
2025-04-10,NVDA,109.37000274658203,110.86000061035156,99.1500015258789,107.56999969482422,437812400
2025-04-11,NVDA,108.5,111.55000305175781,107.4800033569336,110.93000030517578,313417300
2025-04-14,NVDA,114.11000061035156,114.29000091552734,109.06999969482422,110.70999908447266,264705000
2025-04-15,NVDA,110.97000122070312,113.62000274658203,110.5,112.19999694824219,228966900
2025-04-16,NVDA,104.55000305175781,106.79000091552734,100.44999694824219,104.48999786376953,397016900
2025-04-17,NVDA,104.44999694824219,104.47000122070312,100.05000305175781,101.48999786376953,292517500
2025-04-21,NVDA,98.7699966430664,99.44000244140625,95.04000091552734,96.91000366210938,288501100
2025-04-22,NVDA,98.77999877929688,99.80999755859375,97.27999877929688,98.88999938964844,241004800
2025-04-23,NVDA,104.5199966430664,104.80000305175781,102.0199966430664,102.70999908447266,247526000
2025-04-24,NVDA,103.4800033569336,106.54000091552734,103.11000061035156,106.43000030517578,220815000
2025-04-25,NVDA,106.8499984741211,111.91999816894531,105.7300033569336,111.01000213623047,251064700
2025-04-28,NVDA,109.69000244140625,110.37000274658203,106.0199966430664,108.7300033569336,207708500
2025-04-29,NVDA,107.66999816894531,110.19999694824219,107.44000244140625,109.0199966430664,170444300
2025-04-30,NVDA,104.47000122070312,108.91999816894531,104.08000183105469,108.91999816894531,235044600
2025-05-01,NVDA,113.08000183105469,114.94000244140625,111.30000305175781,111.61000061035156,236121500
2025-05-02,NVDA,114.18000030517578,115.4000015258789,113.37000274658203,114.5,190194800
2025-05-05,NVDA,112.91000366210938,114.66999816894531,112.66000366210938,113.81999969482422,133163200
2025-05-06,NVDA,111.4800033569336,114.73999786376953,110.81999969482422,113.54000091552734,158525600
2025-05-07,NVDA,113.05000305175781,117.68000030517578,112.27999877929688,117.05999755859375,206758800
2025-05-08,NVDA,118.25,118.68000030517578,115.8499984741211,117.37000274658203,198428100
2025-05-09,NVDA,117.3499984741211,118.2300033569336,115.20999908447266,116.6500015258789,132972200
2025-05-12,NVDA,121.97000122070312,123.0,120.27999877929688,123.0,225023300
2025-05-13,NVDA,124.9800033569336,131.22000122070312,124.47000122070312,129.92999267578125,330430100
2025-05-14,NVDA,133.1999969482422,135.44000244140625,131.67999267578125,135.33999633789062,281180800
2025-05-15,NVDA,134.2899932861328,136.3000030517578,132.66000366210938,134.8300018310547,226632600
2025-05-16,NVDA,136.22000122070312,136.35000610351562,133.4600067138672,135.39999389648438,226542500
2025-05-19,NVDA,132.38999938964844,135.8699951171875,132.38999938964844,135.57000732421875,193154600
2025-05-20,NVDA,134.2899932861328,134.5800018310547,132.6199951171875,134.3800048828125,161514200
2025-05-21,NVDA,133.05999755859375,137.39999389648438,130.58999633789062,131.8000030517578,270608700
2025-05-22,NVDA,132.22999572753906,134.25,131.5500030517578,132.8300018310547,187344000
2025-05-23,NVDA,130.0,132.67999267578125,129.16000366210938,131.2899932861328,198821300
2025-05-27,NVDA,134.14999389648438,135.66000366210938,133.30999755859375,135.5,192953600
2025-05-28,NVDA,136.02999877929688,137.25,134.7899932861328,134.80999755859375,304021100
2025-05-29,NVDA,142.25,143.49000549316406,137.91000366210938,139.19000244140625,369241900
2025-05-30,NVDA,138.72000122070312,139.6199951171875,132.9199981689453,135.1300048828125,333170900
2025-06-02,NVDA,135.49000549316406,138.1199951171875,135.39999389648438,137.3800048828125,197663100
2025-06-03,NVDA,138.77999877929688,142.0,137.9499969482422,141.22000122070312,225578800
2025-06-04,NVDA,142.19000244140625,142.38999938964844,139.5399932861328,141.9199981689453,167120800
2025-06-05,NVDA,142.1699981689453,144.0,138.8300018310547,139.99000549316406,231397900
2025-06-06,NVDA,142.50999450683594,143.27000427246094,141.50999450683594,141.72000122070312,153986200
2025-06-09,NVDA,143.19000244140625,145.0,141.94000244140625,142.6300048828125,185114500
2025-06-10,NVDA,142.69000244140625,144.2899932861328,141.52999877929688,143.9600067138672,155881900
2025-06-11,NVDA,144.61000061035156,144.99000549316406,141.8699951171875,142.8300018310547,167694000
2025-06-12,NVDA,141.97000122070312,145.0,141.85000610351562,145.0,162365000
2025-06-13,NVDA,142.47999572753906,143.5800018310547,140.85000610351562,141.97000122070312,180820600
2025-06-16,NVDA,143.35000610351562,146.17999267578125,143.1999969482422,144.69000244140625,183133700
2025-06-17,NVDA,144.49000549316406,145.22000122070312,143.77999877929688,144.1199951171875,139108000
2025-06-18,NVDA,144.00999450683594,145.64999389648438,143.1199951171875,145.47999572753906,161494100
2025-06-20,NVDA,145.4499969482422,146.1999969482422,142.64999389648438,143.85000610351562,242956200
2025-06-23,NVDA,142.5,144.77999877929688,142.02999877929688,144.1699981689453,154308900
2025-06-24,NVDA,145.55999755859375,147.9600067138672,145.5,147.89999389648438,187566100
2025-06-25,NVDA,149.27000427246094,154.4499969482422,149.25999450683594,154.30999755859375,269146500
2025-06-26,NVDA,155.97999572753906,156.72000122070312,154.0,155.02000427246094,198145700
2025-06-27,NVDA,156.0399932861328,158.7100067138672,155.25999450683594,157.75,263234500
2025-06-30,NVDA,158.39999389648438,158.66000366210938,155.9600067138672,157.99000549316406,194580300
2025-07-01,NVDA,156.2899932861328,157.1999969482422,151.49000549316406,153.3000030517578,213143600
2025-07-02,NVDA,152.97999572753906,157.60000610351562,152.97000122070312,157.25,171224100
2025-07-03,NVDA,158.3699951171875,160.97999572753906,157.77000427246094,159.33999633789062,143716100
2025-07-07,NVDA,158.1999969482422,159.30999755859375,157.33999633789062,158.24000549316406,140139000
2025-07-08,NVDA,159.3300018310547,160.22000122070312,158.38999938964844,160.0,138133000
2025-07-09,NVDA,161.22000122070312,164.4199981689453,161.16000366210938,162.8800048828125,183656400
2025-07-10,NVDA,164.32000732421875,164.5,161.61000061035156,164.10000610351562,167704100
2025-07-11,NVDA,163.72000122070312,167.88999938964844,163.47000122070312,164.9199981689453,193633300
2025-07-14,NVDA,165.3699951171875,165.49000549316406,162.02000427246094,164.07000732421875,136975800
2025-07-15,NVDA,171.19000244140625,172.39999389648438,169.1999969482422,170.6999969482422,230627400
2025-07-16,NVDA,171.05999755859375,171.75,168.89999389648438,171.3699951171875,158831500
2025-07-17,NVDA,172.02000427246094,174.16000366210938,170.8300018310547,173.0,160841100
2025-07-18,NVDA,173.63999938964844,174.25,171.25999450683594,172.41000366210938,146456400
2025-07-21,NVDA,172.75,173.3800048828125,171.0,171.3800048828125,123126100
2025-07-22,NVDA,171.33999633789062,171.38999938964844,164.5800018310547,167.02999877929688,193114300
2025-07-23,NVDA,169.52999877929688,171.25999450683594,167.97000122070312,170.77999877929688,154082200
2025-07-24,NVDA,172.44000244140625,173.8300018310547,171.3000030517578,173.74000549316406,128984600
2025-07-25,NVDA,173.61000061035156,174.72000122070312,172.9600067138672,173.5,122316800
2025-07-28,NVDA,174.02000427246094,177.0,173.97000122070312,176.75,140023500
2025-07-29,NVDA,177.9600067138672,179.3800048828125,175.02000427246094,175.50999450683594,154077500
2025-07-30,NVDA,176.50999450683594,179.88999938964844,176.0399932861328,179.27000427246094,174312200
2025-07-31,NVDA,182.89999389648438,183.3000030517578,175.92999267578125,177.8699951171875,221685400
2025-08-01,NVDA,174.08999633789062,176.5399932861328,170.88999938964844,173.72000122070312,204529000
2025-08-04,NVDA,175.16000366210938,180.1999969482422,174.52000427246094,180.0,148174600
2025-08-05,NVDA,179.6199951171875,180.25999450683594,175.89999389648438,178.25999450683594,156407600
2025-08-06,NVDA,176.3300018310547,179.89999389648438,176.25,179.4199981689453,137192300
2025-08-07,NVDA,181.57000732421875,183.8800048828125,178.8000030517578,180.77000427246094,151878400
2025-08-08,NVDA,181.5500030517578,183.3000030517578,180.39999389648438,182.6999969482422,123396700
2025-08-11,NVDA,182.0500030517578,183.83999633789062,180.25,182.05999755859375,138323200
2025-08-12,NVDA,182.9600067138672,184.47999572753906,179.4600067138672,183.16000366210938,145485700
2025-08-13,NVDA,182.6199951171875,183.97000122070312,179.35000610351562,181.58999633789062,179871700
2025-08-14,NVDA,179.75,183.02000427246094,179.4600067138672,182.02000427246094,129554000
2025-08-15,NVDA,181.8800048828125,181.89999389648438,178.0399932861328,180.4499969482422,156602200
2025-08-18,NVDA,180.60000610351562,182.94000244140625,180.58999633789062,182.00999450683594,132008000
2025-08-19,NVDA,182.42999267578125,182.5,175.49000549316406,175.63999938964844,185229200
2025-08-20,NVDA,175.1699981689453,176.0,168.8000030517578,175.39999389648438,215142700
2025-08-21,NVDA,174.85000610351562,176.89999389648438,173.80999755859375,174.97999572753906,140040900
2025-08-22,NVDA,172.61000061035156,178.58999633789062,171.1999969482422,177.99000549316406,172789400
2025-08-25,NVDA,178.35000610351562,181.91000366210938,176.57000732421875,179.80999755859375,163012800
2025-08-26,NVDA,180.05999755859375,182.38999938964844,178.80999755859375,181.77000427246094,168688200
2025-08-27,NVDA,181.97999572753906,182.49000549316406,179.10000610351562,181.60000610351562,235518900
2025-08-28,NVDA,180.82000732421875,184.47000122070312,176.41000366210938,180.1699981689453,281787800
2025-08-29,NVDA,178.11000061035156,178.14999389648438,173.14999389648438,174.17999267578125,243257900
2025-09-02,NVDA,170.0,172.3800048828125,167.22000122070312,170.77999877929688,231164900
2025-09-03,NVDA,171.05999755859375,172.41000366210938,168.8800048828125,170.6199951171875,164424900
2025-09-04,NVDA,170.57000732421875,171.86000061035156,169.41000366210938,171.66000366210938,141670100
2025-09-05,NVDA,168.02999877929688,169.02999877929688,164.07000732421875,167.02000427246094,224441400
2025-09-08,NVDA,167.5500030517578,170.9600067138672,167.35000610351562,168.30999755859375,163769100
2025-09-09,NVDA,169.08999633789062,170.97999572753906,166.74000549316406,170.75999450683594,157548400
2025-09-10,NVDA,176.63999938964844,179.2899932861328,175.47000122070312,177.3300018310547,226852000
2025-09-11,NVDA,179.67999267578125,180.27999877929688,176.47999572753906,177.1699981689453,151159300
2025-09-12,NVDA,177.77000427246094,178.60000610351562,176.4499969482422,177.82000732421875,124911000
2025-09-15,NVDA,175.6699981689453,178.85000610351562,174.50999450683594,177.75,147061600
2025-09-16,NVDA,177.0,177.5,174.3800048828125,174.8800048828125,140737800
2025-09-17,NVDA,172.63999938964844,173.1999969482422,168.41000366210938,170.2899932861328,211843800
2025-09-18,NVDA,173.97999572753906,177.10000610351562,172.9600067138672,176.24000549316406,191763300
2025-09-19,NVDA,175.77000427246094,178.0800018310547,175.17999267578125,176.6699981689453,237182100
2025-09-22,NVDA,175.3000030517578,184.5500030517578,174.7100067138672,183.61000061035156,269637000
2025-09-23,NVDA,181.97000122070312,182.4199981689453,176.2100067138672,178.42999267578125,192559600
2025-09-24,NVDA,179.77000427246094,179.77999877929688,175.39999389648438,176.97000122070312,143564100
2025-09-25,NVDA,174.47999572753906,180.25999450683594,173.1300048828125,177.69000244140625,191586700
2025-09-26,NVDA,178.1699981689453,179.77000427246094,174.92999267578125,178.19000244140625,148573700
2025-09-29,NVDA,180.42999267578125,184.0,180.32000732421875,181.85000610351562,193063500
2025-09-30,NVDA,182.0800018310547,187.35000610351562,181.47999572753906,186.5800018310547,236981000
2025-10-01,NVDA,185.24000549316406,188.13999938964844,183.89999389648438,187.24000549316406,173844900
2025-10-02,NVDA,189.60000610351562,191.0500030517578,188.05999755859375,188.88999938964844,136805800
2025-10-03,NVDA,189.19000244140625,190.36000061035156,185.3800048828125,187.6199951171875,137596900
2025-10-06,NVDA,185.5,187.22999572753906,183.3300018310547,185.5399932861328,157678100
2025-10-07,NVDA,186.22999572753906,189.05999755859375,184.0,185.0399932861328,140088000
2025-10-08,NVDA,186.57000732421875,189.60000610351562,186.5399932861328,189.11000061035156,130168900
2025-10-09,NVDA,192.22999572753906,195.3000030517578,191.05999755859375,192.57000732421875,182997200
2025-10-10,NVDA,193.50999450683594,195.6199951171875,182.0500030517578,183.16000366210938,268774400
2025-10-13,NVDA,187.97000122070312,190.11000061035156,185.9600067138672,188.32000732421875,153482800
2025-10-14,NVDA,184.77000427246094,184.8000030517578,179.6999969482422,180.02999877929688,205641400
2025-10-15,NVDA,184.8000030517578,184.8699951171875,177.2899932861328,179.8300018310547,214450500
2025-10-16,NVDA,182.22999572753906,183.27999877929688,179.77000427246094,181.80999755859375,179723300
2025-10-17,NVDA,180.17999267578125,184.10000610351562,179.75,183.22000122070312,173135200
2025-10-20,NVDA,183.1300048828125,185.1999969482422,181.72999572753906,182.63999938964844,128544700
2025-10-21,NVDA,182.7899932861328,182.7899932861328,179.8000030517578,181.16000366210938,124240200
2025-10-22,NVDA,181.13999938964844,183.44000244140625,176.75999450683594,180.27999877929688,162249600
2025-10-23,NVDA,180.4199981689453,183.02999877929688,179.7899932861328,182.16000366210938,111363700
2025-10-24,NVDA,183.83999633789062,187.47000122070312,183.5,186.25999450683594,131296700
2025-10-27,NVDA,189.99000549316406,192.0,188.42999267578125,191.49000549316406,153452700
2025-10-28,NVDA,193.0500030517578,203.14999389648438,191.91000366210938,201.02999877929688,297986200
2025-10-29,NVDA,207.97999572753906,212.19000244140625,204.77999877929688,207.0399932861328,308829600
2025-10-30,NVDA,205.14999389648438,206.16000366210938,201.41000366210938,202.88999938964844,178864400
2025-10-31,NVDA,206.4499969482422,207.97000122070312,202.07000732421875,202.49000549316406,179802200
2025-11-03,NVDA,208.0800018310547,211.33999633789062,205.55999755859375,206.8800048828125,180267300
2025-11-04,NVDA,203.0,203.97000122070312,197.92999267578125,198.69000244140625,188919300
2025-11-05,NVDA,198.77000427246094,202.9199981689453,194.64999389648438,195.2100067138672,171350300
2025-11-06,NVDA,196.4199981689453,197.6199951171875,186.3800048828125,188.0800018310547,223029800
2025-11-07,NVDA,184.89999389648438,188.32000732421875,178.91000366210938,188.14999389648438,264942300
2025-11-10,NVDA,195.11000061035156,199.94000244140625,193.7899932861328,199.0500030517578,198897100
2025-11-11,NVDA,195.16000366210938,195.4199981689453,191.3000030517578,193.16000366210938,176483300
2025-11-12,NVDA,195.72000122070312,195.88999938964844,191.1300048828125,193.8000030517578,154935300
2025-11-13,NVDA,191.0500030517578,191.44000244140625,183.85000610351562,186.86000061035156,207423100
2025-11-14,NVDA,182.86000061035156,191.00999450683594,180.5800018310547,190.1699981689453,186591900
2025-11-17,NVDA,185.97000122070312,189.0,184.32000732421875,186.60000610351562,173628900
2025-11-18,NVDA,183.3800048828125,184.8000030517578,179.64999389648438,181.36000061035156,213598900
2025-11-19,NVDA,184.7899932861328,187.86000061035156,182.8300018310547,186.52000427246094,247246400
2025-11-20,NVDA,195.9499969482422,196.0,179.85000610351562,180.63999938964844,343504800
2025-11-21,NVDA,181.24000549316406,184.55999755859375,172.92999267578125,178.8800048828125,346926200
2025-11-24,NVDA,179.49000549316406,183.5,176.47999572753906,182.5500030517578,256618300
2025-11-25,NVDA,174.91000366210938,178.16000366210938,169.5500030517578,177.82000732421875,320600300
2025-11-26,NVDA,181.6300048828125,182.91000366210938,178.24000549316406,180.25999450683594,183852000
2025-11-28,NVDA,179.00999450683594,179.2899932861328,176.5,177.0,121332800
2025-12-01,NVDA,174.75999450683594,180.3000030517578,173.67999267578125,179.9199981689453,188131000
2025-12-02,NVDA,181.75999450683594,185.66000366210938,180.0,181.4600067138672,182632200
2025-12-03,NVDA,181.0800018310547,182.4499969482422,179.11000061035156,179.58999633789062,165138000
2025-12-04,NVDA,181.6199951171875,184.52000427246094,179.9600067138672,183.3800048828125,167364900
2025-12-05,NVDA,183.88999938964844,184.66000366210938,180.91000366210938,182.41000366210938,143971100
2025-12-08,NVDA,182.63999938964844,188.0,182.39999389648438,185.5500030517578,204378100
2025-12-09,NVDA,185.55999755859375,185.72000122070312,183.32000732421875,184.97000122070312,144719700
2025-12-10,NVDA,184.97000122070312,185.47999572753906,182.0399932861328,183.77999877929688,162785400
2025-12-11,NVDA,180.27999877929688,181.32000732421875,176.6199951171875,180.92999267578125,182136600
2025-12-12,NVDA,181.11000061035156,182.82000732421875,174.6199951171875,175.02000427246094,204274900
2025-12-15,NVDA,177.94000244140625,178.4199981689453,175.02999877929688,176.2899932861328,164775600
2025-12-16,NVDA,176.25999450683594,178.49000549316406,174.89999389648438,177.72000122070312,148588100
2025-12-17,NVDA,176.10000610351562,176.1300048828125,170.30999755859375,170.94000244140625,222775500
2025-12-18,NVDA,174.52999877929688,176.14999389648438,171.82000732421875,174.13999938964844,176096000
2025-12-19,NVDA,176.6699981689453,181.4499969482422,176.33999633789062,180.99000549316406,324925900
2025-12-22,NVDA,183.9199981689453,184.16000366210938,182.35000610351562,183.69000244140625,129064400
2025-12-23,NVDA,182.97000122070312,189.3300018310547,182.89999389648438,189.2100067138672,174873600
2025-12-24,NVDA,187.94000244140625,188.91000366210938,186.58999633789062,188.61000061035156,65528500
2025-12-26,NVDA,189.9199981689453,192.69000244140625,188.0,190.52999877929688,139740300
2025-12-29,NVDA,187.7100067138672,188.75999450683594,185.91000366210938,188.22000122070312,120006100
2025-12-30,NVDA,188.24000549316406,188.99000549316406,186.92999267578125,187.5399932861328,97687300
2023-01-03,AMZN,85.45999908447266,86.95999908447266,84.20999908447266,85.81999969482422,76706000
2023-01-04,AMZN,86.55000305175781,86.9800033569336,83.36000061035156,85.13999938964844,68885100
2023-01-05,AMZN,85.33000183105469,85.41999816894531,83.06999969482422,83.12000274658203,67930800
2023-01-06,AMZN,83.02999877929688,86.4000015258789,81.43000030517578,86.08000183105469,83303400
2023-01-09,AMZN,87.45999908447266,89.4800033569336,87.08000183105469,87.36000061035156,65266100
2023-01-10,AMZN,87.56999969482422,90.19000244140625,87.29000091552734,89.87000274658203,67756600
2023-01-11,AMZN,90.93000030517578,95.26000213623047,90.93000030517578,95.08999633789062,103126200
2023-01-12,AMZN,96.93000030517578,97.19000244140625,93.5,95.2699966430664,85254800
2023-01-13,AMZN,94.18000030517578,98.37000274658203,94.12000274658203,98.12000274658203,85549400
2023-01-17,AMZN,98.68000030517578,98.88999938964844,95.7300033569336,96.05000305175781,72755000
2023-01-18,AMZN,97.25,99.31999969482422,95.37999725341797,95.45999908447266,79570400
2023-01-19,AMZN,94.73999786376953,95.44000244140625,92.86000061035156,93.68000030517578,69002700
2023-01-20,AMZN,93.86000061035156,97.3499984741211,93.19999694824219,97.25,67481500
2023-01-23,AMZN,97.55999755859375,97.77999877929688,95.86000061035156,97.5199966430664,76501100
2023-01-24,AMZN,96.93000030517578,98.08999633789062,96.0,96.31999969482422,66929500
2023-01-25,AMZN,92.55999755859375,97.23999786376953,91.5199966430664,97.18000030517578,94261600
2023-01-26,AMZN,98.23999786376953,99.48999786376953,96.91999816894531,99.22000122070312,68523600
2023-01-27,AMZN,99.52999877929688,103.48999786376953,99.52999877929688,102.23999786376953,87775600
2023-01-30,AMZN,101.08999633789062,101.73999786376953,99.01000213623047,100.55000305175781,70691900
2023-01-31,AMZN,101.16000366210938,103.3499984741211,101.13999938964844,103.12999725341797,66527300
2023-02-01,AMZN,102.52999877929688,106.23999786376953,101.23999786376953,105.1500015258789,80450100
2023-02-02,AMZN,110.25,114.0,108.87999725341797,112.91000366210938,158154200
2023-02-03,AMZN,105.26000213623047,108.77999877929688,102.5199966430664,103.38999938964844,144374800
2023-02-06,AMZN,102.93000030517578,103.94999694824219,100.6500015258789,102.18000030517578,81945200
2023-02-07,AMZN,101.16999816894531,102.41000366210938,98.08000183105469,102.11000061035156,119501300
2023-02-08,AMZN,102.04000091552734,102.66999816894531,98.77999877929688,100.05000305175781,75878300
2023-02-09,AMZN,101.31999969482422,101.77999877929688,97.56999969482422,98.23999786376953,64622500
2023-02-10,AMZN,97.55999755859375,98.81999969482422,96.2300033569336,97.61000061035156,52740100
2023-02-13,AMZN,97.8499984741211,99.68000030517578,96.91000366210938,99.54000091552734,52841500
2023-02-14,AMZN,98.41000366210938,100.91999816894531,97.5199966430664,99.69999694824219,56202900
2023-02-15,AMZN,99.08999633789062,101.16999816894531,98.44999694824219,101.16000366210938,47957600
2023-02-16,AMZN,99.20999908447266,100.62999725341797,98.0999984741211,98.1500015258789,56339200
2023-02-17,AMZN,97.80000305175781,97.94000244140625,95.6500015258789,97.19999694824219,60029400
2023-02-21,AMZN,95.33999633789062,95.61000061035156,94.2699966430664,94.58000183105469,56580400
2023-02-22,AMZN,95.0999984741211,97.01000213623047,94.80000305175781,95.79000091552734,59534100
2023-02-23,AMZN,96.12000274658203,96.43000030517578,93.66999816894531,95.81999969482422,48467000
2023-02-24,AMZN,93.52999877929688,94.13999938964844,92.31999969482422,93.5,57053800
2023-02-27,AMZN,94.27999877929688,94.77999877929688,93.13999938964844,93.76000213623047,47470300
2023-02-28,AMZN,93.13999938964844,94.69000244140625,92.91999816894531,94.2300033569336,43959300
2023-03-01,AMZN,93.87000274658203,94.68000030517578,91.58999633789062,92.16999816894531,52299500
2023-03-02,AMZN,91.41000366210938,92.2300033569336,90.38999938964844,92.12999725341797,55509400
2023-03-03,AMZN,92.73999786376953,94.94000244140625,92.66000366210938,94.9000015258789,55759600
2023-03-06,AMZN,95.19000244140625,96.55000305175781,93.73999786376953,93.75,52112400
2023-03-07,AMZN,94.05999755859375,95.08999633789062,92.77999877929688,93.55000305175781,49100700
2023-03-08,AMZN,93.5999984741211,94.16999816894531,92.18000030517578,93.91999816894531,44899100
2023-03-09,AMZN,93.68000030517578,96.20999908447266,92.18000030517578,92.25,56218700
2023-03-10,AMZN,92.66999816894531,93.56999969482422,90.25,90.7300033569336,69827500
2023-03-13,AMZN,89.97000122070312,94.0199966430664,88.12000274658203,92.43000030517578,72397100
2023-03-14,AMZN,93.83000183105469,95.06999969482422,92.70999908447266,94.87999725341797,60912700
2023-03-15,AMZN,93.22000122070312,96.66999816894531,93.06999969482422,96.19999694824219,70731800
2023-03-16,AMZN,95.75,100.98999786376953,95.61000061035156,100.04000091552734,84446900
2023-03-17,AMZN,99.79000091552734,100.66000366210938,97.45999908447266,98.94999694824219,87300200
2023-03-20,AMZN,98.41000366210938,98.4800033569336,95.69999694824219,97.70999908447266,62388900
2023-03-21,AMZN,98.13999938964844,100.8499984741211,98.0,100.61000061035156,58597300
2023-03-22,AMZN,100.44999694824219,102.0999984741211,98.61000061035156,98.69999694824219,57475400
2023-03-23,AMZN,100.43000030517578,101.05999755859375,97.62000274658203,98.70999908447266,57559300
2023-03-24,AMZN,98.06999969482422,98.30000305175781,96.4000015258789,98.12999725341797,56095400
2023-03-27,AMZN,99.06999969482422,99.33999633789062,97.08000183105469,98.04000091552734,46721300
2023-03-28,AMZN,98.11000061035156,98.44000244140625,96.29000091552734,97.23999786376953,38720100
2023-03-29,AMZN,98.69000244140625,100.41999816894531,98.55999755859375,100.25,49783300
2023-03-30,AMZN,101.55000305175781,103.04000091552734,101.01000213623047,102.0,53633400
2023-03-31,AMZN,102.16000366210938,103.48999786376953,101.94999694824219,103.29000091552734,56750300
2023-04-03,AMZN,102.30000305175781,103.29000091552734,101.43000030517578,102.41000366210938,41135700
2023-04-04,AMZN,102.75,104.19999694824219,102.11000061035156,103.94999694824219,48662500
2023-04-05,AMZN,103.91000366210938,103.91000366210938,100.75,101.0999984741211,45175400
2023-04-06,AMZN,100.75,102.37999725341797,99.80000305175781,102.05999755859375,43808000
2023-04-10,AMZN,100.95999908447266,102.19999694824219,99.56999969482422,102.16999816894531,37261200
2023-04-11,AMZN,100.80000305175781,101.0,99.01000213623047,99.91999816894531,60417800
2023-04-12,AMZN,100.4000015258789,100.51000213623047,97.70999908447266,97.83000183105469,56735000
2023-04-13,AMZN,98.94999694824219,102.56999969482422,98.70999908447266,102.4000015258789,67925100
2023-04-14,AMZN,102.06999969482422,103.19999694824219,101.11000061035156,102.51000213623047,51450500
2023-04-17,AMZN,103.16000366210938,103.7300033569336,101.58999633789062,102.73999786376953,39919500
2023-04-18,AMZN,103.94999694824219,104.19999694824219,101.5199966430664,102.30000305175781,39790500
2023-04-19,AMZN,101.58000183105469,105.12000274658203,101.38999938964844,104.30000305175781,58398900
2023-04-20,AMZN,103.52999877929688,105.25,103.20999908447266,103.80999755859375,57696900
2023-04-21,AMZN,106.0999984741211,108.1500015258789,105.08000183105469,106.95999908447266,86774200
2023-04-24,AMZN,107.66000366210938,109.2300033569336,105.06999969482422,106.20999908447266,69575600
2023-04-25,AMZN,104.91000366210938,105.44999694824219,102.44999694824219,102.56999969482422,65026800
2023-04-26,AMZN,105.04000091552734,106.62000274658203,104.0999984741211,104.9800033569336,73803800
2023-04-27,AMZN,108.16000366210938,110.86000061035156,106.80000305175781,109.81999969482422,149961200
2023-04-28,AMZN,107.7300033569336,109.4800033569336,104.33000183105469,105.44999694824219,130715900
2023-05-01,AMZN,104.94999694824219,105.2300033569336,101.81999969482422,102.05000305175781,74728100
2023-05-02,AMZN,101.47000122070312,103.9000015258789,101.1500015258789,103.62999725341797,73469400
2023-05-03,AMZN,103.73999786376953,105.95999908447266,103.27999877929688,103.6500015258789,65051900
2023-05-04,AMZN,104.04000091552734,105.38999938964844,103.30999755859375,104.0,45345500
2023-05-05,AMZN,104.2699966430664,105.76000213623047,103.55000305175781,105.66000366210938,56951700
2023-05-08,AMZN,105.04000091552734,106.0999984741211,104.69999694824219,105.83000183105469,49430900
2023-05-09,AMZN,105.4800033569336,106.79000091552734,105.16000366210938,106.62000274658203,44089400
2023-05-10,AMZN,108.0999984741211,110.66999816894531,108.05000305175781,110.19000244140625,78627600
2023-05-11,AMZN,111.02999877929688,113.27999877929688,110.48999786376953,112.18000030517578,74924800
2023-05-12,AMZN,112.16000366210938,112.63999938964844,109.31999969482422,110.26000213623047,49852700
2023-05-15,AMZN,111.1500015258789,112.29000091552734,109.25,111.19999694824219,53011100
2023-05-16,AMZN,111.05000305175781,114.79000091552734,111.05000305175781,113.4000015258789,71472900
2023-05-17,AMZN,114.88999938964844,115.83000183105469,114.22000122070312,115.5,65655200
2023-05-18,AMZN,116.69000244140625,118.5999984741211,116.33999633789062,118.1500015258789,73174100
2023-05-19,AMZN,118.16000366210938,118.30999755859375,115.69999694824219,116.25,55056300
2023-05-22,AMZN,116.7699966430664,116.7699966430664,114.25,115.01000213623047,70741100
2023-05-23,AMZN,114.2699966430664,117.13999938964844,113.77999877929688,114.98999786376953,67576300
2023-05-24,AMZN,115.3499984741211,117.33999633789062,115.0199966430664,116.75,63487900
2023-05-25,AMZN,116.62999725341797,116.87000274658203,114.30999755859375,115.0,66496700
2023-05-26,AMZN,116.04000091552734,121.5,116.0199966430664,120.11000061035156,96779900
2023-05-30,AMZN,122.37000274658203,122.91999816894531,119.86000061035156,121.66000366210938,64314800
2023-05-31,AMZN,121.44999694824219,122.04000091552734,119.16999816894531,120.58000183105469,72800800
2023-06-01,AMZN,120.69000244140625,123.48999786376953,119.93000030517578,122.7699966430664,54375100
2023-06-02,AMZN,124.91999816894531,126.38999938964844,124.0199966430664,124.25,61264400
2023-06-05,AMZN,123.36000061035156,125.80000305175781,123.02999877929688,125.30000305175781,47950100
2023-06-06,AMZN,125.06999969482422,127.4000015258789,125.0,126.61000061035156,45695200
2023-06-07,AMZN,127.01000213623047,127.37000274658203,120.62999725341797,121.2300033569336,95663300
2023-06-08,AMZN,123.01000213623047,125.62999725341797,122.26000213623047,124.25,62159300
2023-06-09,AMZN,124.08000183105469,125.80000305175781,123.19000244140625,123.43000030517578,51396000
2023-06-12,AMZN,124.0199966430664,126.77999877929688,123.52999877929688,126.56999969482422,51338000
2023-06-13,AMZN,128.1199951171875,128.41000366210938,125.18000030517578,126.66000366210938,50564800
2023-06-14,AMZN,126.69999694824219,126.94999694824219,124.12000274658203,126.41999816894531,52422500
2023-06-15,AMZN,125.20999908447266,127.69000244140625,124.31999969482422,127.11000061035156,60458500
2023-06-16,AMZN,127.70999908447266,127.9000015258789,125.30000305175781,125.48999786376953,84247100
2023-06-20,AMZN,124.97000122070312,127.25,124.5,125.77999877929688,56930100
2023-06-21,AMZN,125.63999938964844,126.7300033569336,123.8499984741211,124.83000183105469,52137700
2023-06-22,AMZN,125.30999755859375,130.3300018310547,125.13999938964844,130.14999389648438,90354600
2023-06-23,AMZN,129.11000061035156,130.83999633789062,128.27999877929688,129.3300018310547,71927800
2023-06-26,AMZN,129.3300018310547,131.49000549316406,127.0999984741211,127.33000183105469,59989300
2023-06-27,AMZN,128.6300048828125,130.08999633789062,127.55000305175781,129.17999267578125,46801000
2023-06-28,AMZN,128.94000244140625,131.47999572753906,128.44000244140625,129.0399932861328,52149500
2023-06-29,AMZN,128.77000427246094,129.25999450683594,127.26000213623047,127.9000015258789,40761000
2023-06-30,AMZN,129.47000122070312,131.25,128.9499969482422,130.36000061035156,54350700
2023-07-03,AMZN,130.82000732421875,131.85000610351562,130.07000732421875,130.22000122070312,28264800
2023-07-05,AMZN,130.24000549316406,131.39999389648438,129.63999938964844,130.3800048828125,35895400
2023-07-06,AMZN,128.25,128.72999572753906,127.37000274658203,128.36000061035156,40639900
2023-07-07,AMZN,128.58999633789062,130.97000122070312,128.1300048828125,129.77999877929688,41992300
2023-07-10,AMZN,129.07000732421875,129.27999877929688,125.91999816894531,127.12999725341797,61889300
2023-07-11,AMZN,127.75,129.77000427246094,127.3499984741211,128.77999877929688,49951500
2023-07-12,AMZN,130.30999755859375,131.25999450683594,128.8300018310547,130.8000030517578,54022800
2023-07-13,AMZN,134.0399932861328,134.6699981689453,132.7100067138672,134.3000030517578,61170900
2023-07-14,AMZN,134.05999755859375,136.64999389648438,134.05999755859375,134.67999267578125,54487100
2023-07-17,AMZN,134.55999755859375,135.6199951171875,133.2100067138672,133.55999755859375,48450200
2023-07-18,AMZN,132.7100067138672,133.86000061035156,131.35000610351562,132.8300018310547,54882900
2023-07-19,AMZN,133.38999938964844,135.99000549316406,132.52999877929688,135.36000061035156,54531000
2023-07-20,AMZN,134.07000732421875,134.7899932861328,129.3300018310547,129.9600067138672,59820600
2023-07-21,AMZN,131.33999633789062,131.3699951171875,128.4199981689453,130.0,133307300
2023-07-24,AMZN,130.30999755859375,131.66000366210938,128.35000610351562,128.8000030517578,45591100
2023-07-25,AMZN,129.30999755859375,129.5800018310547,128.52999877929688,129.1300048828125,39236700
2023-07-26,AMZN,126.51000213623047,129.0800018310547,126.11000061035156,128.14999389648438,53910100
2023-07-27,AMZN,131.0,132.6300048828125,127.79000091552734,128.25,52610700
2023-07-28,AMZN,129.69000244140625,133.00999450683594,129.3300018310547,132.2100067138672,46317400
2023-07-31,AMZN,133.1999969482422,133.8699951171875,132.3800048828125,133.67999267578125,41901500
2023-08-01,AMZN,133.5500030517578,133.69000244140625,131.6199951171875,131.69000244140625,42098500
2023-08-02,AMZN,130.14999389648438,130.22999572753906,126.81999969482422,128.2100067138672,51027600
2023-08-03,AMZN,127.4800033569336,129.83999633789062,126.41000366210938,128.91000366210938,88585200
2023-08-04,AMZN,141.05999755859375,143.6300048828125,139.32000732421875,139.57000732421875,153128500
2023-08-07,AMZN,140.99000549316406,142.5399932861328,138.9499969482422,142.22000122070312,71213100
2023-08-08,AMZN,140.6199951171875,140.83999633789062,138.4199981689453,139.94000244140625,51710500
2023-08-09,AMZN,139.97000122070312,140.32000732421875,137.10000610351562,137.85000610351562,50017300
2023-08-10,AMZN,139.07000732421875,140.41000366210938,137.49000549316406,138.55999755859375,58928400
2023-08-11,AMZN,137.39999389648438,139.3300018310547,137.0,138.41000366210938,42905800
2023-08-14,AMZN,138.3000030517578,140.58999633789062,137.75,140.57000732421875,47148700
2023-08-15,AMZN,140.0500030517578,141.27999877929688,137.22999572753906,137.6699981689453,42781500
2023-08-16,AMZN,137.19000244140625,137.27000427246094,135.00999450683594,135.07000732421875,41675900
2023-08-17,AMZN,135.4600067138672,136.08999633789062,133.52999877929688,133.97999572753906,48354100
2023-08-18,AMZN,131.6199951171875,134.07000732421875,131.14999389648438,133.22000122070312,48497700
2023-08-21,AMZN,133.74000549316406,135.19000244140625,132.7100067138672,134.67999267578125,41442500
2023-08-22,AMZN,135.0800018310547,135.64999389648438,133.72999572753906,134.25,32905400
2023-08-23,AMZN,134.5,135.9499969482422,133.22000122070312,135.52000427246094,42801000
2023-08-24,AMZN,136.39999389648438,136.77999877929688,131.8300018310547,131.83999633789062,43646300
2023-08-25,AMZN,132.47000122070312,133.8699951171875,130.5800018310547,133.25999450683594,44147500
2023-08-28,AMZN,133.77999877929688,133.9499969482422,131.85000610351562,133.13999938964844,34108400
2023-08-29,AMZN,133.3800048828125,135.13999938964844,133.25,134.91000366210938,38646100
2023-08-30,AMZN,134.92999267578125,135.67999267578125,133.9199981689453,135.07000732421875,36137000
2023-08-31,AMZN,135.05999755859375,138.7899932861328,135.0,138.00999450683594,58781300
2023-09-01,AMZN,139.4600067138672,139.9600067138672,136.8800048828125,138.1199951171875,40991500
2023-09-05,AMZN,137.72999572753906,137.8000030517578,135.82000732421875,137.27000427246094,40636700
2023-09-06,AMZN,136.32000732421875,137.4499969482422,134.61000061035156,135.36000061035156,41785500
2023-09-07,AMZN,133.89999389648438,138.02999877929688,133.16000366210938,137.85000610351562,48498900
2023-09-08,AMZN,136.86000061035156,138.85000610351562,136.75,138.22999572753906,38348200
2023-09-11,AMZN,138.75,143.6199951171875,138.63999938964844,143.10000610351562,56764500
2023-09-12,AMZN,142.32000732421875,143.0,140.61000061035156,141.22999572753906,42668500
2023-09-13,AMZN,140.9499969482422,144.97999572753906,140.8699951171875,144.85000610351562,60465200
2023-09-14,AMZN,145.0800018310547,145.86000061035156,142.9499969482422,144.72000122070312,64033600
2023-09-15,AMZN,142.69000244140625,143.57000732421875,140.08999633789062,140.38999938964844,102909300
2023-09-18,AMZN,140.47999572753906,141.75,139.22000122070312,139.97999572753906,42823500
2023-09-19,AMZN,138.6999969482422,138.83999633789062,135.55999755859375,137.6300048828125,61482500
2023-09-20,AMZN,138.5500030517578,139.3699951171875,135.1999969482422,135.2899932861328,46263700
2023-09-21,AMZN,131.94000244140625,132.24000549316406,129.30999755859375,129.3300018310547,70343300
2023-09-22,AMZN,131.11000061035156,132.02999877929688,128.52000427246094,129.1199951171875,59904300
2023-09-25,AMZN,129.36000061035156,131.77999877929688,128.77000427246094,131.27000427246094,46017800
2023-09-26,AMZN,130.1199951171875,130.38999938964844,125.27999877929688,125.9800033569336,73048200
2023-09-27,AMZN,125.76000213623047,127.4800033569336,124.12999725341797,125.9800033569336,66553400
2023-09-28,AMZN,124.04000091552734,126.58000183105469,123.04000091552734,125.9800033569336,54555000
2023-09-29,AMZN,128.1999969482422,129.14999389648438,126.31999969482422,127.12000274658203,62411700
2023-10-02,AMZN,127.27999877929688,130.47000122070312,126.54000091552734,129.4600067138672,48029700
2023-10-03,AMZN,128.05999755859375,128.52000427246094,124.25,124.72000122070312,51565000
2023-10-04,AMZN,126.05999755859375,127.36000061035156,125.68000030517578,127.0,44203900
2023-10-05,AMZN,126.70999908447266,126.7300033569336,124.33000183105469,125.95999908447266,39660600
2023-10-06,AMZN,124.16000366210938,128.4499969482422,124.12999725341797,127.95999908447266,46836700
2023-10-09,AMZN,126.22000122070312,128.7899932861328,124.76000213623047,128.25999450683594,38773700
2023-10-10,AMZN,128.82000732421875,130.74000549316406,128.0500030517578,129.47999572753906,42178600
2023-10-11,AMZN,129.74000549316406,132.0500030517578,129.61000061035156,131.8300018310547,40741800
2023-10-12,AMZN,132.1699981689453,134.47999572753906,131.22999572753906,132.3300018310547,55528600
2023-10-13,AMZN,132.97999572753906,133.30999755859375,128.9499969482422,129.7899932861328,45786600
2023-10-16,AMZN,130.69000244140625,133.07000732421875,130.42999267578125,132.5500030517578,42832900
2023-10-17,AMZN,130.38999938964844,132.5800018310547,128.7100067138672,131.47000122070312,49344600
2023-10-18,AMZN,129.89999389648438,130.6699981689453,127.51000213623047,128.1300048828125,42699500
2023-10-19,AMZN,130.57000732421875,132.24000549316406,127.47000122070312,128.39999389648438,60961400
2023-10-20,AMZN,128.0500030517578,128.1699981689453,124.97000122070312,125.16999816894531,56406400
2023-10-23,AMZN,124.62999725341797,127.87999725341797,123.9800033569336,126.55999755859375,48260000
2023-10-24,AMZN,127.73999786376953,128.8000030517578,126.33999633789062,128.55999755859375,46477400
2023-10-25,AMZN,126.04000091552734,126.33999633789062,120.79000091552734,121.38999938964844,74577500
2023-10-26,AMZN,120.62999725341797,121.63999938964844,118.3499984741211,119.56999969482422,100419500
2023-10-27,AMZN,126.19999694824219,130.02000427246094,125.5199966430664,127.73999786376953,125309300
2023-10-30,AMZN,129.72000122070312,133.0,128.55999755859375,132.7100067138672,72485500
2023-10-31,AMZN,132.75,133.57000732421875,131.7100067138672,133.08999633789062,51589400
2023-11-01,AMZN,133.9600067138672,137.35000610351562,133.7100067138672,137.0,61529400
2023-11-02,AMZN,138.72999572753906,138.80999755859375,136.47000122070312,138.07000732421875,52236700
2023-11-03,AMZN,138.99000549316406,139.49000549316406,137.4499969482422,138.60000610351562,44059800
2023-11-06,AMZN,138.75999450683594,140.72999572753906,138.36000061035156,139.74000549316406,44970400
2023-11-07,AMZN,140.5500030517578,143.3699951171875,140.5,142.7100067138672,53553500
2023-11-08,AMZN,142.97000122070312,143.1199951171875,141.22000122070312,142.0800018310547,44521700
2023-11-09,AMZN,142.02000427246094,142.64999389648438,139.83999633789062,140.60000610351562,36235400
2023-11-10,AMZN,140.4600067138672,143.64999389648438,139.91000366210938,143.55999755859375,49287800
2023-11-13,AMZN,142.0800018310547,143.22999572753906,140.6699981689453,142.58999633789062,35680600
2023-11-14,AMZN,145.0,147.25999450683594,144.67999267578125,145.8000030517578,56674600
2023-11-15,AMZN,147.05999755859375,147.2899932861328,142.58999633789062,143.1999969482422,63875700
2023-11-16,AMZN,140.91000366210938,143.32000732421875,139.52000427246094,142.8300018310547,49653500
2023-11-17,AMZN,142.66000366210938,145.22999572753906,142.5399932861328,145.17999267578125,49636700
2023-11-20,AMZN,145.1300048828125,146.6300048828125,144.72999572753906,146.1300048828125,41951200
2023-11-21,AMZN,143.91000366210938,144.0500030517578,141.5,143.89999389648438,71226000
2023-11-22,AMZN,144.57000732421875,147.74000549316406,144.57000732421875,146.7100067138672,45669100
2023-11-24,AMZN,146.6999969482422,147.1999969482422,145.32000732421875,146.74000549316406,22378400
2023-11-27,AMZN,147.52999877929688,149.25999450683594,146.8800048828125,147.72999572753906,53762400
2023-11-28,AMZN,146.97999572753906,147.60000610351562,145.52999877929688,147.02999877929688,42711700
2023-11-29,AMZN,147.85000610351562,148.5399932861328,145.97000122070312,146.32000732421875,40610900
2023-11-30,AMZN,144.75999450683594,146.92999267578125,144.3300018310547,146.08999633789062,65814000
2023-12-01,AMZN,146.0,147.25,145.5500030517578,147.02999877929688,39951800
2023-12-04,AMZN,145.25,145.35000610351562,142.80999755859375,144.83999633789062,48294200
2023-12-05,AMZN,143.5500030517578,148.57000732421875,143.1300048828125,146.8800048828125,46822400
2023-12-06,AMZN,147.5800018310547,147.85000610351562,144.27999877929688,144.52000427246094,39679000
2023-12-07,AMZN,146.14999389648438,147.9199981689453,145.33999633789062,146.8800048828125,52352800
2023-12-08,AMZN,145.47999572753906,147.83999633789062,145.39999389648438,147.4199981689453,41906000
2023-12-11,AMZN,145.66000366210938,146.19000244140625,143.63999938964844,145.88999938964844,50907300
2023-12-12,AMZN,145.52000427246094,147.5,145.3000030517578,147.47999572753906,44944300
2023-12-13,AMZN,148.1199951171875,149.4600067138672,146.82000732421875,148.83999633789062,52766200
2023-12-14,AMZN,149.92999267578125,150.5399932861328,145.52000427246094,147.4199981689453,58400800
2023-12-15,AMZN,148.3800048828125,150.57000732421875,147.8800048828125,149.97000122070312,110089300
2023-12-18,AMZN,150.55999755859375,154.85000610351562,150.0500030517578,154.07000732421875,62512800
2023-12-19,AMZN,154.39999389648438,155.1199951171875,152.69000244140625,153.7899932861328,43171300
2023-12-20,AMZN,152.89999389648438,155.6300048828125,151.55999755859375,152.1199951171875,50322100
2023-12-21,AMZN,153.3000030517578,153.97000122070312,152.10000610351562,153.83999633789062,36305700
2023-12-22,AMZN,153.77000427246094,154.35000610351562,152.7100067138672,153.4199981689453,29514100
2023-12-26,AMZN,153.55999755859375,153.97999572753906,153.02999877929688,153.41000366210938,25067200
2023-12-27,AMZN,153.55999755859375,154.77999877929688,153.1199951171875,153.33999633789062,31434700
2023-12-28,AMZN,153.72000122070312,154.0800018310547,152.9499969482422,153.3800048828125,27057000
2023-12-29,AMZN,153.10000610351562,153.88999938964844,151.02999877929688,151.94000244140625,39823200
2024-01-02,AMZN,151.5399932861328,152.3800048828125,148.38999938964844,149.92999267578125,47339400
2024-01-03,AMZN,149.1999969482422,151.0500030517578,148.3300018310547,148.47000122070312,49425500
2024-01-04,AMZN,145.58999633789062,147.3800048828125,144.0500030517578,144.57000732421875,56039800
2024-01-05,AMZN,144.69000244140625,146.58999633789062,144.52999877929688,145.24000549316406,45153100
2024-01-08,AMZN,146.74000549316406,149.39999389648438,146.14999389648438,149.10000610351562,46757100
2024-01-09,AMZN,148.3300018310547,151.7100067138672,148.2100067138672,151.3699951171875,43812600
2024-01-10,AMZN,152.05999755859375,154.4199981689453,151.8800048828125,153.72999572753906,44421800
2024-01-11,AMZN,155.0399932861328,157.1699981689453,153.1199951171875,155.17999267578125,49072700
2024-01-12,AMZN,155.38999938964844,156.1999969482422,154.00999450683594,154.6199951171875,40484200
2024-01-16,AMZN,153.52999877929688,154.99000549316406,152.14999389648438,153.16000366210938,41384600
2024-01-17,AMZN,151.49000549316406,152.14999389648438,149.91000366210938,151.7100067138672,34953400
2024-01-18,AMZN,152.77000427246094,153.77999877929688,151.82000732421875,153.5,37850200
2024-01-19,AMZN,153.8300018310547,155.75999450683594,152.74000549316406,155.33999633789062,51651600
2024-01-22,AMZN,156.88999938964844,157.0500030517578,153.89999389648438,154.77999877929688,43687500
2024-01-23,AMZN,154.85000610351562,156.2100067138672,153.92999267578125,156.02000427246094,37986000
2024-01-24,AMZN,157.8000030517578,158.50999450683594,156.47999572753906,156.8699951171875,48547300
2024-01-25,AMZN,156.9499969482422,158.50999450683594,154.5500030517578,157.75,43638600
2024-01-26,AMZN,158.4199981689453,160.72000122070312,157.91000366210938,159.1199951171875,51047400
2024-01-29,AMZN,159.33999633789062,161.2899932861328,158.89999389648438,161.25999450683594,45270400
2024-01-30,AMZN,160.6999969482422,161.72999572753906,158.49000549316406,159.0,45207400
2024-01-31,AMZN,157.0,159.00999450683594,154.80999755859375,155.1999969482422,50284400
2024-02-01,AMZN,155.8699951171875,159.75999450683594,155.6199951171875,159.27999877929688,76542400
2024-02-02,AMZN,169.19000244140625,172.5,167.3300018310547,171.80999755859375,117218300
2024-02-05,AMZN,170.1999969482422,170.5500030517578,167.6999969482422,170.30999755859375,55081300
2024-02-06,AMZN,169.38999938964844,170.7100067138672,167.64999389648438,169.14999389648438,42505500
2024-02-07,AMZN,169.47999572753906,170.8800048828125,168.94000244140625,170.52999877929688,47174100
2024-02-08,AMZN,169.64999389648438,171.42999267578125,168.8800048828125,169.83999633789062,42316500
2024-02-09,AMZN,170.89999389648438,175.0,170.5800018310547,174.4499969482422,56986000
2024-02-12,AMZN,174.8000030517578,175.38999938964844,171.5399932861328,172.33999633789062,51050400
2024-02-13,AMZN,167.72999572753906,170.9499969482422,165.75,168.63999938964844,56345100
2024-02-14,AMZN,169.2100067138672,171.2100067138672,168.27999877929688,170.97999572753906,42815500
2024-02-15,AMZN,170.5800018310547,171.1699981689453,167.58999633789062,169.8000030517578,49855200
2024-02-16,AMZN,168.74000549316406,170.4199981689453,167.1699981689453,169.50999450683594,48107700
2024-02-20,AMZN,167.8300018310547,168.7100067138672,165.74000549316406,167.0800018310547,41980300
2024-02-21,AMZN,168.94000244140625,170.22999572753906,167.13999938964844,168.58999633789062,44420100
2024-02-22,AMZN,173.10000610351562,174.8000030517578,171.77000427246094,174.5800018310547,55392400
2024-02-23,AMZN,174.27999877929688,175.75,173.6999969482422,174.99000549316406,59715200
2024-02-26,AMZN,175.6999969482422,176.3699951171875,174.25999450683594,174.72999572753906,44368600
2024-02-27,AMZN,174.0800018310547,174.6199951171875,172.86000061035156,173.5399932861328,31141700
2024-02-28,AMZN,172.44000244140625,174.0500030517578,172.27000427246094,173.16000366210938,28180500
2024-02-29,AMZN,173.00999450683594,177.22000122070312,172.85000610351562,176.75999450683594,53805400
2024-03-01,AMZN,176.75,178.72999572753906,176.07000732421875,178.22000122070312,31981200
2024-03-04,AMZN,177.52999877929688,180.13999938964844,177.49000549316406,177.5800018310547,37381500
2024-03-05,AMZN,176.92999267578125,176.92999267578125,173.3000030517578,174.1199951171875,37228300
2024-03-06,AMZN,175.5399932861328,176.4600067138672,173.25999450683594,173.50999450683594,32090900
2024-03-07,AMZN,174.8300018310547,177.99000549316406,173.72000122070312,176.82000732421875,34063300
2024-03-08,AMZN,176.44000244140625,178.7899932861328,174.3300018310547,175.35000610351562,37893200
2024-03-11,AMZN,174.30999755859375,174.47000122070312,171.47000122070312,171.9600067138672,28484800
2024-03-12,AMZN,173.5,176.75999450683594,171.97999572753906,175.38999938964844,36610600
2024-03-13,AMZN,175.89999389648438,177.6199951171875,175.5500030517578,176.55999755859375,30772600
2024-03-14,AMZN,177.69000244140625,179.52999877929688,176.47000122070312,178.75,43705800
2024-03-15,AMZN,176.63999938964844,177.92999267578125,173.89999389648438,174.4199981689453,72147400
2024-03-18,AMZN,175.8000030517578,176.69000244140625,174.27999877929688,174.47999572753906,31250700
2024-03-19,AMZN,174.22000122070312,176.08999633789062,173.52000427246094,175.89999389648438,26880900
2024-03-20,AMZN,176.13999938964844,178.52999877929688,174.63999938964844,178.14999389648438,29947200
2024-03-21,AMZN,179.99000549316406,181.4199981689453,178.14999389648438,178.14999389648438,32824300
2024-03-22,AMZN,177.75,179.25999450683594,176.75,178.8699951171875,27995400
2024-03-25,AMZN,178.00999450683594,180.99000549316406,177.24000549316406,179.7100067138672,29815500
2024-03-26,AMZN,180.14999389648438,180.4499969482422,177.9499969482422,178.3000030517578,29659000
2024-03-27,AMZN,179.8800048828125,180.0,177.30999755859375,179.8300018310547,33272600
2024-03-28,AMZN,180.1699981689453,181.6999969482422,179.25999450683594,180.3800048828125,38051600
2024-04-01,AMZN,180.7899932861328,183.0,179.9499969482422,180.97000122070312,29174500
2024-04-02,AMZN,179.07000732421875,180.7899932861328,178.3800048828125,180.69000244140625,32611500
2024-04-03,AMZN,179.89999389648438,182.8699951171875,179.8000030517578,182.41000366210938,31046600
2024-04-04,AMZN,184.0,185.10000610351562,180.0,180.0,41624300
2024-04-05,AMZN,182.3800048828125,186.27000427246094,181.97000122070312,185.07000732421875,42374000
2024-04-08,AMZN,186.89999389648438,187.2899932861328,184.80999755859375,185.19000244140625,39221300
2024-04-09,AMZN,187.24000549316406,187.33999633789062,184.1999969482422,185.6699981689453,36520100
2024-04-10,AMZN,182.77000427246094,186.27000427246094,182.6699981689453,185.9499969482422,35879200
2024-04-11,AMZN,186.74000549316406,189.77000427246094,185.50999450683594,189.0500030517578,40020700
2024-04-12,AMZN,187.72000122070312,188.3800048828125,185.0800018310547,186.1300048828125,38608800
2024-04-15,AMZN,187.42999267578125,188.69000244140625,183.0,183.6199951171875,48052400
2024-04-16,AMZN,183.27000427246094,184.8300018310547,182.25999450683594,183.32000732421875,32891300
2024-04-17,AMZN,184.30999755859375,184.57000732421875,179.82000732421875,181.27999877929688,31359700
2024-04-18,AMZN,181.47000122070312,182.38999938964844,178.64999389648438,179.22000122070312,30723800
2024-04-19,AMZN,178.74000549316406,179.0,173.44000244140625,174.6300048828125,56000700
2024-04-22,AMZN,176.94000244140625,178.8699951171875,174.55999755859375,177.22999572753906,37924900
2024-04-23,AMZN,178.0800018310547,179.92999267578125,175.97999572753906,179.5399932861328,37046500
2024-04-24,AMZN,179.94000244140625,180.32000732421875,176.17999267578125,176.58999633789062,34185100
2024-04-25,AMZN,169.67999267578125,173.9199981689453,166.32000732421875,173.6699981689453,49249400
2024-04-26,AMZN,177.8000030517578,180.82000732421875,176.1300048828125,179.6199951171875,43919800
2024-04-29,AMZN,182.75,183.52999877929688,179.38999938964844,180.9600067138672,54063900
2024-04-30,AMZN,181.08999633789062,182.99000549316406,174.8000030517578,175.0,94639800
2024-05-01,AMZN,181.63999938964844,185.14999389648438,176.55999755859375,179.0,94645100
2024-05-02,AMZN,180.85000610351562,185.10000610351562,179.91000366210938,184.72000122070312,54303500
2024-05-03,AMZN,186.99000549316406,187.8699951171875,185.4199981689453,186.2100067138672,39172000
2024-05-06,AMZN,186.27999877929688,188.75,184.8000030517578,188.6999969482422,34725300
2024-05-07,AMZN,188.9199981689453,189.94000244140625,187.30999755859375,188.75999450683594,34048900
2024-05-08,AMZN,187.44000244140625,188.42999267578125,186.38999938964844,188.0,26136400
2024-05-09,AMZN,188.8800048828125,191.6999969482422,187.44000244140625,189.5,43368400
2024-05-10,AMZN,189.16000366210938,189.88999938964844,186.92999267578125,187.47999572753906,34141800
2024-05-13,AMZN,188.0,188.30999755859375,185.36000061035156,186.57000732421875,24898600
2024-05-14,AMZN,183.82000732421875,187.72000122070312,183.4499969482422,187.07000732421875,38698200
2024-05-15,AMZN,185.97000122070312,186.72000122070312,182.72999572753906,185.99000549316406,75459900
2024-05-16,AMZN,185.60000610351562,187.30999755859375,183.4600067138672,183.6300048828125,38834500
2024-05-17,AMZN,183.75999450683594,185.3000030517578,183.35000610351562,184.6999969482422,33175700
2024-05-20,AMZN,184.33999633789062,186.6699981689453,183.27999877929688,183.5399932861328,30511800
2024-05-21,AMZN,182.3000030517578,183.25999450683594,180.75,183.14999389648438,50839100
2024-05-22,AMZN,183.8800048828125,185.22000122070312,181.97000122070312,183.1300048828125,28148800
2024-05-23,AMZN,183.66000366210938,184.75999450683594,180.0800018310547,181.0500030517578,33670200
2024-05-24,AMZN,181.64999389648438,182.44000244140625,180.3000030517578,180.75,27471600
2024-05-28,AMZN,179.92999267578125,182.24000549316406,179.49000549316406,182.14999389648438,29927000
2024-05-29,AMZN,181.6999969482422,184.0800018310547,181.5500030517578,182.02000427246094,32009300
2024-05-30,AMZN,181.30999755859375,181.33999633789062,178.36000061035156,179.32000732421875,29184700
2024-05-31,AMZN,178.3000030517578,179.2100067138672,173.8699951171875,176.44000244140625,58903900
2024-06-03,AMZN,177.6999969482422,178.6999969482422,175.9199981689453,178.33999633789062,30786600
2024-06-04,AMZN,177.63999938964844,179.82000732421875,176.44000244140625,179.33999633789062,27198400
2024-06-05,AMZN,180.10000610351562,181.5,178.75,181.27999877929688,32116400
2024-06-06,AMZN,181.75,185.0,181.49000549316406,185.0,31371200
2024-06-07,AMZN,184.89999389648438,186.2899932861328,183.36000061035156,184.3000030517578,28021500
2024-06-10,AMZN,184.07000732421875,187.22999572753906,183.7899932861328,187.05999755859375,34445600
2024-06-11,AMZN,187.05999755859375,187.77000427246094,184.5399932861328,187.22999572753906,27265100
2024-06-12,AMZN,188.02000427246094,188.35000610351562,185.42999267578125,186.88999938964844,33984200
2024-06-13,AMZN,186.08999633789062,187.6699981689453,182.6699981689453,183.8300018310547,39721500
2024-06-14,AMZN,183.0800018310547,183.72000122070312,182.22999572753906,183.66000366210938,25456400
2024-06-17,AMZN,182.52000427246094,185.0,181.22000122070312,184.05999755859375,35601900
2024-06-18,AMZN,183.74000549316406,184.2899932861328,181.42999267578125,182.80999755859375,36659200
2024-06-20,AMZN,182.91000366210938,186.50999450683594,182.72000122070312,186.10000610351562,44726800
2024-06-21,AMZN,187.8000030517578,189.27999877929688,185.86000061035156,189.0800018310547,70792500
2024-06-24,AMZN,189.3300018310547,191.0,185.3300018310547,185.57000732421875,50610400
2024-06-25,AMZN,186.80999755859375,188.83999633789062,185.4199981689453,186.33999633789062,45366400
2024-06-26,AMZN,186.9199981689453,194.8000030517578,186.25999450683594,193.61000061035156,65103900
2024-06-27,AMZN,195.00999450683594,199.83999633789062,194.1999969482422,197.85000610351562,74397500
2024-06-28,AMZN,197.72999572753906,198.85000610351562,192.5,193.25,76930200
2024-07-01,AMZN,193.49000549316406,198.3000030517578,192.82000732421875,197.1999969482422,41192000
2024-07-02,AMZN,197.27999877929688,200.42999267578125,195.92999267578125,200.0,45600000
2024-07-03,AMZN,199.94000244140625,200.02999877929688,196.75999450683594,197.58999633789062,31597900
2024-07-05,AMZN,198.64999389648438,200.5500030517578,198.1699981689453,200.0,39858900
2024-07-08,AMZN,200.0399932861328,201.1999969482422,197.9600067138672,199.2899932861328,34767300
2024-07-09,AMZN,199.39999389648438,200.57000732421875,199.0500030517578,199.33999633789062,32700100
2024-07-10,AMZN,200.0,200.11000061035156,197.69000244140625,199.7899932861328,32883800
2024-07-11,AMZN,200.08999633789062,200.27000427246094,192.86000061035156,195.0500030517578,44565000
2024-07-12,AMZN,194.8000030517578,196.47000122070312,193.8300018310547,194.49000549316406,30598500
2024-07-15,AMZN,194.55999755859375,196.19000244140625,190.8300018310547,192.72000122070312,40683200
2024-07-16,AMZN,195.58999633789062,196.6199951171875,192.24000549316406,193.02000427246094,33994700
2024-07-17,AMZN,191.35000610351562,191.5800018310547,185.99000549316406,187.92999267578125,48076100
2024-07-18,AMZN,189.58999633789062,189.67999267578125,181.4499969482422,183.75,51043600
2024-07-19,AMZN,181.13999938964844,184.92999267578125,180.11000061035156,183.1300048828125,43081800
2024-07-22,AMZN,185.0,185.05999755859375,182.47999572753906,182.5500030517578,39931900
2024-07-23,AMZN,184.10000610351562,189.38999938964844,183.55999755859375,186.41000366210938,47537700
2024-07-24,AMZN,183.1999969482422,185.4499969482422,180.41000366210938,180.8300018310547,41532400
2024-07-25,AMZN,182.91000366210938,183.89999389648438,176.8000030517578,179.85000610351562,44464200
2024-07-26,AMZN,180.38999938964844,183.19000244140625,180.24000549316406,182.5,29506000
2024-07-29,AMZN,183.83999633789062,184.75,182.3800048828125,183.1999969482422,33270100
2024-07-30,AMZN,184.72000122070312,185.86000061035156,179.3800048828125,181.7100067138672,39508600
2024-07-31,AMZN,185.0500030517578,187.94000244140625,184.4600067138672,186.97999572753906,41667300
2024-08-01,AMZN,189.2899932861328,190.60000610351562,181.8699951171875,184.07000732421875,70435600
2024-08-02,AMZN,166.75,168.77000427246094,160.5500030517578,167.89999389648438,141448400
2024-08-05,AMZN,154.2100067138672,162.9600067138672,151.61000061035156,161.02000427246094,83149400
2024-08-06,AMZN,161.7100067138672,165.0800018310547,158.5399932861328,161.92999267578125,59950800
2024-08-07,AMZN,166.5500030517578,167.5800018310547,161.42999267578125,162.77000427246094,48408200
2024-08-08,AMZN,165.1699981689453,166.69000244140625,162.5500030517578,165.8000030517578,44616200
2024-08-09,AMZN,166.39999389648438,168.5500030517578,165.85000610351562,166.94000244140625,36401000
2024-08-12,AMZN,168.13999938964844,168.5500030517578,166.11000061035156,166.8000030517578,30072800
2024-08-13,AMZN,167.80999755859375,171.0399932861328,167.10000610351562,170.22999572753906,39237900
2024-08-14,AMZN,172.11000061035156,172.27999877929688,168.86000061035156,170.10000610351562,28843800
2024-08-15,AMZN,174.86000061035156,177.91000366210938,173.99000549316406,177.58999633789062,51698500
2024-08-16,AMZN,177.0399932861328,178.33999633789062,176.25999450683594,177.05999755859375,31489200
2024-08-19,AMZN,177.63999938964844,178.3000030517578,176.16000366210938,178.22000122070312,31129800
2024-08-20,AMZN,177.9199981689453,179.00999450683594,177.42999267578125,178.8800048828125,26255200
2024-08-21,AMZN,179.9199981689453,182.38999938964844,178.88999938964844,180.11000061035156,35599100
2024-08-22,AMZN,181.3800048828125,181.47000122070312,175.67999267578125,176.1300048828125,32047500
2024-08-23,AMZN,177.33999633789062,178.97000122070312,175.24000549316406,177.0399932861328,29150100
2024-08-26,AMZN,176.6999969482422,177.47000122070312,174.3000030517578,175.5,22366200
2024-08-27,AMZN,174.14999389648438,174.88999938964844,172.25,173.1199951171875,29842000
2024-08-28,AMZN,173.69000244140625,173.69000244140625,168.9199981689453,170.8000030517578,29045000
2024-08-29,AMZN,173.22000122070312,174.2899932861328,170.80999755859375,172.1199951171875,26407800
2024-08-30,AMZN,172.77999877929688,178.89999389648438,172.60000610351562,178.5,43429400
2024-09-03,AMZN,177.5500030517578,178.25999450683594,175.25999450683594,176.25,37817500
2024-09-04,AMZN,174.47999572753906,175.97999572753906,172.5399932861328,173.3300018310547,30309200
2024-09-05,AMZN,175.0,179.8800048828125,175.0,177.88999938964844,40170500
2024-09-06,AMZN,177.24000549316406,178.3800048828125,171.16000366210938,171.38999938964844,41466500
2024-09-09,AMZN,174.52999877929688,175.85000610351562,173.50999450683594,175.39999389648438,29037400
2024-09-10,AMZN,177.49000549316406,180.5,176.7899932861328,179.5500030517578,36233800
2024-09-11,AMZN,180.10000610351562,184.99000549316406,175.72999572753906,184.52000427246094,42564700
2024-09-12,AMZN,184.8000030517578,187.41000366210938,183.5399932861328,187.0,33544200
2024-09-13,AMZN,187.0,188.5,185.91000366210938,186.49000549316406,26495400
2024-09-16,AMZN,185.2899932861328,185.80999755859375,183.36000061035156,184.88999938964844,26065500
2024-09-17,AMZN,186.85000610351562,189.4499969482422,186.13999938964844,186.8800048828125,26091700
2024-09-18,AMZN,186.4499969482422,188.8000030517578,185.05999755859375,186.42999267578125,34448100
2024-09-19,AMZN,190.0399932861328,190.99000549316406,188.47000122070312,189.8699951171875,39543200
2024-09-20,AMZN,190.22999572753906,191.83999633789062,187.41000366210938,191.60000610351562,100378600
2024-09-23,AMZN,191.63999938964844,194.4499969482422,190.57000732421875,193.8800048828125,36993100
2024-09-24,AMZN,194.27000427246094,195.3699951171875,190.1300048828125,193.9600067138672,43478900
2024-09-25,AMZN,193.75,193.9499969482422,192.16000366210938,192.52999877929688,26391100
2024-09-26,AMZN,194.30999755859375,194.52999877929688,189.5399932861328,191.16000366210938,36334900
2024-09-27,AMZN,190.67999267578125,190.89999389648438,187.33999633789062,187.97000122070312,36002300
2024-09-30,AMZN,187.13999938964844,188.49000549316406,184.64999389648438,186.3300018310547,41583900
2024-10-01,AMZN,184.89999389648438,186.19000244140625,183.4499969482422,185.1300048828125,36044900
2024-10-02,AMZN,184.44000244140625,186.60000610351562,184.0399932861328,184.75999450683594,23704100
2024-10-03,AMZN,183.0500030517578,183.44000244140625,180.8800048828125,181.9600067138672,30204300
2024-10-04,AMZN,185.75,187.60000610351562,183.60000610351562,186.50999450683594,40890300
2024-10-07,AMZN,182.9499969482422,183.60000610351562,180.25,180.8000030517578,42364200
2024-10-08,AMZN,181.9199981689453,183.08999633789062,180.9199981689453,182.72000122070312,26372100
2024-10-09,AMZN,182.82000732421875,185.85000610351562,182.0500030517578,185.1699981689453,26343100
2024-10-10,AMZN,187.1300048828125,188.1300048828125,185.8300018310547,186.64999389648438,27785000
2024-10-11,AMZN,186.6300048828125,189.92999267578125,186.3000030517578,188.82000732421875,25751600
2024-10-14,AMZN,189.77999877929688,189.8300018310547,187.36000061035156,187.5399932861328,22614400
2024-10-15,AMZN,187.6300048828125,188.41000366210938,184.5800018310547,187.69000244140625,32178900
2024-10-16,AMZN,187.0500030517578,187.77999877929688,185.61000061035156,186.88999938964844,23456800
2024-10-17,AMZN,188.22000122070312,188.94000244140625,186.0,187.52999877929688,25039400
2024-10-18,AMZN,187.14999389648438,190.74000549316406,186.27999877929688,188.99000549316406,37417700
2024-10-21,AMZN,188.0500030517578,189.4600067138672,186.39999389648438,189.07000732421875,24639400
2024-10-22,AMZN,188.35000610351562,191.52000427246094,186.97999572753906,189.6999969482422,29650600
2024-10-23,AMZN,188.85000610351562,189.16000366210938,183.69000244140625,184.7100067138672,31937100
2024-10-24,AMZN,185.25,187.11000061035156,183.86000061035156,186.3800048828125,21647400
2024-10-25,AMZN,187.85000610351562,190.4499969482422,187.52999877929688,187.8300018310547,29362100
2024-10-28,AMZN,189.57000732421875,190.2100067138672,188.2100067138672,188.38999938964844,27930800
2024-10-29,AMZN,188.5800018310547,191.4600067138672,187.82000732421875,190.8300018310547,35690200
2024-10-30,AMZN,194.6999969482422,195.61000061035156,192.4199981689453,192.72999572753906,37707600
2024-10-31,AMZN,190.50999450683594,190.60000610351562,185.22999572753906,186.39999389648438,75146800
2024-11-01,AMZN,199.0,200.5,197.02000427246094,197.92999267578125,99687800
2024-11-04,AMZN,196.4499969482422,197.3300018310547,194.30999755859375,195.77999877929688,38492100
2024-11-05,AMZN,196.0399932861328,199.82000732421875,195.99000549316406,199.5,30564800
2024-11-06,AMZN,200.00999450683594,207.5500030517578,199.13999938964844,207.08999633789062,72292200
2024-11-07,AMZN,207.44000244140625,212.25,207.19000244140625,210.0500030517578,52878400
2024-11-08,AMZN,209.72000122070312,209.9600067138672,207.44000244140625,208.17999267578125,36075800
2024-11-11,AMZN,208.5,209.64999389648438,205.58999633789062,206.83999633789062,35456000
2024-11-12,AMZN,208.3699951171875,209.5399932861328,206.00999450683594,208.91000366210938,38942900
2024-11-13,AMZN,209.39999389648438,215.08999633789062,209.13999938964844,214.10000610351562,46212900
2024-11-14,AMZN,214.16000366210938,215.89999389648438,210.8800048828125,211.47999572753906,42620300
2024-11-15,AMZN,206.75999450683594,207.33999633789062,199.61000061035156,202.61000061035156,86591100
2024-11-18,AMZN,204.14999389648438,204.6699981689453,200.9499969482422,201.6999969482422,36409900
2024-11-19,AMZN,199.3300018310547,205.3000030517578,198.77999877929688,204.61000061035156,31197900
2024-11-20,AMZN,202.97999572753906,203.1300048828125,199.4499969482422,202.8800048828125,32769000
2024-11-21,AMZN,203.49000549316406,203.49000549316406,195.75,198.3800048828125,58800000
2024-11-22,AMZN,198.25,199.25999450683594,196.75,197.1199951171875,31530800
2024-11-25,AMZN,199.27999877929688,201.9499969482422,199.0,201.4499969482422,40685700
2024-11-26,AMZN,201.89999389648438,208.0,201.7899932861328,207.86000061035156,41673700
2024-11-27,AMZN,206.97999572753906,207.63999938964844,205.0500030517578,205.74000549316406,28061600
2024-11-29,AMZN,205.8300018310547,208.1999969482422,204.58999633789062,207.88999938964844,24892400
2024-12-02,AMZN,209.9600067138672,212.99000549316406,209.50999450683594,210.7100067138672,39523200
2024-12-03,AMZN,210.30999755859375,214.02000427246094,209.64999389648438,213.44000244140625,32214800
2024-12-04,AMZN,215.9600067138672,220.0,215.75,218.16000366210938,48745700
2024-12-05,AMZN,218.02999877929688,222.14999389648438,217.3000030517578,220.5500030517578,41140200
2024-12-06,AMZN,220.75,227.14999389648438,220.60000610351562,227.02999877929688,44178100
2024-12-09,AMZN,227.2100067138672,230.0800018310547,225.6699981689453,226.08999633789062,46819400
2024-12-10,AMZN,226.08999633789062,229.05999755859375,224.1999969482422,225.0399932861328,31199900
2024-12-11,AMZN,226.41000366210938,231.1999969482422,226.25999450683594,230.25999450683594,35385800
2024-12-12,AMZN,229.8300018310547,231.08999633789062,227.6300048828125,228.97000122070312,28204100
2024-12-13,AMZN,228.39999389648438,230.1999969482422,225.86000061035156,227.4600067138672,28768100
2024-12-16,AMZN,230.22999572753906,233.0,228.00999450683594,232.92999267578125,37552100
2024-12-17,AMZN,232.38999938964844,232.72999572753906,227.85000610351562,231.14999389648438,35948100
2024-12-18,AMZN,230.77000427246094,231.39999389648438,220.11000061035156,220.52000427246094,43281400
2024-12-19,AMZN,224.91000366210938,226.08999633789062,222.9199981689453,223.2899932861328,39918700
2024-12-20,AMZN,219.83999633789062,226.2100067138672,218.72999572753906,224.9199981689453,88279200
2024-12-23,AMZN,225.00999450683594,226.8800048828125,223.89999389648438,225.05999755859375,28070000
2024-12-24,AMZN,226.94000244140625,229.13999938964844,226.1300048828125,229.0500030517578,15007500
2024-12-26,AMZN,228.5,228.5,226.6699981689453,227.0500030517578,16146700
2024-12-27,AMZN,225.60000610351562,226.02999877929688,220.89999389648438,223.75,27367100
2024-12-30,AMZN,220.05999755859375,223.0,218.42999267578125,221.3000030517578,28321200
2024-12-31,AMZN,222.97000122070312,223.22999572753906,218.94000244140625,219.38999938964844,24819700
2025-01-02,AMZN,222.02999877929688,225.14999389648438,218.19000244140625,220.22000122070312,33956600
2025-01-03,AMZN,222.50999450683594,225.36000061035156,221.6199951171875,224.19000244140625,27515600
2025-01-06,AMZN,226.77999877929688,228.83999633789062,224.83999633789062,227.61000061035156,31849800
2025-01-07,AMZN,227.89999389648438,228.3800048828125,221.4600067138672,222.11000061035156,28084200
2025-01-08,AMZN,223.19000244140625,223.52000427246094,220.1999969482422,222.1300048828125,25033300
2025-01-10,AMZN,221.4600067138672,221.7100067138672,216.5,218.94000244140625,36811500
2025-01-13,AMZN,218.05999755859375,219.39999389648438,216.47000122070312,218.4600067138672,27262700
2025-01-14,AMZN,220.44000244140625,221.82000732421875,216.1999969482422,217.75999450683594,24711700
2025-01-15,AMZN,222.8300018310547,223.57000732421875,220.75,223.35000610351562,31291300
2025-01-16,AMZN,224.4199981689453,224.64999389648438,220.30999755859375,220.66000366210938,24757300
2025-01-17,AMZN,225.83999633789062,226.50999450683594,223.0800018310547,225.94000244140625,42370100
2025-01-21,AMZN,228.89999389648438,231.77999877929688,226.94000244140625,230.7100067138672,39951500
2025-01-22,AMZN,232.02000427246094,235.44000244140625,231.19000244140625,235.00999450683594,41448200
2025-01-23,AMZN,234.10000610351562,235.52000427246094,231.50999450683594,235.4199981689453,26404400
2025-01-24,AMZN,234.5,236.39999389648438,232.92999267578125,234.85000610351562,25890700
2025-01-27,AMZN,226.2100067138672,235.61000061035156,225.86000061035156,235.4199981689453,49428300
2025-01-28,AMZN,234.2899932861328,241.77000427246094,233.97999572753906,238.14999389648438,41587200
2025-01-29,AMZN,239.02000427246094,240.38999938964844,236.14999389648438,237.07000732421875,26091700
2025-01-30,AMZN,237.13999938964844,237.9499969482422,232.22000122070312,234.63999938964844,32020700
2025-01-31,AMZN,236.5,240.2899932861328,236.41000366210938,237.67999267578125,36110200
2025-02-03,AMZN,234.05999755859375,239.25,232.89999389648438,237.4199981689453,37285900
2025-02-04,AMZN,239.00999450683594,242.52000427246094,238.02999877929688,242.05999755859375,29713800
2025-02-05,AMZN,237.02000427246094,238.32000732421875,235.1999969482422,236.1699981689453,38727300
2025-02-06,AMZN,238.00999450683594,239.66000366210938,236.00999450683594,238.8300018310547,60897100
2025-02-07,AMZN,232.5,234.80999755859375,228.05999755859375,229.14999389648438,77539300
2025-02-10,AMZN,230.5500030517578,233.9199981689453,229.1999969482422,233.13999938964844,35419900
2025-02-11,AMZN,231.9199981689453,233.44000244140625,230.1300048828125,232.75999450683594,23713700
2025-02-12,AMZN,230.4600067138672,231.17999267578125,228.16000366210938,228.92999267578125,32285200
2025-02-13,AMZN,228.85000610351562,230.4199981689453,227.52000427246094,230.3699951171875,31346500
2025-02-14,AMZN,229.1999969482422,229.88999938964844,227.22999572753906,228.67999267578125,27031100
2025-02-18,AMZN,228.82000732421875,229.3000030517578,223.72000122070312,226.64999389648438,42975100
2025-02-19,AMZN,225.52000427246094,226.8300018310547,223.7100067138672,226.6300048828125,28566700
2025-02-20,AMZN,224.77999877929688,225.1300048828125,221.80999755859375,222.8800048828125,30001700
2025-02-21,AMZN,223.27999877929688,223.30999755859375,214.74000549316406,216.5800018310547,55323900
2025-02-24,AMZN,217.4499969482422,217.72000122070312,212.4199981689453,212.7100067138672,42387600
2025-02-25,AMZN,211.6300048828125,213.33999633789062,204.16000366210938,212.8000030517578,58958000
2025-02-26,AMZN,214.94000244140625,218.16000366210938,213.08999633789062,214.35000610351562,39120600
2025-02-27,AMZN,218.35000610351562,219.97000122070312,208.3699951171875,208.74000549316406,40548600
2025-02-28,AMZN,208.64999389648438,212.6199951171875,206.99000549316406,212.27999877929688,51771700
2025-03-03,AMZN,213.35000610351562,214.00999450683594,202.5500030517578,205.02000427246094,42948400
2025-03-04,AMZN,200.11000061035156,206.8000030517578,197.42999267578125,203.8000030517578,60853100
2025-03-05,AMZN,204.8000030517578,209.97999572753906,203.25999450683594,208.36000061035156,38610100
2025-03-06,AMZN,204.39999389648438,205.77000427246094,198.3000030517578,200.6999969482422,49863800
2025-03-07,AMZN,199.49000549316406,202.27000427246094,192.52999877929688,199.25,59802800
2025-03-10,AMZN,195.60000610351562,196.72999572753906,190.85000610351562,194.5399932861328,62350900
2025-03-11,AMZN,193.89999389648438,200.17999267578125,193.39999389648438,196.58999633789062,54002900
2025-03-12,AMZN,200.72000122070312,201.52000427246094,195.2899932861328,198.88999938964844,43679300
2025-03-13,AMZN,198.1699981689453,198.8800048828125,191.82000732421875,193.88999938964844,41270800
2025-03-14,AMZN,197.41000366210938,198.64999389648438,195.32000732421875,197.9499969482422,38096700
2025-03-17,AMZN,198.77000427246094,199.0,194.32000732421875,195.74000549316406,47341800
2025-03-18,AMZN,192.52000427246094,194.0,189.3800048828125,192.82000732421875,40414900
2025-03-19,AMZN,193.3800048828125,195.97000122070312,191.9600067138672,195.5399932861328,39442900
2025-03-20,AMZN,193.07000732421875,199.32000732421875,192.3000030517578,194.9499969482422,38921100
2025-03-21,AMZN,192.89999389648438,196.99000549316406,192.52000427246094,196.2100067138672,60056900
2025-03-24,AMZN,200.0,203.63999938964844,199.9499969482422,203.25999450683594,41625400
2025-03-25,AMZN,203.60000610351562,206.2100067138672,203.22000122070312,205.7100067138672,31171200
2025-03-26,AMZN,205.83999633789062,206.00999450683594,199.92999267578125,201.1300048828125,32855300
2025-03-27,AMZN,200.88999938964844,203.7899932861328,199.27999877929688,201.36000061035156,27317700
2025-03-28,AMZN,198.4199981689453,199.25999450683594,191.8800048828125,192.72000122070312,52548200
2025-03-31,AMZN,188.19000244140625,191.3300018310547,184.39999389648438,190.25999450683594,63547600
2025-04-01,AMZN,187.86000061035156,193.92999267578125,187.1999969482422,192.1699981689453,41267300
2025-04-02,AMZN,187.66000366210938,198.33999633789062,187.66000366210938,196.00999450683594,53679200
2025-04-03,AMZN,183.0,184.1300048828125,176.9199981689453,178.41000366210938,95553600
2025-04-04,AMZN,167.14999389648438,178.13999938964844,166.0,171.0,123159400
2025-04-07,AMZN,162.0,183.41000366210938,161.3800048828125,175.25999450683594,109327100
2025-04-08,AMZN,185.22999572753906,185.89999389648438,168.57000732421875,170.66000366210938,87710400
2025-04-09,AMZN,172.1199951171875,192.64999389648438,169.92999267578125,191.10000610351562,116804300
2025-04-10,AMZN,185.44000244140625,186.8699951171875,175.85000610351562,181.22000122070312,68302000
2025-04-11,AMZN,179.92999267578125,185.86000061035156,178.0,184.8699951171875,50594300
2025-04-14,AMZN,186.83999633789062,187.44000244140625,179.22999572753906,182.1199951171875,48002500
2025-04-15,AMZN,181.41000366210938,182.35000610351562,177.92999267578125,179.58999633789062,43642000
2025-04-16,AMZN,176.2899932861328,179.10000610351562,171.41000366210938,174.3300018310547,51875300
2025-04-17,AMZN,176.0,176.2100067138672,172.0,172.61000061035156,44726500
2025-04-21,AMZN,169.60000610351562,169.60000610351562,165.2899932861328,167.32000732421875,48126100
2025-04-22,AMZN,169.85000610351562,176.77999877929688,169.35000610351562,173.17999267578125,56607200
2025-04-23,AMZN,183.4499969482422,187.3800048828125,180.19000244140625,180.60000610351562,63470100
2025-04-24,AMZN,180.9199981689453,186.74000549316406,180.17999267578125,186.5399932861328,43763200
2025-04-25,AMZN,187.6199951171875,189.94000244140625,185.49000549316406,188.99000549316406,36414300
2025-04-28,AMZN,190.11000061035156,190.22000122070312,184.88999938964844,187.6999969482422,33224700
2025-04-29,AMZN,183.99000549316406,188.02000427246094,183.67999267578125,187.38999938964844,41667300
2025-04-30,AMZN,182.1699981689453,185.0500030517578,178.85000610351562,184.4199981689453,55176500
2025-05-01,AMZN,190.6300048828125,191.80999755859375,187.5,190.1999969482422,74266000
2025-05-02,AMZN,191.44000244140625,192.8800048828125,186.39999389648438,189.97999572753906,77903500
2025-05-05,AMZN,186.50999450683594,188.17999267578125,185.52999877929688,186.35000610351562,35217500
2025-05-06,AMZN,184.57000732421875,187.92999267578125,183.85000610351562,185.00999450683594,29314100
2025-05-07,AMZN,185.55999755859375,190.99000549316406,185.00999450683594,188.7100067138672,43948600
2025-05-08,AMZN,191.42999267578125,194.3300018310547,188.82000732421875,192.0800018310547,41043600
2025-05-09,AMZN,193.3800048828125,194.69000244140625,191.16000366210938,193.05999755859375,29663100
2025-05-12,AMZN,210.7100067138672,211.66000366210938,205.75,208.63999938964844,75205000
2025-05-13,AMZN,211.0800018310547,214.83999633789062,210.10000610351562,211.3699951171875,56193700
2025-05-14,AMZN,211.4499969482422,211.92999267578125,208.85000610351562,210.25,38492100
2025-05-15,AMZN,206.4499969482422,206.8800048828125,202.6699981689453,205.1699981689453,64347300
2025-05-16,AMZN,206.85000610351562,206.85000610351562,204.3699951171875,205.58999633789062,43318500
2025-05-19,AMZN,201.64999389648438,206.6199951171875,201.25999450683594,206.16000366210938,34314800
2025-05-20,AMZN,204.6300048828125,205.58999633789062,202.64999389648438,204.07000732421875,29470400
2025-05-21,AMZN,201.61000061035156,203.4600067138672,200.05999755859375,201.1199951171875,42460900
2025-05-22,AMZN,201.3800048828125,205.75999450683594,200.16000366210938,203.10000610351562,38938900
2025-05-23,AMZN,198.89999389648438,202.3699951171875,197.85000610351562,200.99000549316406,33393500
2025-05-27,AMZN,203.08999633789062,206.69000244140625,202.19000244140625,206.02000427246094,34892000
2025-05-28,AMZN,205.9199981689453,207.66000366210938,204.41000366210938,204.72000122070312,28549800
2025-05-29,AMZN,208.02999877929688,208.80999755859375,204.22999572753906,205.6999969482422,34650000
2025-05-30,AMZN,204.83999633789062,205.99000549316406,201.6999969482422,205.00999450683594,51679400
2025-06-02,AMZN,204.97999572753906,207.0,202.67999267578125,206.64999389648438,29113300
2025-06-03,AMZN,207.11000061035156,208.9499969482422,205.02999877929688,205.7100067138672,33139100
2025-06-04,AMZN,206.5500030517578,208.17999267578125,205.17999267578125,207.22999572753906,29915600
2025-06-05,AMZN,209.5500030517578,212.80999755859375,207.55999755859375,207.91000366210938,51864200
2025-06-06,AMZN,212.39999389648438,213.8699951171875,210.5,213.57000732421875,39832500
2025-06-09,AMZN,214.75,217.85000610351562,212.8800048828125,216.97999572753906,38102500
2025-06-10,AMZN,216.77999877929688,217.69000244140625,214.14999389648438,217.61000061035156,31303300
2025-06-11,AMZN,217.41000366210938,218.39999389648438,212.88999938964844,213.1999969482422,39326000
2025-06-12,AMZN,211.77999877929688,213.5800018310547,211.3300018310547,213.24000549316406,27640000
2025-06-13,AMZN,209.9600067138672,214.0500030517578,209.6199951171875,212.10000610351562,29337800
2025-06-16,AMZN,212.30999755859375,217.05999755859375,211.60000610351562,216.10000610351562,33284200
2025-06-17,AMZN,215.1999969482422,217.41000366210938,214.55999755859375,214.82000732421875,32086300
2025-06-18,AMZN,215.08999633789062,217.9600067138672,212.33999633789062,212.52000427246094,44360500
2025-06-20,AMZN,214.67999267578125,214.88999938964844,208.27000427246094,209.69000244140625,75350700
2025-06-23,AMZN,209.7899932861328,210.38999938964844,207.30999755859375,208.47000122070312,37311700
2025-06-24,AMZN,212.13999938964844,214.33999633789062,211.0500030517578,212.77000427246094,38378800
2025-06-25,AMZN,214.6199951171875,216.02999877929688,211.11000061035156,211.99000549316406,31755700
2025-06-26,AMZN,213.1199951171875,218.0399932861328,212.00999450683594,217.1199951171875,50480800
2025-06-27,AMZN,219.9199981689453,223.3000030517578,216.74000549316406,223.3000030517578,119217100
2025-06-30,AMZN,223.52000427246094,223.82000732421875,219.1199951171875,219.38999938964844,58887800
2025-07-01,AMZN,219.5,221.8800048828125,217.92999267578125,220.4600067138672,39256800
2025-07-02,AMZN,219.72999572753906,221.60000610351562,219.05999755859375,219.9199981689453,30894200
2025-07-03,AMZN,221.82000732421875,224.00999450683594,221.36000061035156,223.41000366210938,29632400
2025-07-07,AMZN,223.0,224.2899932861328,222.3699951171875,223.47000122070312,36604100
2025-07-08,AMZN,223.9199981689453,224.0,218.42999267578125,219.36000061035156,45692000
2025-07-09,AMZN,221.07000732421875,224.2899932861328,220.47000122070312,222.5399932861328,38155100
2025-07-10,AMZN,221.5500030517578,222.7899932861328,219.6999969482422,222.25999450683594,30370600
2025-07-11,AMZN,223.5800018310547,226.67999267578125,222.3699951171875,225.02000427246094,50518300
2025-07-14,AMZN,225.07000732421875,226.66000366210938,224.24000549316406,225.69000244140625,35702600
2025-07-15,AMZN,226.1999969482422,227.27000427246094,225.4600067138672,226.35000610351562,34907300
2025-07-16,AMZN,225.8800048828125,226.10000610351562,222.17999267578125,223.19000244140625,39535900
2025-07-17,AMZN,223.32000732421875,224.5,222.50999450683594,223.8800048828125,31855800
2025-07-18,AMZN,225.13999938964844,226.39999389648438,222.97999572753906,226.1300048828125,37833800
2025-07-21,AMZN,225.83999633789062,229.69000244140625,225.64999389648438,229.3000030517578,40297600
2025-07-22,AMZN,229.67999267578125,230.0,226.35000610351562,227.47000122070312,37483700
2025-07-23,AMZN,228.47000122070312,228.7899932861328,227.08999633789062,228.2899932861328,28294900
2025-07-24,AMZN,229.1699981689453,236.0,228.63999938964844,232.22999572753906,42902300
2025-07-25,AMZN,232.22000122070312,232.47999572753906,231.17999267578125,231.44000244140625,28712100
2025-07-28,AMZN,233.35000610351562,234.2899932861328,232.25,232.7899932861328,26300100
2025-07-29,AMZN,234.14999389648438,234.72000122070312,230.30999755859375,231.00999450683594,33716200
2025-07-30,AMZN,231.63999938964844,231.8000030517578,229.2899932861328,230.19000244140625,32993300
2025-07-31,AMZN,235.77000427246094,236.52999877929688,231.39999389648438,234.11000061035156,104357300
2025-08-01,AMZN,217.2100067138672,220.44000244140625,212.8000030517578,214.75,122258800
2025-08-04,AMZN,217.39999389648438,217.44000244140625,211.4199981689453,211.64999389648438,77890100
2025-08-05,AMZN,213.0500030517578,216.3000030517578,212.8699951171875,213.75,51505100
2025-08-06,AMZN,214.6999969482422,222.64999389648438,213.74000549316406,222.30999755859375,54823000
2025-08-07,AMZN,221.0,226.22000122070312,220.82000732421875,223.1300048828125,40603500
2025-08-08,AMZN,223.13999938964844,223.8000030517578,221.8800048828125,222.69000244140625,32970500
2025-08-11,AMZN,221.77999877929688,223.0500030517578,220.39999389648438,221.3000030517578,31646200
2025-08-12,AMZN,222.22999572753906,223.5,219.0500030517578,221.47000122070312,37185800
2025-08-13,AMZN,222.0,224.9199981689453,222.0,224.55999755859375,36508300
2025-08-14,AMZN,227.39999389648438,233.11000061035156,227.02000427246094,230.97999572753906,61545800
2025-08-15,AMZN,232.5800018310547,234.0800018310547,229.80999755859375,231.02999877929688,39649200
2025-08-18,AMZN,230.22999572753906,231.91000366210938,228.3300018310547,231.49000549316406,25248900
2025-08-19,AMZN,230.08999633789062,230.52999877929688,227.1199951171875,228.00999450683594,29891000
2025-08-20,AMZN,227.1199951171875,227.27000427246094,220.9199981689453,223.80999755859375,36604300
2025-08-21,AMZN,222.64999389648438,222.77999877929688,220.5,221.9499969482422,32140500
2025-08-22,AMZN,222.7899932861328,229.13999938964844,220.82000732421875,228.83999633789062,37315300
2025-08-25,AMZN,227.35000610351562,229.60000610351562,227.30999755859375,227.94000244140625,22633700
2025-08-26,AMZN,227.11000061035156,229.0,226.02000427246094,228.7100067138672,26105400
2025-08-27,AMZN,228.57000732421875,229.8699951171875,227.80999755859375,229.1199951171875,21254500
2025-08-28,AMZN,229.00999450683594,232.7100067138672,228.02000427246094,231.60000610351562,33679600
2025-08-29,AMZN,231.32000732421875,231.80999755859375,228.16000366210938,229.0,26199200
2025-09-02,AMZN,223.52000427246094,226.1699981689453,221.8300018310547,225.33999633789062,38843900
2025-09-03,AMZN,225.2100067138672,227.1699981689453,224.36000061035156,225.99000549316406,29223100
2025-09-04,AMZN,231.19000244140625,235.77000427246094,230.77999877929688,235.67999267578125,59391800
2025-09-05,AMZN,235.19000244140625,236.0,231.92999267578125,232.3300018310547,36721800
2025-09-08,AMZN,234.94000244140625,237.60000610351562,233.75,235.83999633789062,33947100
2025-09-09,AMZN,236.36000061035156,238.85000610351562,235.0800018310547,238.24000549316406,27033800
2025-09-10,AMZN,237.52000427246094,237.67999267578125,229.10000610351562,230.3300018310547,60907700
2025-09-11,AMZN,231.49000549316406,231.52999877929688,229.33999633789062,229.9499969482422,37485600
2025-09-12,AMZN,230.35000610351562,230.7899932861328,226.2899932861328,228.14999389648438,38496200
2025-09-15,AMZN,230.6300048828125,233.72999572753906,230.32000732421875,231.42999267578125,33243300
2025-09-16,AMZN,232.94000244140625,235.89999389648438,232.22999572753906,234.0500030517578,38203900
2025-09-17,AMZN,233.77000427246094,234.3000030517578,228.7100067138672,231.6199951171875,42815200
2025-09-18,AMZN,232.5,233.47999572753906,228.7899932861328,231.22999572753906,37931700
2025-09-19,AMZN,232.3699951171875,234.16000366210938,229.6999969482422,231.47999572753906,97943200
2025-09-22,AMZN,230.55999755859375,230.57000732421875,227.50999450683594,227.6300048828125,45914500
2025-09-23,AMZN,227.8300018310547,227.86000061035156,220.07000732421875,220.7100067138672,70956200
2025-09-24,AMZN,224.14999389648438,224.55999755859375,219.4499969482422,220.2100067138672,49509000
2025-09-25,AMZN,220.05999755859375,220.6699981689453,216.47000122070312,218.14999389648438,52226300
2025-09-26,AMZN,219.0800018310547,221.0500030517578,218.02000427246094,219.77999877929688,41650100
2025-09-29,AMZN,220.0800018310547,222.60000610351562,219.3000030517578,222.1699981689453,44259200
2025-09-30,AMZN,222.02999877929688,222.24000549316406,217.88999938964844,219.57000732421875,48396400
2025-10-01,AMZN,217.36000061035156,222.14999389648438,216.61000061035156,220.6300048828125,43933800
2025-10-02,AMZN,221.00999450683594,222.80999755859375,218.9499969482422,222.41000366210938,41258600
2025-10-03,AMZN,223.44000244140625,224.1999969482422,219.33999633789062,219.50999450683594,43639000
2025-10-06,AMZN,221.0,221.72999572753906,216.02999877929688,220.89999389648438,43690900
2025-10-07,AMZN,220.8800048828125,222.88999938964844,220.1699981689453,221.77999877929688,31194700
2025-10-08,AMZN,222.9199981689453,226.72999572753906,221.19000244140625,225.22000122070312,46686000
2025-10-09,AMZN,225.0,228.2100067138672,221.75,227.74000549316406,46412100
2025-10-10,AMZN,226.2100067138672,228.25,216.0,216.3699951171875,72367500
2025-10-13,AMZN,217.6999969482422,220.67999267578125,217.0399932861328,220.07000732421875,37809700
2025-10-14,AMZN,215.55999755859375,219.32000732421875,212.60000610351562,216.38999938964844,45665600
2025-10-15,AMZN,216.6199951171875,217.7100067138672,212.66000366210938,215.57000732421875,45909500
2025-10-16,AMZN,215.6699981689453,218.58999633789062,212.80999755859375,214.47000122070312,42414600
2025-10-17,AMZN,214.55999755859375,214.8000030517578,211.02999877929688,213.0399932861328,45986900
2025-10-20,AMZN,213.8800048828125,216.69000244140625,213.58999633789062,216.47999572753906,38882800
2025-10-21,AMZN,218.42999267578125,223.32000732421875,217.99000549316406,222.02999877929688,50494600
2025-10-22,AMZN,219.3000030517578,220.00999450683594,216.52000427246094,217.9499969482422,44308500
2025-10-23,AMZN,219.0,221.3000030517578,218.17999267578125,221.08999633789062,31540000
2025-10-24,AMZN,221.97000122070312,225.39999389648438,221.89999389648438,224.2100067138672,38685100
2025-10-27,AMZN,227.66000366210938,228.39999389648438,225.5399932861328,226.97000122070312,38267000
2025-10-28,AMZN,228.22000122070312,231.49000549316406,226.2100067138672,229.25,47100000
2025-10-29,AMZN,231.6699981689453,232.82000732421875,227.75999450683594,230.3000030517578,52036200
2025-10-30,AMZN,227.05999755859375,228.44000244140625,222.75,222.86000061035156,102252900
2025-10-31,AMZN,250.10000610351562,250.5,243.97999572753906,244.22000122070312,166340800
2025-11-03,AMZN,255.36000061035156,258.6000061035156,252.89999389648438,254.0,95997800
2025-11-04,AMZN,250.3800048828125,257.010009765625,248.66000366210938,249.32000732421875,51546300
2025-11-05,AMZN,249.02999877929688,251.0,246.16000366210938,250.1999969482422,40610700
2025-11-06,AMZN,249.16000366210938,250.3800048828125,242.1699981689453,243.0399932861328,46004200
2025-11-07,AMZN,242.89999389648438,244.89999389648438,238.49000549316406,244.41000366210938,46374300
2025-11-10,AMZN,248.33999633789062,251.75,245.58999633789062,248.39999389648438,36476500
2025-11-11,AMZN,248.41000366210938,249.75,247.22999572753906,249.10000610351562,23564100
2025-11-12,AMZN,250.24000549316406,250.3699951171875,243.75,244.1999969482422,31190100
2025-11-13,AMZN,243.0500030517578,243.75,236.5,237.5800018310547,41401700
2025-11-14,AMZN,235.05999755859375,238.72999572753906,232.88999938964844,234.69000244140625,38956700
2025-11-17,AMZN,233.25,234.60000610351562,229.19000244140625,232.8699951171875,59919000
2025-11-18,AMZN,228.10000610351562,230.1999969482422,222.4199981689453,222.5500030517578,60608400
2025-11-19,AMZN,223.74000549316406,223.74000549316406,218.52000427246094,222.69000244140625,58335600
2025-11-20,AMZN,227.0500030517578,227.41000366210938,216.74000549316406,217.13999938964844,50309000
2025-11-21,AMZN,216.35000610351562,222.2100067138672,215.17999267578125,220.69000244140625,68490500
2025-11-24,AMZN,222.55999755859375,227.3300018310547,222.27000427246094,226.27999877929688,54318400
2025-11-25,AMZN,226.3800048828125,230.52000427246094,223.8000030517578,229.6699981689453,39379300
2025-11-26,AMZN,230.74000549316406,231.75,228.77000427246094,229.16000366210938,38497900
2025-11-28,AMZN,231.24000549316406,233.2899932861328,230.22000122070312,233.22000122070312,20292300
2025-12-01,AMZN,233.22000122070312,235.8000030517578,232.25,233.8800048828125,42904000
2025-12-02,AMZN,235.00999450683594,238.97000122070312,233.5500030517578,234.4199981689453,45785400
2025-12-03,AMZN,233.35000610351562,233.3800048828125,230.61000061035156,232.3800048828125,35495100
2025-12-04,AMZN,232.77000427246094,233.5,226.8000030517578,229.11000061035156,45683200
2025-12-05,AMZN,230.32000732421875,231.24000549316406,228.5500030517578,229.52999877929688,33117400
2025-12-08,AMZN,229.58999633789062,230.8300018310547,226.27000427246094,226.88999938964844,35019200
2025-12-09,AMZN,226.83999633789062,228.57000732421875,225.11000061035156,227.9199981689453,25841700
2025-12-10,AMZN,228.80999755859375,232.4199981689453,228.4600067138672,231.77999877929688,38790700
2025-12-11,AMZN,230.7100067138672,232.11000061035156,228.69000244140625,230.27999877929688,28249600
2025-12-12,AMZN,229.8699951171875,230.0800018310547,225.1199951171875,226.19000244140625,35639100
2025-12-15,AMZN,227.92999267578125,227.92999267578125,221.5,222.5399932861328,47286100
2025-12-16,AMZN,223.0399932861328,223.66000366210938,221.1300048828125,222.55999755859375,39298900
2025-12-17,AMZN,224.66000366210938,225.19000244140625,220.99000549316406,221.27000427246094,44034400
2025-12-18,AMZN,225.7100067138672,229.22999572753906,224.41000366210938,226.75999450683594,50272400
2025-12-19,AMZN,226.75999450683594,229.1300048828125,225.5800018310547,227.35000610351562,85544400
2025-12-22,AMZN,228.61000061035156,229.47999572753906,226.7100067138672,228.42999267578125,32261300
2025-12-23,AMZN,229.05999755859375,232.4499969482422,228.72999572753906,232.13999938964844,29230200
2025-12-24,AMZN,232.1300048828125,232.9499969482422,231.3300018310547,232.3800048828125,11420500
2025-12-26,AMZN,232.0399932861328,232.99000549316406,231.17999267578125,232.52000427246094,15994700
2025-12-29,AMZN,231.94000244140625,232.60000610351562,230.77000427246094,232.07000732421875,19797900
2025-12-30,AMZN,231.2100067138672,232.77000427246094,230.1999969482422,232.52999877929688,21910500
2023-01-03,JPM,135.24000549316406,136.74000549316406,133.88999938964844,135.1199951171875,11054800
2023-01-04,JPM,135.99000549316406,137.67999267578125,135.57000732421875,136.3800048828125,11687600
2023-01-05,JPM,135.66000366210938,135.7100067138672,133.6999969482422,135.35000610351562,8381300
2023-01-06,JPM,136.1300048828125,138.3800048828125,134.49000549316406,137.94000244140625,10029100
2023-01-09,JPM,138.60000610351562,138.8800048828125,136.8800048828125,137.3699951171875,8482300
2023-01-10,JPM,137.7899932861328,138.72000122070312,137.30999755859375,138.60000610351562,9048700
2023-01-11,JPM,138.89999389648438,139.75,138.10000610351562,139.6300048828125,8703700
2023-01-12,JPM,140.0,140.86000061035156,139.22000122070312,139.49000549316406,11001700
2023-01-13,JPM,135.60000610351562,143.49000549316406,134.8000030517578,143.00999450683594,20200000
2023-01-17,JPM,141.1699981689453,141.5399932861328,139.22999572753906,140.8000030517578,14292900
2023-01-18,JPM,138.9199981689453,140.72999572753906,136.41000366210938,136.57000732421875,13392600
2023-01-19,JPM,135.32000732421875,135.89999389648438,133.58999633789062,134.75,13303400
2023-01-20,JPM,135.16000366210938,135.49000549316406,133.5500030517578,135.0800018310547,13092500
2023-01-23,JPM,135.1199951171875,137.9600067138672,134.82000732421875,137.27000427246094,10487100
2023-01-24,JPM,136.4199981689453,140.2899932861328,135.0,138.4499969482422,6945000
2023-01-25,JPM,138.0500030517578,139.1199951171875,137.25,139.1199951171875,8967000
2023-01-26,JPM,139.4199981689453,140.05999755859375,138.36000061035156,139.97999572753906,7487600
2023-01-27,JPM,140.61000061035156,141.25999450683594,139.75,140.32000732421875,7489900
2023-01-30,JPM,139.22999572753906,140.08999633789062,138.91000366210938,139.1300048828125,6729300
2023-01-31,JPM,139.8800048828125,140.07000732421875,138.25,139.9600067138672,9188700
2023-02-01,JPM,138.2100067138672,140.8800048828125,138.1199951171875,139.58999633789062,8841800
2023-02-02,JPM,140.0,140.4600067138672,138.0,138.94000244140625,11822100
2023-02-03,JPM,138.17999267578125,142.3300018310547,138.1300048828125,141.08999633789062,11501200
2023-02-06,JPM,140.22999572753906,142.24000549316406,140.02999877929688,141.9199981689453,8406200
2023-02-07,JPM,141.3800048828125,144.33999633789062,141.17999267578125,143.64999389648438,10447900
2023-02-08,JPM,142.64999389648438,144.0399932861328,142.27999877929688,142.63999938964844,6958000
2023-02-09,JPM,143.1199951171875,143.33999633789062,139.8699951171875,140.4199981689453,6443100
2023-02-10,JPM,139.77999877929688,141.27999877929688,138.58999633789062,141.0399932861328,6582900
2023-02-13,JPM,141.3000030517578,142.72999572753906,140.74000549316406,142.57000732421875,7134600
2023-02-14,JPM,142.5,143.80999755859375,141.60000610351562,143.1999969482422,9249400
2023-02-15,JPM,141.61000061035156,143.88999938964844,141.3000030517578,143.8000030517578,6728300
2023-02-16,JPM,142.91000366210938,143.38999938964844,141.67999267578125,141.82000732421875,8165300
2023-02-17,JPM,140.97999572753906,142.8300018310547,140.07000732421875,142.24000549316406,7948800
2023-02-21,JPM,140.69000244140625,141.33999633789062,138.75,139.6300048828125,9996300
2023-02-22,JPM,138.9199981689453,139.42999267578125,137.44000244140625,138.55999755859375,11107500
2023-02-23,JPM,138.72999572753906,140.1699981689453,137.94000244140625,139.6699981689453,8068000
2023-02-24,JPM,139.11000061035156,141.36000061035156,138.92999267578125,140.92999267578125,9126900
2023-02-27,JPM,142.11000061035156,143.30999755859375,141.72000122070312,142.16000366210938,10014700
2023-02-28,JPM,142.94000244140625,143.75999450683594,141.89999389648438,143.35000610351562,11019800
2023-03-01,JPM,142.10000610351562,143.4600067138672,141.8000030517578,142.5500030517578,7139200
2023-03-02,JPM,142.24000549316406,142.42999267578125,139.5399932861328,141.07000732421875,11106800
2023-03-03,JPM,141.50999450683594,143.74000549316406,141.0800018310547,143.66000366210938,9513100
2023-03-06,JPM,143.44000244140625,144.0399932861328,142.66000366210938,142.82000732421875,9261300
2023-03-07,JPM,142.00999450683594,142.30999755859375,137.80999755859375,138.6199951171875,11747600
2023-03-08,JPM,138.0,138.58999633789062,136.88999938964844,137.8000030517578,10002500
2023-03-09,JPM,136.75999450683594,137.35000610351562,129.22000122070312,130.33999633789062,25888100
2023-03-10,JPM,128.9600067138672,135.25999450683594,127.81999969482422,133.64999389648438,37599700
2023-03-13,JPM,131.2100067138672,133.8800048828125,129.41000366210938,131.25,42901100
2023-03-14,JPM,135.27999877929688,135.52999877929688,131.2899932861328,134.6199951171875,29648100
2023-03-15,JPM,130.97999572753906,130.99000549316406,126.7300033569336,128.25999450683594,34280600
2023-03-16,JPM,128.00999450683594,131.9499969482422,126.0199966430664,130.75,24558500
2023-03-17,JPM,128.3800048828125,128.47999572753906,125.44999694824219,125.80999755859375,38396000
2023-03-20,JPM,126.98999786376953,129.47000122070312,126.01000213623047,127.13999938964844,22875500
2023-03-21,JPM,130.58999633789062,131.72999572753906,130.19000244140625,130.5500030517578,17807800
2023-03-22,JPM,130.55999755859375,130.66000366210938,127.08000183105469,127.18000030517578,17250200
2023-03-23,JPM,127.9000015258789,129.52999877929688,126.0199966430664,126.83999633789062,16677600
2023-03-24,JPM,125.62999725341797,125.68000030517578,123.11000061035156,124.91000366210938,22311100
2023-03-27,JPM,126.79000091552734,129.3800048828125,126.29000091552734,128.49000549316406,18853900
2023-03-28,JPM,128.7100067138672,129.33999633789062,127.73999786376953,128.8800048828125,10820500
2023-03-29,JPM,130.10000610351562,130.22000122070312,127.7699966430664,129.13999938964844,14595300
2023-03-30,JPM,129.9499969482422,130.1199951171875,127.6500015258789,128.75,12134700
2023-03-31,JPM,129.66000366210938,130.33999633789062,128.85000610351562,130.30999755859375,13105200
2023-04-03,JPM,129.91000366210938,131.44000244140625,129.41000366210938,130.16000366210938,11775400
2023-04-04,JPM,130.5,130.58999633789062,127.41000366210938,128.4199981689453,11579900
2023-04-05,JPM,126.80000305175781,128.14999389648438,126.45999908447266,127.61000061035156,9614700
2023-04-06,JPM,127.0,128.0800018310547,126.86000061035156,127.47000122070312,8760200
2023-04-10,JPM,126.54000091552734,128.22999572753906,126.22000122070312,127.88999938964844,9477300
2023-04-11,JPM,128.3000030517578,128.94000244140625,127.54000091552734,128.52000427246094,10516300
2023-04-12,JPM,129.17999267578125,130.42999267578125,128.05999755859375,128.5,11821000
2023-04-13,JPM,128.4600067138672,129.0399932861328,126.83000183105469,128.99000549316406,12450200
2023-04-14,JPM,135.14999389648438,139.1199951171875,134.89999389648438,138.72999572753906,43931300
2023-04-17,JPM,139.9499969482422,140.05999755859375,137.66000366210938,139.8300018310547,16050500
2023-04-18,JPM,140.27000427246094,141.77999877929688,139.02999877929688,141.39999389648438,13760100
2023-04-19,JPM,141.22999572753906,141.5,140.39999389648438,141.22000122070312,9158100
2023-04-20,JPM,139.91000366210938,141.42999267578125,139.83999633789062,140.80999755859375,10586200
2023-04-21,JPM,139.74000549316406,141.11000061035156,138.77999877929688,140.5399932861328,11842500
2023-04-24,JPM,140.4600067138672,141.10000610351562,140.0399932861328,140.72999572753906,7567500
2023-04-25,JPM,139.60000610351562,139.9600067138672,137.6300048828125,137.6699981689453,10629300
2023-04-26,JPM,137.6199951171875,137.80999755859375,134.0,135.22999572753906,14416100
2023-04-27,JPM,136.0,137.91000366210938,135.66000366210938,137.0500030517578,9041100
2023-04-28,JPM,136.55999755859375,138.32000732421875,135.6699981689453,138.24000549316406,9887300
2023-05-01,JPM,142.25999450683594,143.3699951171875,140.8300018310547,141.1999969482422,20415800
2023-05-02,JPM,141.39999389648438,142.41000366210938,138.42999267578125,138.9199981689453,14113400
2023-05-03,JPM,138.44000244140625,138.6699981689453,135.75999450683594,135.97999572753906,12930900
2023-05-04,JPM,134.9600067138672,135.72000122070312,131.80999755859375,134.1199951171875,17089200
2023-05-05,JPM,136.44000244140625,137.8800048828125,135.91000366210938,136.74000549316406,11261400
2023-05-08,JPM,137.49000549316406,137.97000122070312,136.47999572753906,137.07000732421875,7484900
2023-05-09,JPM,135.92999267578125,136.9499969482422,135.2100067138672,136.41000366210938,7343600
2023-05-10,JPM,137.9499969482422,138.05999755859375,134.8699951171875,136.47999572753906,8133400
2023-05-11,JPM,135.0,136.80999755859375,134.89999389648438,136.0500030517578,7057300
2023-05-12,JPM,136.82000732421875,136.99000549316406,133.1300048828125,134.10000610351562,9988600
2023-05-15,JPM,134.27000427246094,135.6699981689453,133.9600067138672,135.22999572753906,7639500
2023-05-16,JPM,135.4600067138672,135.94000244140625,133.9600067138672,134.32000732421875,6477200
2023-05-17,JPM,135.89999389648438,138.58999633789062,135.4600067138672,138.4499969482422,12711500
2023-05-18,JPM,138.27000427246094,139.72999572753906,137.75999450683594,139.5,10999600
2023-05-19,JPM,139.7899932861328,140.49000549316406,138.1300048828125,139.17999267578125,13492200
2023-05-22,JPM,141.0,141.63999938964844,137.66000366210938,138.02999877929688,11402500
2023-05-23,JPM,137.5399932861328,139.02999877929688,136.4600067138672,136.58999633789062,9514900
2023-05-24,JPM,135.39999389648438,136.35000610351562,135.0800018310547,135.33999633789062,8578000
2023-05-25,JPM,134.82000732421875,136.27000427246094,134.5800018310547,135.6699981689453,8472500
2023-05-26,JPM,136.11000061035156,137.60000610351562,135.6300048828125,136.94000244140625,8579900
2023-05-30,JPM,136.8000030517578,137.72000122070312,136.02000427246094,137.4600067138672,7399900
2023-05-31,JPM,136.72999572753906,136.83999633789062,134.39999389648438,135.7100067138672,14219900
2023-06-01,JPM,136.52000427246094,138.22999572753906,135.4499969482422,137.5800018310547,12248100
2023-06-02,JPM,139.55999755859375,141.47999572753906,139.33999633789062,140.47000122070312,12922500
2023-06-05,JPM,140.11000061035156,140.11000061035156,138.1300048828125,139.08999633789062,8511900
2023-06-06,JPM,138.67999267578125,140.10000610351562,138.2100067138672,139.33999633789062,9329500
2023-06-07,JPM,139.5500030517578,141.27000427246094,138.8300018310547,140.69000244140625,9281400
2023-06-08,JPM,140.6699981689453,140.88999938964844,139.47999572753906,140.72999572753906,7368100
2023-06-09,JPM,140.35000610351562,141.8000030517578,140.2100067138672,141.00999450683594,7249100
2023-06-12,JPM,141.07000732421875,141.32000732421875,139.75999450683594,141.0,7596600
2023-06-13,JPM,140.47999572753906,142.8699951171875,140.13999938964844,142.02000427246094,7701600
2023-06-14,JPM,143.0,143.61000061035156,140.6999969482422,141.49000549316406,9068700
2023-06-15,JPM,140.58999633789062,143.39999389648438,140.02999877929688,143.08999633789062,9343100
2023-06-16,JPM,143.0500030517578,143.97000122070312,142.5,143.25999450683594,13813500
2023-06-20,JPM,142.61000061035156,143.0,141.0399932861328,142.52999877929688,8428600
2023-06-21,JPM,142.89999389648438,144.02000427246094,141.69000244140625,142.32000732421875,9926500
2023-06-22,JPM,142.30999755859375,142.60000610351562,138.9499969482422,139.5800018310547,10075200
2023-06-23,JPM,138.5399932861328,139.17999267578125,137.6199951171875,138.85000610351562,9919500
2023-06-26,JPM,138.8699951171875,140.00999450683594,137.69000244140625,139.19000244140625,8429700
2023-06-27,JPM,139.0,139.83999633789062,138.5399932861328,139.1999969482422,8154000
2023-06-28,JPM,139.16000366210938,139.2100067138672,137.9600067138672,138.58999633789062,7558600
2023-06-29,JPM,140.07000732421875,143.55999755859375,139.85000610351562,143.42999267578125,15423200
2023-06-30,JPM,144.60000610351562,146.0,143.66000366210938,145.44000244140625,14212800
2023-07-03,JPM,146.19000244140625,147.47999572753906,146.0,146.61000061035156,8021600
2023-07-05,JPM,144.94000244140625,145.42999267578125,144.36000061035156,144.63999938964844,8934900
2023-07-06,JPM,143.02000427246094,143.38999938964844,141.44000244140625,143.2100067138672,9709500
2023-07-07,JPM,143.91000366210938,145.83999633789062,143.0,144.33999633789062,8981500
2023-07-10,JPM,144.5,145.99000549316406,144.5,145.14999389648438,9100100
2023-07-11,JPM,146.33999633789062,147.82000732421875,145.7100067138672,147.4199981689453,11260900
2023-07-12,JPM,147.4499969482422,149.8699951171875,147.0,148.14999389648438,11323200
2023-07-13,JPM,148.6999969482422,149.3699951171875,147.75,148.8699951171875,11234900
2023-07-14,JPM,151.5500030517578,152.88999938964844,148.41000366210938,149.77000427246094,27028400
2023-07-17,JPM,150.35000610351562,153.75,150.35000610351562,153.3800048828125,17262400
2023-07-18,JPM,153.3800048828125,154.39999389648438,152.82000732421875,153.66000366210938,13491700
2023-07-19,JPM,152.75,155.2100067138672,152.22000122070312,154.25,12510000
2023-07-20,JPM,154.52999877929688,156.58999633789062,154.41000366210938,156.14999389648438,9935900
2023-07-21,JPM,155.8000030517578,156.13999938964844,154.69000244140625,154.9499969482422,10636400
2023-07-24,JPM,154.97000122070312,158.7899932861328,154.72999572753906,158.0,14381400
2023-07-25,JPM,157.3000030517578,157.72000122070312,155.9600067138672,156.82000732421875,9944700
2023-07-26,JPM,156.7100067138672,158.25,156.27999877929688,157.75999450683594,8728600
2023-07-27,JPM,157.77000427246094,158.77999877929688,155.5500030517578,156.02000427246094,10778400
2023-07-28,JPM,157.27999877929688,157.60000610351562,156.44000244140625,156.91000366210938,9103800
2023-07-31,JPM,157.17999267578125,159.3800048828125,157.14999389648438,157.9600067138672,8892700
2023-08-01,JPM,157.42999267578125,158.0,156.14999389648438,157.17999267578125,6853900
2023-08-02,JPM,155.55999755859375,155.69000244140625,153.94000244140625,155.39999389648438,8299400
2023-08-03,JPM,155.0,156.9199981689453,154.35000610351562,156.35000610351562,6084000
2023-08-04,JPM,156.39999389648438,157.8000030517578,155.6999969482422,156.02000427246094,6209400
2023-08-07,JPM,156.60000610351562,157.6999969482422,156.60000610351562,156.75999450683594,7251800
2023-08-08,JPM,154.32000732421875,155.97999572753906,152.58999633789062,155.8800048828125,8623400
2023-08-09,JPM,155.32000732421875,155.52000427246094,153.47000122070312,153.7899932861328,6277800
2023-08-10,JPM,154.3800048828125,155.44000244140625,153.08999633789062,153.55999755859375,5995100
2023-08-11,JPM,153.02999877929688,154.52000427246094,152.6300048828125,154.4499969482422,5180700
2023-08-14,JPM,153.61000061035156,154.9199981689453,152.9199981689453,154.77000427246094,5044300
2023-08-15,JPM,152.85000610351562,153.27000427246094,150.22999572753906,150.8300018310547,10300300
2023-08-16,JPM,150.60000610351562,150.9600067138672,149.67999267578125,150.19000244140625,6978200
2023-08-17,JPM,150.8800048828125,151.25999450683594,148.39999389648438,148.6300048828125,9953900
2023-08-18,JPM,147.64999389648438,149.5,147.44000244140625,148.97000122070312,8517500
2023-08-21,JPM,149.64999389648438,150.10000610351562,148.02000427246094,149.47999572753906,8327000
2023-08-22,JPM,149.25999450683594,149.63999938964844,145.85000610351562,146.3800048828125,9673300
2023-08-23,JPM,146.35000610351562,147.58999633789062,145.4600067138672,147.3699951171875,7858000
2023-08-24,JPM,147.5,149.41000366210938,146.99000549316406,147.22999572753906,6534000
2023-08-25,JPM,147.27999877929688,148.6199951171875,145.85000610351562,147.0500030517578,6695500
2023-08-28,JPM,147.57000732421875,148.61000061035156,147.1300048828125,147.55999755859375,5094100
2023-08-29,JPM,147.7100067138672,148.85000610351562,147.17999267578125,148.75999450683594,6337000
2023-08-30,JPM,148.6199951171875,149.14999389648438,147.19000244140625,148.16000366210938,6277300
2023-08-31,JPM,148.25999450683594,148.35000610351562,145.9600067138672,146.3300018310547,10933900
2023-09-01,JPM,146.08999633789062,148.0800018310547,145.6999969482422,146.82000732421875,7903500
2023-09-05,JPM,147.16000366210938,148.2100067138672,145.00999450683594,145.1999969482422,7854700
2023-09-06,JPM,144.6999969482422,145.5399932861328,144.11000061035156,144.9600067138672,8629200
2023-09-07,JPM,144.1300048828125,145.27000427246094,143.38999938964844,143.72000122070312,8373700
2023-09-08,JPM,143.3699951171875,144.1199951171875,142.64999389648438,143.8300018310547,7107900
2023-09-11,JPM,144.75,145.0500030517578,143.69000244140625,144.4600067138672,6854200
2023-09-12,JPM,144.5,147.32000732421875,144.0500030517578,146.33999633789062,8363200
2023-09-13,JPM,147.33999633789062,147.6999969482422,145.82000732421875,146.41000366210938,8325900
2023-09-14,JPM,147.83999633789062,149.89999389648438,147.52000427246094,149.25,10034900
2023-09-15,JPM,148.9199981689453,149.72999572753906,148.30999755859375,148.80999755859375,19863400
2023-09-18,JPM,148.16000366210938,149.13999938964844,147.75,149.1199951171875,6512400
2023-09-19,JPM,149.5,149.72000122070312,147.2100067138672,148.92999267578125,7943400
2023-09-20,JPM,149.64999389648438,150.25,148.13999938964844,148.3000030517578,7332000
2023-09-21,JPM,147.5800018310547,148.85000610351562,146.6300048828125,147.13999938964844,8052400
2023-09-22,JPM,147.2899932861328,147.50999450683594,145.19000244140625,145.72999572753906,7071700
2023-09-25,JPM,145.35000610351562,146.52000427246094,143.6999969482422,146.4499969482422,7044700
2023-09-26,JPM,144.60000610351562,145.83999633789062,144.22999572753906,144.92999267578125,7468400
2023-09-27,JPM,145.19000244140625,146.08999633789062,144.50999450683594,145.77999877929688,6717800
2023-09-28,JPM,146.27999877929688,148.8699951171875,146.00999450683594,147.58999633789062,8868100
2023-09-29,JPM,148.60000610351562,148.75999450683594,144.86000061035156,145.02000427246094,11917800
2023-10-02,JPM,144.8300018310547,145.6199951171875,142.6300048828125,143.77000427246094,9170600
2023-10-03,JPM,143.1999969482422,143.58999633789062,142.35000610351562,142.7100067138672,9431100
2023-10-04,JPM,143.19000244140625,143.47000122070312,141.92999267578125,143.35000610351562,8128700
2023-10-05,JPM,142.0399932861328,143.10000610351562,140.8300018310547,142.89999389648438,8576200
2023-10-06,JPM,142.91000366210938,145.8800048828125,142.13999938964844,145.10000610351562,10270600
2023-10-09,JPM,143.66000366210938,145.39999389648438,143.5,144.77000427246094,6964900
2023-10-10,JPM,145.4199981689453,146.77000427246094,145.27999877929688,145.64999389648438,11288800
2023-10-11,JPM,146.50999450683594,147.22999572753906,145.02000427246094,146.14999389648438,8698200
2023-10-12,JPM,146.3000030517578,146.9600067138672,145.1300048828125,145.80999755859375,10484400
2023-10-13,JPM,148.5,153.11000061035156,147.83999633789062,148.0,29427000
2023-10-16,JPM,149.4499969482422,149.52000427246094,146.72000122070312,147.85000610351562,12663500
2023-10-17,JPM,147.57000732421875,149.30999755859375,146.7899932861328,147.52999877929688,11482700
2023-10-18,JPM,146.58999633789062,147.47999572753906,145.3699951171875,145.91000366210938,9620300
2023-10-19,JPM,145.47999572753906,147.02000427246094,144.8800048828125,145.2899932861328,11143600
2023-10-20,JPM,144.57000732421875,145.13999938964844,142.1199951171875,142.9499969482422,13332900
2023-10-23,JPM,142.94000244140625,143.67999267578125,140.72999572753906,141.0,10133400
2023-10-24,JPM,141.19000244140625,141.72999572753906,140.36000061035156,141.1699981689453,8881400
2023-10-25,JPM,140.57000732421875,141.17999267578125,139.50999450683594,140.39999389648438,8242600
2023-10-26,JPM,139.75999450683594,141.6699981689453,139.42999267578125,140.75999450683594,9109400
2023-10-27,JPM,138.9499969482422,139.10000610351562,135.19000244140625,135.69000244140625,17434700
2023-10-30,JPM,136.44000244140625,138.0399932861328,136.0399932861328,137.4199981689453,9855500
2023-10-31,JPM,137.7100067138672,139.24000549316406,137.47000122070312,139.05999755859375,9672500
2023-11-01,JPM,139.25,140.52999877929688,138.47000122070312,138.94000244140625,9432000
2023-11-02,JPM,140.08999633789062,141.47999572753906,139.22999572753906,141.4199981689453,10186200
2023-11-03,JPM,142.19000244140625,143.77000427246094,141.85000610351562,143.0,9538700
2023-11-06,JPM,143.1699981689453,144.19000244140625,142.7899932861328,144.0800018310547,7625100
2023-11-07,JPM,143.50999450683594,144.25999450683594,142.82000732421875,144.00999450683594,6297900
2023-11-08,JPM,144.11000061035156,144.83999633789062,143.6199951171875,144.72000122070312,7618200
2023-11-09,JPM,145.44000244140625,145.64999389648438,143.6999969482422,144.2899932861328,7992500
2023-11-10,JPM,144.94000244140625,146.47999572753906,144.0800018310547,146.42999267578125,7983300
2023-11-13,JPM,145.6999969482422,146.25,145.16000366210938,145.77999877929688,6676300
2023-11-14,JPM,146.67999267578125,149.25,146.52000427246094,148.44000244140625,9927700
2023-11-15,JPM,148.4600067138672,150.16000366210938,148.4600067138672,149.74000549316406,8365300
2023-11-16,JPM,150.08999633789062,151.52999877929688,150.08999633789062,151.4499969482422,8126200
2023-11-17,JPM,152.1999969482422,152.86000061035156,151.5399932861328,152.82000732421875,7812400
2023-11-20,JPM,152.0800018310547,153.75,151.9199981689453,153.2899932861328,7019000
2023-11-21,JPM,153.1999969482422,153.6300048828125,152.57000732421875,152.97000122070312,7083500
2023-11-22,JPM,153.41000366210938,153.8800048828125,152.89999389648438,153.3300018310547,5174500
2023-11-24,JPM,153.58999633789062,154.44000244140625,153.27999877929688,153.5399932861328,3496900
2023-11-27,JPM,153.42999267578125,153.52999877929688,152.7100067138672,153.19000244140625,6259100
2023-11-28,JPM,153.22000122070312,153.8699951171875,152.72000122070312,153.5399932861328,6582700
2023-11-29,JPM,154.1699981689453,155.6300048828125,154.0,154.32000732421875,9126100
2023-11-30,JPM,154.91000366210938,156.1300048828125,154.3800048828125,156.0800018310547,9869800
2023-12-01,JPM,155.82000732421875,157.86000061035156,155.82000732421875,156.83999633789062,8916000
2023-12-04,JPM,156.02000427246094,158.0500030517578,155.8800048828125,157.99000549316406,9607500
2023-12-05,JPM,157.25999450683594,158.5,156.97000122070312,157.97000122070312,9135600
2023-12-06,JPM,158.83999633789062,159.22000122070312,156.0,156.30999755859375,9366000
2023-12-07,JPM,156.69000244140625,157.30999755859375,156.14999389648438,156.7899932861328,8130900
2023-12-08,JPM,157.25999450683594,158.77999877929688,156.97999572753906,158.52000427246094,7369400
2023-12-11,JPM,158.52000427246094,159.3000030517578,158.14999389648438,159.10000610351562,8093900
2023-12-12,JPM,159.22999572753906,160.64999389648438,158.8800048828125,160.52000427246094,10223000
2023-12-13,JPM,160.52000427246094,162.02999877929688,159.77000427246094,161.05999755859375,12379100
2023-12-14,JPM,161.8300018310547,164.83999633789062,161.7100067138672,163.99000549316406,13643000
2023-12-15,JPM,163.0800018310547,165.27999877929688,162.38999938964844,165.22999572753906,20309300
2023-12-18,JPM,165.9199981689453,167.1300048828125,165.6300048828125,166.22999572753906,8469600
2023-12-19,JPM,166.0,168.47000122070312,165.5500030517578,168.4499969482422,10345700
2023-12-20,JPM,167.99000549316406,169.41000366210938,166.4499969482422,166.5500030517578,10734700
2023-12-21,JPM,166.83999633789062,168.08999633789062,165.67999267578125,167.5,7601700
2023-12-22,JPM,167.5,168.22999572753906,167.22999572753906,167.39999389648438,6576300
2023-12-26,JPM,167.4600067138672,168.77000427246094,167.17999267578125,168.38999938964844,4683600
2023-12-27,JPM,167.83999633789062,169.47000122070312,167.5800018310547,169.39999389648438,6428600
2023-12-28,JPM,169.35000610351562,170.66000366210938,169.0,170.3000030517578,6320100
2023-12-29,JPM,170.0,170.69000244140625,169.6300048828125,170.10000610351562,6435100
2024-01-02,JPM,169.08999633789062,172.1699981689453,168.91000366210938,172.0800018310547,9977400
2024-01-03,JPM,171.86000061035156,172.0399932861328,170.3699951171875,171.3300018310547,9852300
2024-01-04,JPM,170.63999938964844,173.35000610351562,170.5399932861328,171.41000366210938,11972500
2024-01-05,JPM,171.47000122070312,173.3800048828125,171.47000122070312,172.27000427246094,10066000
2024-01-08,JPM,172.02000427246094,172.36000061035156,169.49000549316406,172.02000427246094,11229900
2024-01-09,JPM,171.6199951171875,171.7899932861328,170.10000610351562,170.66000366210938,9923600
2024-01-10,JPM,170.0,171.0800018310547,168.9499969482422,171.02000427246094,9670200
2024-01-11,JPM,170.3300018310547,170.36000061035156,168.63999938964844,170.3000030517578,11919500
2024-01-12,JPM,173.8000030517578,176.30999755859375,168.89999389648438,169.0500030517578,19436500
2024-01-16,JPM,164.8699951171875,168.08999633789062,164.3000030517578,167.99000549316406,17206400
2024-01-17,JPM,167.33999633789062,169.07000732421875,166.49000549316406,167.08999633789062,11107500
2024-01-18,JPM,167.1199951171875,167.52999877929688,165.24000549316406,167.4199981689453,9382300
2024-01-19,JPM,167.5500030517578,170.57000732421875,167.0800018310547,170.30999755859375,13115700
2024-01-22,JPM,170.4600067138672,171.97999572753906,169.7100067138672,170.11000061035156,12837500
2024-01-23,JPM,169.6699981689453,169.75,168.44000244140625,168.99000549316406,8360800
2024-01-24,JPM,169.36000061035156,171.00999450683594,168.86000061035156,170.5,9967100
2024-01-25,JPM,172.30999755859375,172.99000549316406,170.91000366210938,172.94000244140625,8873500
2024-01-26,JPM,172.61000061035156,173.05999755859375,171.77999877929688,172.27999877929688,7443000
2024-01-29,JPM,172.24000549316406,172.83999633789062,171.3000030517578,172.72999572753906,6971200
2024-01-30,JPM,172.8300018310547,176.75999450683594,172.8300018310547,176.27000427246094,10822100
2024-01-31,JPM,176.1999969482422,178.3000030517578,174.33999633789062,174.36000061035156,11521800
2024-02-01,JPM,173.63999938964844,174.83999633789062,171.42999267578125,173.72999572753906,9354800
2024-02-02,JPM,173.3000030517578,175.82000732421875,173.25999450683594,174.72999572753906,8607600
2024-02-05,JPM,173.86000061035156,175.08999633789062,172.9199981689453,174.5,7820200
2024-02-06,JPM,174.61000061035156,175.8699951171875,173.75999450683594,175.10000610351562,6764800
2024-02-07,JPM,175.69000244140625,175.8699951171875,173.9600067138672,175.42999267578125,7225500
2024-02-08,JPM,175.0,175.30999755859375,173.57000732421875,174.8000030517578,6060300
2024-02-09,JPM,175.0,175.10000610351562,173.6699981689453,175.00999450683594,6296700
2024-02-12,JPM,174.77999877929688,176.80999755859375,173.6999969482422,175.7899932861328,8539300
2024-02-13,JPM,175.32000732421875,176.22999572753906,172.6199951171875,174.25999450683594,8397600
2024-02-14,JPM,175.07000732421875,176.10000610351562,174.4199981689453,176.02999877929688,7056700
2024-02-15,JPM,176.14999389648438,180.2100067138672,176.14999389648438,179.8699951171875,8723400
2024-02-16,JPM,179.61000061035156,179.97999572753906,178.16000366210938,179.02999877929688,8152600
2024-02-20,JPM,179.19000244140625,180.4600067138672,178.41000366210938,179.72999572753906,9668000
2024-02-21,JPM,179.9499969482422,180.99000549316406,178.52000427246094,180.89999389648438,7024000
2024-02-22,JPM,181.82000732421875,183.4199981689453,181.24000549316406,183.07000732421875,9296500
2024-02-23,JPM,183.80999755859375,185.1999969482422,183.19000244140625,183.99000549316406,7105800
2024-02-26,JPM,183.75,184.4600067138672,182.47999572753906,183.36000061035156,7145400
2024-02-27,JPM,183.30999755859375,183.5399932861328,182.24000549316406,183.4499969482422,5717100
2024-02-28,JPM,183.42999267578125,185.1999969482422,182.9600067138672,184.3800048828125,6131600
2024-02-29,JPM,185.66000366210938,186.42999267578125,183.85000610351562,186.05999755859375,9643000
2024-03-01,JPM,185.6999969482422,186.44000244140625,185.10000610351562,185.2899932861328,6311800
2024-03-04,JPM,184.7100067138672,187.58999633789062,184.27000427246094,186.67999267578125,7063600
2024-03-05,JPM,186.36000061035156,189.3000030517578,186.36000061035156,188.5500030517578,6617800
2024-03-06,JPM,189.25,190.07000732421875,187.6300048828125,189.52999877929688,7572900
2024-03-07,JPM,189.91000366210938,190.5,186.6300048828125,187.8699951171875,7618300
2024-03-08,JPM,188.44000244140625,190.4600067138672,187.9199981689453,188.22000122070312,6172200
2024-03-11,JPM,187.27999877929688,188.44000244140625,186.22000122070312,188.2899932861328,5762600
2024-03-12,JPM,188.9499969482422,190.16000366210938,187.91000366210938,189.83999633789062,5708400
2024-03-13,JPM,190.36000061035156,191.72999572753906,189.83999633789062,191.3800048828125,7795500
2024-03-14,JPM,191.02999877929688,191.6300048828125,187.10000610351562,187.97000122070312,10310900
2024-03-15,JPM,186.47999572753906,190.94000244140625,186.47999572753906,190.3000030517578,17214200
2024-03-18,JPM,190.6300048828125,192.6999969482422,189.88999938964844,192.66000366210938,9013800
2024-03-19,JPM,192.7100067138672,193.92999267578125,192.3800048828125,193.7899932861328,8478700
2024-03-20,JPM,194.19000244140625,196.55999755859375,193.61000061035156,196.3300018310547,9367000
2024-03-21,JPM,196.52000427246094,199.42999267578125,196.3300018310547,199.05999755859375,11203800
2024-03-22,JPM,199.00999450683594,200.47999572753906,196.5399932861328,196.6199951171875,8108800
2024-03-25,JPM,196.60000610351562,196.94000244140625,194.36000061035156,194.82000732421875,8620000
2024-03-26,JPM,194.58999633789062,196.66000366210938,194.05999755859375,195.72999572753906,5961500
2024-03-27,JPM,196.5,199.60000610351562,196.3800048828125,199.52000427246094,8725800
2024-03-28,JPM,199.49000549316406,200.72000122070312,198.5399932861328,200.3000030517578,8628300
2024-04-01,JPM,199.99000549316406,200.94000244140625,198.57000732421875,198.94000244140625,7309000
2024-04-02,JPM,198.38999938964844,199.77999877929688,198.0800018310547,198.86000061035156,7014700
2024-04-03,JPM,199.0399932861328,199.55999755859375,197.6999969482422,198.3000030517578,9353400
2024-04-04,JPM,199.14999389648438,199.67999267578125,195.5500030517578,195.64999389648438,9243800
2024-04-05,JPM,196.16000366210938,198.1199951171875,195.11000061035156,197.4499969482422,6532300
2024-04-08,JPM,197.6199951171875,198.97999572753906,197.6199951171875,198.47999572753906,8001000
2024-04-09,JPM,198.07000732421875,198.8800048828125,194.91000366210938,197.14999389648438,7351500
2024-04-10,JPM,195.5500030517578,197.07000732421875,194.17999267578125,195.47000122070312,7681400
2024-04-11,JPM,196.0,196.57000732421875,193.24000549316406,195.42999267578125,10137700
2024-04-12,JPM,188.32000732421875,188.92999267578125,182.5399932861328,182.7899932861328,31532300
2024-04-15,JPM,184.5,187.4600067138672,182.1999969482422,182.88999938964844,14766600
2024-04-16,JPM,182.89999389648438,183.16000366210938,179.64999389648438,180.8000030517578,16451800
2024-04-17,JPM,181.3699951171875,182.4199981689453,179.1999969482422,180.0800018310547,9017100
2024-04-18,JPM,181.10000610351562,183.36000061035156,179.97000122070312,181.25,9557700
2024-04-19,JPM,182.39999389648438,185.8800048828125,181.41000366210938,185.8000030517578,13402300
2024-04-22,JPM,185.99000549316406,190.1300048828125,185.97999572753906,189.41000366210938,11529700
2024-04-23,JPM,191.1300048828125,192.22999572753906,190.52000427246094,192.13999938964844,9144400
2024-04-24,JPM,190.52999877929688,193.22999572753906,190.1699981689453,193.0800018310547,6964900
2024-04-25,JPM,192.25,193.94000244140625,191.17999267578125,193.3699951171875,9802300
2024-04-26,JPM,193.57000732421875,194.8699951171875,193.05999755859375,193.49000549316406,6413700
2024-04-29,JPM,193.47999572753906,194.25999450683594,192.42999267578125,193.27999877929688,5387800
2024-04-30,JPM,192.80999755859375,194.99000549316406,191.63999938964844,191.74000549316406,8153700
2024-05-01,JPM,192.27000427246094,194.4600067138672,190.7899932861328,191.86000061035156,7445300
2024-05-02,JPM,193.07000732421875,193.5,189.52000427246094,191.66000366210938,6501700
2024-05-03,JPM,192.0,192.52999877929688,188.4600067138672,190.50999450683594,8922800
2024-05-06,JPM,191.72999572753906,192.1999969482422,189.82000732421875,192.0,7911100
2024-05-07,JPM,191.6999969482422,192.92999267578125,191.64999389648438,191.75,7688800
2024-05-08,JPM,191.0,196.64999389648438,191.0,195.64999389648438,9227600
2024-05-09,JPM,195.1699981689453,197.58999633789062,195.10000610351562,197.5,7977300
2024-05-10,JPM,198.5399932861328,199.33999633789062,198.27000427246094,198.77000427246094,7529800
2024-05-13,JPM,198.8000030517578,199.85000610351562,198.0399932861328,198.72999572753906,7049200
2024-05-14,JPM,199.0,201.5800018310547,198.16000366210938,201.50999450683594,8596200
2024-05-15,JPM,202.00999450683594,202.69000244140625,199.77000427246094,202.11000061035156,8370000
2024-05-16,JPM,202.22000122070312,204.47999572753906,201.99000549316406,202.47000122070312,8497900
2024-05-17,JPM,203.80999755859375,205.0500030517578,202.80999755859375,204.7899932861328,9260500
2024-05-20,JPM,204.38999938964844,205.8800048828125,195.39999389648438,195.5800018310547,17373300
2024-05-21,JPM,197.0,199.89999389648438,196.60000610351562,199.52000427246094,14420800
2024-05-22,JPM,199.0,200.94000244140625,197.69000244140625,198.30999755859375,9425300
2024-05-23,JPM,197.80999755859375,198.3000030517578,196.07000732421875,196.9199981689453,8069400
2024-05-24,JPM,197.75,200.75999450683594,197.55999755859375,200.7100067138672,7356200
2024-05-28,JPM,199.86000061035156,200.41000366210938,198.66000366210938,199.5,6910200
2024-05-29,JPM,198.0,198.99000549316406,196.88999938964844,198.11000061035156,6120000
2024-05-30,JPM,198.55999755859375,199.85000610351562,198.39999389648438,199.3300018310547,6829100
2024-05-31,JPM,199.3000030517578,203.3000030517578,198.35000610351562,202.6300048828125,14417900
2024-06-03,JPM,202.30999755859375,202.4199981689453,199.19000244140625,201.82000732421875,6444300
2024-06-04,JPM,200.16000366210938,201.97999572753906,198.27999877929688,199.16000366210938,6848300
2024-06-05,JPM,199.75999450683594,199.82000732421875,196.9199981689453,197.25999450683594,8351600
2024-06-06,JPM,197.25999450683594,198.02000427246094,195.3300018310547,196.91000366210938,7640300
2024-06-07,JPM,197.42999267578125,200.9199981689453,197.00999450683594,199.9499969482422,6964500
2024-06-10,JPM,199.24000549316406,200.83999633789062,198.44000244140625,199.61000061035156,6070800
2024-06-11,JPM,197.91000366210938,197.94000244140625,193.60000610351562,194.36000061035156,9235300
2024-06-12,JPM,196.0,196.72000122070312,191.30999755859375,191.52999877929688,12751300
2024-06-13,JPM,192.32000732421875,194.5800018310547,190.8800048828125,193.66000366210938,8587800
2024-06-14,JPM,191.4499969482422,194.86000061035156,191.4199981689453,193.77999877929688,6874000
2024-06-17,JPM,193.47999572753906,195.5800018310547,192.63999938964844,194.97999572753906,8725400
2024-06-18,JPM,194.60000610351562,197.9600067138672,194.1300048828125,197.0,9023000
2024-06-20,JPM,196.38999938964844,199.4499969482422,196.11000061035156,198.6699981689453,8731100
2024-06-21,JPM,196.7100067138672,197.1699981689453,194.22000122070312,196.3000030517578,20972100
2024-06-24,JPM,197.80999755859375,199.22999572753906,197.10000610351562,198.8800048828125,9785900
2024-06-25,JPM,198.08999633789062,200.07000732421875,197.74000549316406,198.07000732421875,6862500
2024-06-26,JPM,197.4499969482422,197.94000244140625,196.27999877929688,197.42999267578125,7758600
2024-06-27,JPM,197.44000244140625,199.86000061035156,196.89999389648438,199.1699981689453,7913500
2024-06-28,JPM,200.00999450683594,202.60000610351562,199.3000030517578,202.25999450683594,15307600
2024-07-01,JPM,202.83999633789062,207.08999633789062,202.66000366210938,205.4499969482422,10205800
2024-07-02,JPM,205.2899932861328,208.86000061035156,204.77000427246094,208.8300018310547,7802900
2024-07-03,JPM,209.5500030517578,210.3800048828125,207.64999389648438,208.69000244140625,5560900
2024-07-05,JPM,206.99000549316406,207.3699951171875,204.52000427246094,204.7899932861328,8093100
2024-07-08,JPM,205.0399932861328,206.89999389648438,203.97000122070312,205.1699981689453,8707000
2024-07-09,JPM,205.6300048828125,209.75999450683594,205.4499969482422,207.6300048828125,9058900
2024-07-10,JPM,206.13999938964844,207.97000122070312,205.5800018310547,207.8000030517578,8328500
2024-07-11,JPM,206.2100067138672,208.10000610351562,205.3800048828125,207.4499969482422,10658100
2024-07-12,JPM,204.0,207.4499969482422,202.10000610351562,204.94000244140625,15443400
2024-07-15,JPM,207.19000244140625,211.61000061035156,206.72000122070312,210.0500030517578,10719700
2024-07-16,JPM,210.0,213.74000549316406,208.0800018310547,213.6199951171875,11557000
2024-07-17,JPM,213.8000030517578,217.55999755859375,213.27000427246094,216.8699951171875,11572500
2024-07-18,JPM,215.6300048828125,216.63999938964844,209.24000549316406,209.97999572753906,12415100
2024-07-19,JPM,211.1999969482422,212.35000610351562,208.9199981689453,209.77999877929688,8095900
2024-07-22,JPM,210.4600067138672,212.1699981689453,209.7100067138672,210.27999877929688,7663200
2024-07-23,JPM,211.02000427246094,211.47999572753906,209.35000610351562,210.3300018310547,5557300
2024-07-24,JPM,209.5500030517578,212.02999877929688,208.07000732421875,208.58999633789062,7119000
2024-07-25,JPM,208.64999389648438,210.19000244140625,208.0500030517578,208.6699981689453,6403800
2024-07-26,JPM,209.24000549316406,213.16000366210938,208.6199951171875,212.24000549316406,8027800
2024-07-29,JPM,212.64999389648438,213.61000061035156,210.5500030517578,210.85000610351562,6533600
2024-07-30,JPM,213.22999572753906,215.7899932861328,212.9600067138672,215.19000244140625,8850700
2024-07-31,JPM,214.77999877929688,216.38999938964844,212.6699981689453,212.8000030517578,9071600
2024-08-01,JPM,213.1999969482422,213.8300018310547,206.3800048828125,207.9600067138672,10918600
2024-08-02,JPM,203.8800048828125,204.6699981689453,196.88999938964844,199.13999938964844,18041700
2024-08-05,JPM,194.0500030517578,196.1699981689453,190.89999389648438,194.89999389648438,13927000
2024-08-06,JPM,195.39999389648438,202.60000610351562,194.0,200.33999633789062,10605800
2024-08-07,JPM,203.50999450683594,205.75,200.1999969482422,200.39999389648438,9204400
2024-08-08,JPM,202.47000122070312,204.91000366210938,201.7899932861328,204.05999755859375,7761200
2024-08-09,JPM,203.47000122070312,206.47000122070312,202.89999389648438,205.8000030517578,5540200
2024-08-12,JPM,206.41000366210938,207.13999938964844,203.66000366210938,206.19000244140625,6936000
2024-08-13,JPM,207.72999572753906,208.08999633789062,205.39999389648438,207.94000244140625,6387800
2024-08-14,JPM,207.74000549316406,210.75999450683594,207.1199951171875,210.24000549316406,6999800
2024-08-15,JPM,213.0,213.88999938964844,211.10000610351562,211.5500030517578,7001000
2024-08-16,JPM,211.69000244140625,214.08999633789062,211.58999633789062,213.97000122070312,7931200
2024-08-19,JPM,214.0,215.52999877929688,213.82000732421875,215.4499969482422,6090800
2024-08-20,JPM,215.0,216.0,213.67999267578125,214.52000427246094,5640000
2024-08-21,JPM,214.42999267578125,215.0,212.83999633789062,214.60000610351562,5202300
2024-08-22,JPM,214.5800018310547,216.8000030517578,214.33999633789062,216.6300048828125,5247100
2024-08-23,JPM,217.60000610351562,219.19000244140625,216.5,218.30999755859375,7214000
2024-08-26,JPM,219.00999450683594,219.67999267578125,218.0500030517578,219.1699981689453,5105200
2024-08-27,JPM,219.50999450683594,220.4199981689453,219.19000244140625,220.17999267578125,5185200
2024-08-28,JPM,219.25,222.2100067138672,219.19000244140625,221.2899932861328,6506400
2024-08-29,JPM,222.14999389648438,222.97999572753906,218.94000244140625,222.2100067138672,6416100
2024-08-30,JPM,222.5,225.47999572753906,221.92999267578125,224.8000030517578,8574100
2024-09-03,JPM,222.3000030517578,224.10000610351562,219.24000549316406,220.3000030517578,8956100
2024-09-04,JPM,221.0399932861328,222.07000732421875,217.2100067138672,219.3300018310547,7389500
2024-09-05,JPM,220.14999389648438,220.8000030517578,216.02999877929688,217.6300048828125,8067900
2024-09-06,JPM,217.60000610351562,218.74000549316406,211.08999633789062,212.4600067138672,7777000
2024-09-09,JPM,215.19000244140625,218.14999389648438,214.17999267578125,216.80999755859375,8935100
2024-09-10,JPM,218.60000610351562,218.63999938964844,200.61000061035156,205.55999755859375,28406900
2024-09-11,JPM,205.25,207.6999969482422,201.8300018310547,207.22999572753906,13658700
2024-09-12,JPM,207.64999389648438,208.77999877929688,204.88999938964844,206.60000610351562,9054400
2024-09-13,JPM,206.86000061035156,207.85000610351562,203.02000427246094,204.32000732421875,10226700
2024-09-16,JPM,205.8300018310547,208.2100067138672,205.58999633789062,207.86000061035156,8634900
2024-09-17,JPM,207.72999572753906,209.92999267578125,207.66000366210938,209.25,7573300
2024-09-18,JPM,209.00999450683594,211.33999633789062,206.6999969482422,207.52999877929688,8259900
2024-09-19,JPM,209.77999877929688,211.91000366210938,207.33999633789062,210.47999572753906,11635200
2024-09-20,JPM,209.92999267578125,211.4199981689453,209.5,211.08999633789062,20885000
2024-09-23,JPM,211.0,211.8000030517578,209.99000549316406,211.44000244140625,7223500
2024-09-24,JPM,211.14999389648438,212.9499969482422,210.3699951171875,211.58999633789062,7323200
2024-09-25,JPM,211.67999267578125,212.24000549316406,208.61000061035156,210.19000244140625,8976500
2024-09-26,JPM,211.1300048828125,211.6999969482422,209.00999450683594,209.77999877929688,7807500
2024-09-27,JPM,210.64999389648438,212.44000244140625,209.3300018310547,210.5,7032500
2024-09-30,JPM,206.30999755859375,210.9600067138672,205.25999450683594,210.86000061035156,8663800
2024-10-01,JPM,208.89999389648438,209.08999633789062,206.19000244140625,207.0399932861328,8540100
2024-10-02,JPM,207.0800018310547,208.9499969482422,205.69000244140625,207.2899932861328,5810900
2024-10-03,JPM,206.1699981689453,206.49000549316406,204.33999633789062,205.22999572753906,7251300
2024-10-04,JPM,209.3000030517578,211.6699981689453,206.91000366210938,211.22000122070312,10211700
2024-10-07,JPM,211.02999877929688,213.3300018310547,209.69000244140625,210.92999267578125,6718900
2024-10-08,JPM,210.5800018310547,211.3300018310547,208.3800048828125,210.75,6021800
2024-10-09,JPM,209.6999969482422,214.24000549316406,209.3800048828125,213.4199981689453,7024000
2024-10-10,JPM,214.80999755859375,214.80999755859375,211.47000122070312,212.83999633789062,7927100
2024-10-11,JPM,215.6699981689453,224.6300048828125,215.16000366210938,222.2899932861328,18320700
2024-10-14,JPM,223.1999969482422,223.6999969482422,218.8800048828125,221.47999572753906,9048900
2024-10-15,JPM,223.66000366210938,225.4499969482422,221.82000732421875,222.38999938964844,9235800
2024-10-16,JPM,222.3300018310547,223.67999267578125,221.0399932861328,223.63999938964844,6382500
2024-10-17,JPM,224.27000427246094,225.85000610351562,223.30999755859375,224.4199981689453,6470200
2024-10-18,JPM,225.0,225.9199981689453,223.10000610351562,225.3699951171875,7000500
2024-10-21,JPM,225.22000122070312,225.6999969482422,222.89999389648438,223.0,5870000
2024-10-22,JPM,223.02000427246094,225.27999877929688,221.10000610351562,224.1199951171875,9586800
2024-10-23,JPM,223.66000366210938,224.8000030517578,222.52999877929688,223.41000366210938,6180500
2024-10-24,JPM,221.8300018310547,225.05999755859375,221.66000366210938,224.97999572753906,6002200
2024-10-25,JPM,225.0,225.6199951171875,220.8800048828125,222.30999755859375,6369700
2024-10-28,JPM,223.35000610351562,225.63999938964844,222.9499969482422,225.5,6843000
2024-10-29,JPM,225.2100067138672,226.75,222.80999755859375,222.89999389648438,6580000
2024-10-30,JPM,222.5399932861328,226.30999755859375,221.5800018310547,224.41000366210938,7110900
2024-10-31,JPM,224.6999969482422,225.69000244140625,221.82000732421875,221.9199981689453,7829900
2024-11-01,JPM,223.55999755859375,226.14999389648438,222.6999969482422,222.94000244140625,6923500
2024-11-04,JPM,222.64999389648438,223.75999450683594,219.1699981689453,219.77999877929688,8229600
2024-11-05,JPM,220.02999877929688,221.9600067138672,220.0,221.49000549316406,5600700
2024-11-06,JPM,235.0,248.0,234.77000427246094,247.05999755859375,23987800
2024-11-07,JPM,244.5,244.57000732421875,235.22000122070312,236.3800048828125,16451100
2024-11-08,JPM,239.33999633789062,239.33999633789062,235.77999877929688,236.97999572753906,9502100
2024-11-11,JPM,240.0,242.10000610351562,239.0,239.2899932861328,9017100
2024-11-12,JPM,240.5500030517578,241.4600067138672,238.75999450683594,239.55999755859375,6861000
2024-11-13,JPM,240.5800018310547,244.08999633789062,240.30999755859375,241.16000366210938,11472600
2024-11-14,JPM,242.4199981689453,244.2899932861328,241.0500030517578,241.8699951171875,10172200
2024-11-15,JPM,241.4600067138672,246.4199981689453,241.4600067138672,245.30999755859375,11518800
2024-11-18,JPM,247.75999450683594,247.92999267578125,242.67999267578125,245.02999877929688,9051400
2024-11-19,JPM,242.25,245.14999389648438,241.5500030517578,243.08999633789062,6792700
2024-11-20,JPM,244.39999389648438,244.61000061035156,238.63999938964844,240.77999877929688,9015300
2024-11-21,JPM,243.22999572753906,245.49000549316406,242.11000061035156,244.75999450683594,8783500
2024-11-22,JPM,243.61000061035156,249.14999389648438,243.02999877929688,248.5500030517578,7997300
2024-11-25,JPM,249.58999633789062,254.30999755859375,249.05999755859375,250.2899932861328,10295400
2024-11-26,JPM,250.49000549316406,251.0,248.33999633789062,249.97000122070312,6212100
2024-11-27,JPM,249.35000610351562,251.19000244140625,248.77000427246094,249.7899932861328,5472300
2024-11-29,JPM,249.86000061035156,251.77000427246094,249.4499969482422,249.72000122070312,5494800
2024-12-02,JPM,249.5500030517578,250.25,245.02999877929688,246.25,8899700
2024-12-03,JPM,248.22999572753906,249.0399932861328,244.6300048828125,244.82000732421875,6657700
2024-12-04,JPM,244.6999969482422,245.35000610351562,242.22999572753906,243.39999389648438,7346300
2024-12-05,JPM,245.38999938964844,247.17999267578125,244.6199951171875,245.47999572753906,6572500
2024-12-06,JPM,245.6999969482422,247.74000549316406,244.83999633789062,247.36000061035156,5519700
2024-12-09,JPM,247.1300048828125,247.8699951171875,243.75999450683594,243.80999755859375,7076500
2024-12-10,JPM,243.88999938964844,247.9600067138672,242.22000122070312,242.86000061035156,9108300
2024-12-11,JPM,244.0,244.27000427246094,242.17999267578125,243.52999877929688,7884400
2024-12-12,JPM,243.0,244.10000610351562,241.0399932861328,241.52999877929688,6113800
2024-12-13,JPM,242.07000732421875,242.72000122070312,239.13999938964844,239.94000244140625,10392700
2024-12-16,JPM,240.61000061035156,240.6699981689453,237.52000427246094,239.5800018310547,9032000
2024-12-17,JPM,238.64999389648438,239.02000427246094,236.6300048828125,238.36000061035156,8083600
2024-12-18,JPM,239.0,239.07000732421875,229.52999877929688,230.3699951171875,11322400
2024-12-19,JPM,232.27000427246094,236.36000061035156,232.27000427246094,232.9600067138672,11790800
2024-12-20,JPM,231.9199981689453,239.2100067138672,231.58999633789062,237.60000610351562,32348400
2024-12-23,JPM,236.07000732421875,238.6199951171875,234.8800048828125,238.38999938964844,8611500
2024-12-24,JPM,239.42999267578125,242.49000549316406,239.07000732421875,242.30999755859375,3729100
2024-12-26,JPM,241.42999267578125,243.25999450683594,240.7899932861328,243.13999938964844,4451800
2024-12-27,JPM,242.72000122070312,243.38999938964844,240.0399932861328,241.1699981689453,5730200
2024-12-30,JPM,238.77000427246094,240.83999633789062,237.11000061035156,239.32000732421875,5723800
2024-12-31,JPM,240.0500030517578,241.44000244140625,239.02999877929688,239.7100067138672,4871000
2025-01-02,JPM,240.9199981689453,243.27999877929688,239.4499969482422,240.0,9220900
2025-01-03,JPM,243.88999938964844,244.8800048828125,240.25999450683594,243.27999877929688,9491100
2025-01-06,JPM,243.6999969482422,245.69000244140625,240.5800018310547,240.85000610351562,9917800
2025-01-07,JPM,242.13999938964844,245.25999450683594,240.89999389648438,243.1699981689453,8753400
2025-01-08,JPM,242.75,244.25,240.5,243.1300048828125,8675300
2025-01-10,JPM,243.08999633789062,243.80999755859375,238.74000549316406,239.8699951171875,10256800
2025-01-13,JPM,239.6699981689453,244.5399932861328,239.0,244.2100067138672,10005300
2025-01-14,JPM,242.66000366210938,247.72000122070312,242.19000244140625,247.47000122070312,12407400
2025-01-15,JPM,250.39999389648438,253.6699981689453,243.67999267578125,252.35000610351562,18448500
2025-01-16,JPM,254.0,257.0400085449219,252.3300018310547,254.27000427246094,15292300
2025-01-17,JPM,254.13999938964844,260.6199951171875,252.13999938964844,259.1600036621094,17678100
2025-01-21,JPM,260.07000732421875,264.25,259.5,263.0299987792969,13712100
2025-01-22,JPM,262.8999938964844,263.3800048828125,260.25,262.8399963378906,9021900
2025-01-23,JPM,264.69000244140625,266.8599853515625,263.80999755859375,265.95001220703125,10749700
2025-01-24,JPM,263.69000244140625,267.1000061035156,263.010009765625,264.8399963378906,7666300
2025-01-27,JPM,264.1700134277344,265.9700012207031,262.260009765625,265.8500061035156,7522300
2025-01-28,JPM,265.8500061035156,267.3299865722656,264.8299865722656,267.1400146484375,7375400
2025-01-29,JPM,267.2099914550781,270.67999267578125,265.6099853515625,266.5799865722656,7684900
2025-01-30,JPM,268.6300048828125,269.70001220703125,266.6199951171875,268.2300109863281,8753500
2025-01-31,JPM,269.2300109863281,270.82000732421875,266.9599914550781,267.29998779296875,7193800
2025-02-03,JPM,261.8299865722656,268.1700134277344,261.70001220703125,266.80999755859375,8381400
2025-02-04,JPM,269.8399963378906,269.8399963378906,266.8299865722656,267.94000244140625,5626000
2025-02-05,JPM,268.9100036621094,270.6400146484375,268.3299865722656,270.42999267578125,5704400
2025-02-06,JPM,272.45001220703125,276.9800109863281,271.19000244140625,276.8999938964844,7264400
2025-02-07,JPM,277.2699890136719,278.54998779296875,274.7099914550781,275.79998779296875,6857900
2025-02-10,JPM,276.1499938964844,276.17999267578125,269.5899963378906,271.0400085449219,8627400
2025-02-11,JPM,270.260009765625,276.2200012207031,269.6600036621094,274.989990234375,7196400
2025-02-12,JPM,274.0799865722656,276.45001220703125,273.25,275.45001220703125,6683900
2025-02-13,JPM,275.5,276.9700012207031,273.80999755859375,276.32000732421875,8398700
2025-02-14,JPM,277.3699951171875,279.2300109863281,276.45001220703125,276.5899963378906,5688600
2025-02-18,JPM,276.760009765625,279.9700012207031,276.0199890136719,279.95001220703125,7919800
2025-02-19,JPM,278.3800048828125,280.25,277.2200012207031,279.25,7007200
2025-02-20,JPM,278.67999267578125,278.739990234375,265.739990234375,266.79998779296875,13846700
2025-02-21,JPM,268.32000732421875,269.20001220703125,262.8399963378906,264.239990234375,12835600
2025-02-24,JPM,265.489990234375,267.0,258.6099853515625,261.3399963378906,10372800
2025-02-25,JPM,262.2300109863281,263.0,253.35000610351562,257.3999938964844,9608400
2025-02-26,JPM,257.1600036621094,260.9100036621094,256.92999267578125,258.7900085449219,5943600
2025-02-27,JPM,260.17999267578125,263.6400146484375,257.8599853515625,259.04998779296875,8204400
2025-02-28,JPM,260.7300109863281,264.80999755859375,257.8900146484375,264.6499938964844,10467100
2025-03-03,JPM,264.0,266.32000732421875,257.82000732421875,260.6199951171875,9058300
2025-03-04,JPM,255.27999877929688,257.2300109863281,245.9499969482422,250.25,13465600
2025-03-05,JPM,251.25,253.0500030517578,247.8300018310547,251.52999877929688,7861400
2025-03-06,JPM,248.11000061035156,249.36000061035156,243.85000610351562,246.5399932861328,9983200
2025-03-07,JPM,245.22999572753906,246.72000122070312,239.4199981689453,242.27999877929688,20498700
2025-03-10,JPM,236.2100067138672,237.50999450683594,228.6999969482422,232.22000122070312,18887200
2025-03-11,JPM,231.75,233.32000732421875,226.69000244140625,229.13999938964844,18143000
2025-03-12,JPM,234.0,234.32000732421875,227.25999450683594,227.89999389648438,16054000
2025-03-13,JPM,229.3000030517578,229.5,224.22999572753906,225.19000244140625,16467900
2025-03-14,JPM,228.1199951171875,233.13999938964844,227.5800018310547,232.44000244140625,11962100
2025-03-17,JPM,231.17999267578125,235.6699981689453,230.4600067138672,233.92999267578125,9586000
2025-03-18,JPM,234.32000732421875,236.1699981689453,233.52000427246094,234.97000122070312,10344900
2025-03-19,JPM,235.74000549316406,242.3300018310547,234.88999938964844,239.11000061035156,10120600
2025-03-20,JPM,236.55999755859375,241.75999450683594,236.1999969482422,239.00999450683594,8328500
2025-03-21,JPM,237.80999755859375,242.3000030517578,236.5,241.6300048828125,19326900
2025-03-24,JPM,245.47999572753906,248.69000244140625,244.41000366210938,248.05999755859375,9422700
2025-03-25,JPM,249.30999755859375,251.82000732421875,247.6199951171875,251.1300048828125,9287700
2025-03-26,JPM,252.60000610351562,254.6699981689453,249.77999877929688,251.02999877929688,12779300
2025-03-27,JPM,249.52999877929688,250.63999938964844,247.17999267578125,248.1199951171875,8022500
2025-03-28,JPM,246.94000244140625,249.50999450683594,241.11000061035156,242.85000610351562,11978400
2025-03-31,JPM,239.41000366210938,245.86000061035156,237.36000061035156,245.3000030517578,13603000
2025-04-01,JPM,242.6199951171875,245.69000244140625,240.8800048828125,243.66000366210938,8054700
2025-04-02,JPM,241.60000610351562,247.25,241.4600067138672,245.82000732421875,7758800
2025-04-03,JPM,234.27000427246094,235.13999938964844,227.3000030517578,228.69000244140625,17188500
2025-04-04,JPM,215.30999755859375,217.6999969482422,208.92999267578125,210.27999877929688,27170700
2025-04-07,JPM,205.77000427246094,222.0500030517578,202.16000366210938,214.44000244140625,22914400
2025-04-08,JPM,223.52000427246094,227.83999633789062,213.25,216.8699951171875,19485700
2025-04-09,JPM,212.5,237.47999572753906,211.0,234.33999633789062,24022400
2025-04-10,JPM,230.0,230.35000610351562,220.10000610351562,227.11000061035156,18896400
2025-04-11,JPM,226.30999755859375,238.5800018310547,225.0,236.1999969482422,20284500
2025-04-14,JPM,237.10000610351562,239.77999877929688,233.6300048828125,234.72000122070312,13017800
2025-04-15,JPM,236.10000610351562,238.64999389648438,232.82000732421875,233.1300048828125,10912900
2025-04-16,JPM,232.0,233.5800018310547,227.92999267578125,229.61000061035156,9322300
2025-04-17,JPM,230.8000030517578,234.33999633789062,230.5500030517578,231.9600067138672,9557900
2025-04-21,JPM,230.6300048828125,231.80999755859375,226.33999633789062,228.99000549316406,8716200
2025-04-22,JPM,231.97999572753906,235.99000549316406,231.3699951171875,235.58999633789062,10701400
2025-04-23,JPM,240.22000122070312,246.7899932861328,240.0,240.8800048828125,14126800
2025-04-24,JPM,239.74000549316406,245.47000122070312,237.5800018310547,244.63999938964844,9055200
2025-04-25,JPM,244.64999389648438,245.6199951171875,241.75,243.5500030517578,8588600
2025-04-28,JPM,244.55999755859375,246.83999633789062,240.83999633789062,243.22000122070312,7394300
2025-04-29,JPM,242.19000244140625,245.25,241.69000244140625,244.6199951171875,7216800
2025-04-30,JPM,241.2100067138672,245.22000122070312,238.42999267578125,244.6199951171875,12991700
2025-05-01,JPM,242.83999633789062,248.4499969482422,242.1699981689453,246.88999938964844,8689600
2025-05-02,JPM,251.25999450683594,253.6199951171875,249.4600067138672,252.50999450683594,7165000
2025-05-05,JPM,251.17999267578125,255.16000366210938,250.58999633789062,252.55999755859375,5450700
2025-05-06,JPM,250.0,252.64999389648438,249.0,249.25,6369900
2025-05-07,JPM,249.85000610351562,252.4499969482422,248.8300018310547,249.38999938964844,8724100
2025-05-08,JPM,251.57000732421875,255.8800048828125,251.5500030517578,253.47000122070312,8320100
2025-05-09,JPM,254.5,255.50999450683594,252.33999633789062,253.0800018310547,5087600
2025-05-12,JPM,262.8999938964844,263.6000061035156,258.70001220703125,260.04998779296875,9603900
2025-05-13,JPM,261.0299987792969,263.6700134277344,260.3900146484375,263.010009765625,8589000
2025-05-14,JPM,263.0,266.6400146484375,262.2900085449219,265.6400146484375,8643100
2025-05-15,JPM,266.9700012207031,269.5199890136719,264.760009765625,267.489990234375,9214600
2025-05-16,JPM,267.5,268.4599914550781,264.7099914550781,267.55999755859375,8932900
2025-05-19,JPM,265.54998779296875,268.32000732421875,261.92999267578125,264.8800048828125,12145000
2025-05-20,JPM,262.5199890136719,266.6600036621094,262.29998779296875,265.67999267578125,8436300
2025-05-21,JPM,264.3500061035156,265.6499938964844,260.7300109863281,261.0400085449219,7464000
2025-05-22,JPM,259.44000244140625,262.29998779296875,258.8699951171875,260.6700134277344,6514100
2025-05-23,JPM,256.80999755859375,261.989990234375,256.0,260.7099914550781,6671800
2025-05-27,JPM,262.0400085449219,265.29998779296875,261.989990234375,265.2900085449219,7506600
2025-05-28,JPM,266.239990234375,266.7200012207031,262.8999938964844,263.489990234375,5535400
2025-05-29,JPM,264.79998779296875,265.4100036621094,262.5299987792969,264.3699951171875,5081200
2025-05-30,JPM,263.45001220703125,265.3299865722656,262.7300109863281,264.0,10977700
2025-06-02,JPM,263.0199890136719,265.0299987792969,261.8999938964844,264.6600036621094,6011200
2025-06-03,JPM,263.7300109863281,266.5799865722656,262.8800048828125,266.2699890136719,6998400
2025-06-04,JPM,265.9200134277344,267.1199951171875,264.17999267578125,264.2200012207031,5915700
2025-06-05,JPM,264.739990234375,264.739990234375,260.30999755859375,261.95001220703125,8173800
2025-06-06,JPM,264.3299865722656,266.6499938964844,264.260009765625,265.7300109863281,7738100
2025-06-09,JPM,266.0,267.8999938964844,263.3500061035156,266.739990234375,8285000
2025-06-10,JPM,265.8800048828125,268.8999938964844,265.8500061035156,268.6000061035156,7538100
2025-06-11,JPM,268.67999267578125,269.6199951171875,265.7900085449219,268.1499938964844,7434100
2025-06-12,JPM,266.8599853515625,268.2900085449219,265.1400146484375,268.239990234375,6618000
2025-06-13,JPM,265.0799865722656,267.0199890136719,262.7099914550781,264.95001220703125,7098300
2025-06-16,JPM,267.0,271.7300109863281,266.8500061035156,270.3599853515625,8566000
2025-06-17,JPM,268.1700134277344,270.5899963378906,267.79998779296875,269.5199890136719,6739300
2025-06-18,JPM,270.0,277.7200012207031,269.7200012207031,273.9599914550781,9586400
2025-06-20,JPM,275.57000732421875,277.29998779296875,273.80999755859375,275.0,13969700
2025-06-23,JPM,275.05999755859375,278.54998779296875,272.1099853515625,278.2699890136719,8094600
2025-06-24,JPM,280.2099914550781,282.7099914550781,279.510009765625,281.260009765625,9267900
2025-06-25,JPM,281.5,284.2799987792969,280.9100036621094,284.05999755859375,6826900
2025-06-26,JPM,284.70001220703125,289.4100036621094,284.4700012207031,288.75,8942100
2025-06-27,JPM,285.80999755859375,288.70001220703125,285.0400085449219,287.1099853515625,17868600
2025-06-30,JPM,290.3999938964844,292.6499938964844,288.9200134277344,289.9100036621094,12689200
2025-07-01,JPM,290.8900146484375,291.1300048828125,286.5899963378906,290.4100036621094,9338300
2025-07-02,JPM,292.0400085449219,292.82000732421875,289.70001220703125,292.0,8158700
2025-07-03,JPM,292.1499938964844,296.3999938964844,291.2099914550781,296.0,6541600
2025-07-07,JPM,295.25,296.0400085449219,290.0799865722656,291.9700012207031,8825700
2025-07-08,JPM,289.2699890136719,289.70001220703125,280.30999755859375,282.7799987792969,15440900
2025-07-09,JPM,287.17999267578125,287.20001220703125,282.4800109863281,283.1600036621094,11273800
2025-07-10,JPM,283.0,288.30999755859375,283.0,288.19000244140625,8410900
2025-07-11,JPM,285.5199890136719,287.3800048828125,283.6499938964844,286.8599853515625,7384700
2025-07-14,JPM,287.07000732421875,289.29998779296875,285.260009765625,288.70001220703125,9079900
2025-07-15,JPM,288.0,291.95001220703125,285.4800109863281,286.54998779296875,12526100
2025-07-16,JPM,288.3999938964844,290.7300109863281,283.010009765625,285.82000732421875,9979800
2025-07-17,JPM,283.44000244140625,290.29998779296875,283.44000244140625,289.8999938964844,8509500
2025-07-18,JPM,289.5199890136719,292.5,288.2300109863281,291.2699890136719,12217000
2025-07-21,JPM,291.0,294.17999267578125,290.5799865722656,290.9700012207031,7898100
2025-07-22,JPM,291.5,293.6300048828125,289.17999267578125,291.42999267578125,6717500
2025-07-23,JPM,292.8399963378906,296.989990234375,292.54998779296875,296.760009765625,7083500
2025-07-24,JPM,297.4200134277344,299.5899963378906,296.20001220703125,296.54998779296875,7001200
2025-07-25,JPM,296.70001220703125,298.8999938964844,295.9599914550781,298.6199951171875,5918500
2025-07-28,JPM,297.6600036621094,299.42999267578125,296.82000732421875,298.2799987792969,5840400
2025-07-29,JPM,300.0,301.2900085449219,296.20001220703125,297.0400085449219,7635700
2025-07-30,JPM,297.4200134277344,300.6099853515625,297.3800048828125,299.6300048828125,8061700
2025-07-31,JPM,299.1400146484375,300.9800109863281,295.5,296.239990234375,14749700
2025-08-01,JPM,290.3999938964844,291.79998779296875,284.239990234375,289.3699951171875,12007100
2025-08-04,JPM,290.260009765625,294.32000732421875,290.260009765625,294.260009765625,6649500
2025-08-05,JPM,294.69000244140625,295.7900085449219,287.239990234375,291.3699951171875,7182300
2025-08-06,JPM,292.29998779296875,293.2900085449219,290.1600036621094,291.3500061035156,6330200
2025-08-07,JPM,292.94000244140625,293.4599914550781,286.4100036621094,286.94000244140625,8057100
2025-08-08,JPM,288.9800109863281,291.2300109863281,284.7099914550781,288.760009765625,6634100
2025-08-11,JPM,289.3999938964844,291.32000732421875,288.7799987792969,289.55999755859375,5510100
2025-08-12,JPM,291.5,294.75,290.3399963378906,292.8500061035156,8570900
2025-08-13,JPM,293.95001220703125,294.54998779296875,287.1600036621094,290.5299987792969,8420400
2025-08-14,JPM,290.5799865722656,294.20001220703125,289.6400146484375,294.1600036621094,6322400
2025-08-15,JPM,294.8399963378906,295.5,289.82000732421875,290.489990234375,7340500
2025-08-18,JPM,290.0,291.8999938964844,288.4100036621094,291.5299987792969,5386900
2025-08-19,JPM,290.8299865722656,292.4800109863281,289.5299987792969,290.6600036621094,6031500
2025-08-20,JPM,290.80999755859375,293.3299865722656,287.2699890136719,292.239990234375,7374200
2025-08-21,JPM,291.94000244140625,292.7699890136719,289.4700012207031,291.4700012207031,6624000
2025-08-22,JPM,293.20001220703125,297.1600036621094,290.1300048828125,296.239990234375,8552800
2025-08-25,JPM,296.239990234375,297.3500061035156,294.1400146484375,294.8999938964844,5856300
2025-08-26,JPM,294.1600036621094,298.739990234375,293.5,298.57000732421875,6714700
2025-08-27,JPM,297.25,301.07000732421875,297.0400085449219,299.2799987792969,6056500
2025-08-28,JPM,300.0199890136719,301.239990234375,298.70001220703125,301.07000732421875,6410500
2025-08-29,JPM,302.0400085449219,302.95001220703125,299.7300109863281,301.4200134277344,6796400
2025-09-02,JPM,300.260009765625,300.4599914550781,294.5,299.70001220703125,7221900
2025-09-03,JPM,300.57000732421875,300.57000732421875,296.3800048828125,299.510009765625,6316900
2025-09-04,JPM,300.0,304.42999267578125,298.2799987792969,303.82000732421875,6605800
2025-09-05,JPM,303.6499938964844,305.1499938964844,294.30999755859375,294.3800048828125,9837700
2025-09-08,JPM,294.8900146484375,296.4599914550781,291.44000244140625,292.9100036621094,8188500
2025-09-09,JPM,292.6000061035156,299.0,292.30999755859375,297.8500061035156,7848200
2025-09-10,JPM,296.70001220703125,301.5400085449219,295.3999938964844,300.5400085449219,7787300
2025-09-11,JPM,301.239990234375,305.7300109863281,300.7900085449219,305.55999755859375,7942500
2025-09-12,JPM,305.0,307.54998779296875,303.70001220703125,306.9100036621094,6846700
2025-09-15,JPM,307.1700134277344,309.95001220703125,307.1700134277344,308.8999938964844,7122000
2025-09-16,JPM,310.0,310.8999938964844,307.1300048828125,309.19000244140625,10525600
2025-09-17,JPM,310.3900146484375,312.9100036621094,308.7699890136719,311.75,8657800
2025-09-18,JPM,311.7900085449219,313.44000244140625,309.6099853515625,313.2300109863281,8050700
2025-09-19,JPM,313.6000061035156,315.79998779296875,309.1199951171875,314.7799987792969,23568600
2025-09-22,JPM,309.79998779296875,313.70001220703125,309.55999755859375,312.44000244140625,7520200
2025-09-23,JPM,311.82000732421875,316.30999755859375,310.5799865722656,312.739990234375,8584400
2025-09-24,JPM,314.04998779296875,316.5799865722656,311.6700134277344,313.4200134277344,7310500
2025-09-25,JPM,314.1199951171875,315.6499938964844,311.79998779296875,313.45001220703125,7083200
2025-09-26,JPM,314.8999938964844,317.80999755859375,313.70001220703125,316.05999755859375,7258100
2025-09-29,JPM,317.05999755859375,318.010009765625,313.6600036621094,315.69000244140625,6462400
2025-09-30,JPM,316.25,317.4100036621094,310.1099853515625,315.42999267578125,11823300
2025-10-01,JPM,313.9700012207031,314.5899963378906,307.4100036621094,310.7099914550781,9235200
2025-10-02,JPM,310.0,310.55999755859375,306.1400146484375,307.54998779296875,7600000
2025-10-03,JPM,308.510009765625,311.6600036621094,308.2099914550781,310.0299987792969,6029900
2025-10-06,JPM,310.17999267578125,311.75,305.1300048828125,309.17999267578125,7214500
2025-10-07,JPM,309.3500061035156,310.010009765625,304.70001220703125,307.69000244140625,8454200
2025-10-08,JPM,308.2099914550781,308.7799987792969,303.54998779296875,304.0299987792969,6489900
2025-10-09,JPM,305.04998779296875,308.0400085449219,303.3900146484375,305.5299987792969,7060300
2025-10-10,JPM,305.6600036621094,310.4700012207031,300.80999755859375,300.8900146484375,8597400
2025-10-13,JPM,305.6000061035156,309.4599914550781,305.45001220703125,307.9700012207031,10788700
2025-10-14,JPM,305.8399963378906,307.0,294.2099914550781,302.0799865722656,16178800
2025-10-15,JPM,306.3900146484375,312.1199951171875,305.44000244140625,305.69000244140625,11354800
2025-10-16,JPM,305.3500061035156,308.67999267578125,297.07000732421875,298.5400085449219,10549400
2025-10-17,JPM,299.1600036621094,299.54998779296875,294.20001220703125,297.55999755859375,10153500
2025-10-20,JPM,298.5,303.69000244140625,298.1600036621094,302.3599853515625,6894900
2025-10-21,JPM,301.6600036621094,304.04998779296875,297.0,297.0899963378906,7372700
2025-10-22,JPM,297.7699890136719,298.05999755859375,290.5400085449219,294.1099853515625,8054100
2025-10-23,JPM,294.3800048828125,296.3699951171875,292.510009765625,294.5400085449219,5438800
2025-10-24,JPM,296.0799865722656,302.6000061035156,295.45001220703125,300.44000244140625,7228300
2025-10-27,JPM,302.1600036621094,304.5299987792969,301.010009765625,304.1499938964844,5642200
2025-10-28,JPM,304.8599853515625,307.9700012207031,303.1600036621094,305.3599853515625,6336000
2025-10-29,JPM,303.510009765625,308.25,303.010009765625,305.510009765625,7520300
2025-10-30,JPM,305.7900085449219,312.6099853515625,305.1000061035156,309.44000244140625,7514600
2025-10-31,JPM,308.5400085449219,312.8699951171875,307.25,311.1199951171875,7721300
2025-11-03,JPM,311.0,312.32000732421875,306.2099914550781,309.3500061035156,7770000
2025-11-04,JPM,306.7099914550781,312.2200012207031,305.1000061035156,309.25,7085200
2025-11-05,JPM,309.6099853515625,313.1000061035156,305.6300048828125,311.67999267578125,6865200
2025-11-06,JPM,310.989990234375,314.8399963378906,310.260009765625,313.4200134277344,7206100
2025-11-07,JPM,311.8900146484375,314.42999267578125,307.6400146484375,314.2099914550781,7302300
2025-11-10,JPM,315.0,319.55999755859375,314.2099914550781,316.8900146484375,5794100
2025-11-11,JPM,317.5,319.04998779296875,315.2799987792969,315.6199951171875,5030200
2025-11-12,JPM,316.260009765625,322.25,316.2099914550781,320.4100036621094,10578300
2025-11-13,JPM,319.2300109863281,320.6300048828125,309.1000061035156,309.4800109863281,8973300
2025-11-14,JPM,307.510009765625,307.6400146484375,301.2300109863281,303.6099853515625,10327000
2025-11-17,JPM,304.0,305.5899963378906,297.6700134277344,300.3699951171875,8344000
2025-11-18,JPM,299.5,302.95001220703125,297.0199890136719,299.4100036621094,8077300
2025-11-19,JPM,299.739990234375,304.45001220703125,299.2699890136719,303.2699890136719,5546600
2025-11-20,JPM,306.3399963378906,309.9200134277344,298.1600036621094,298.3800048828125,7501600
2025-11-21,JPM,301.2900085449219,301.67999267578125,292.80999755859375,298.0199890136719,11766800
2025-11-24,JPM,298.239990234375,299.82000732421875,294.510009765625,298.0,10940200
2025-11-25,JPM,300.04998779296875,304.5,295.55999755859375,303.0,8877200
2025-11-26,JPM,305.0,308.5299987792969,303.20001220703125,307.6400146484375,7910900
2025-11-28,JPM,309.1000061035156,313.7200012207031,308.239990234375,313.0799865722656,4322400
2025-12-01,JPM,312.95001220703125,314.0400085449219,308.5400085449219,308.9200134277344,7727300
2025-12-02,JPM,308.739990234375,310.4800109863281,307.0899963378906,307.8800048828125,7249000
2025-12-03,JPM,307.20001220703125,312.3599853515625,306.79998779296875,312.1300048828125,8535300
2025-12-04,JPM,313.260009765625,318.489990234375,313.0,316.1000061035156,9627800
2025-12-05,JPM,315.6400146484375,318.4800109863281,314.67999267578125,315.0400085449219,6518900
2025-12-08,JPM,315.05999755859375,316.4700012207031,313.3500061035156,315.2099914550781,7417200
2025-12-09,JPM,314.95001220703125,318.79998779296875,300.0199890136719,300.510009765625,18049200
2025-12-10,JPM,300.5,311.19000244140625,298.4599914550781,310.1099853515625,18874100
2025-12-11,JPM,309.239990234375,318.0,309.239990234375,317.3800048828125,9721900
2025-12-12,JPM,319.67999267578125,320.2699890136719,316.6000061035156,318.5199890136719,8982900
2025-12-15,JPM,319.5899963378906,322.8800048828125,318.3900146484375,320.0199890136719,10864100
2025-12-16,JPM,319.0899963378906,319.5199890136719,314.3999938964844,315.54998779296875,8331300
2025-12-17,JPM,318.42999267578125,319.3699951171875,314.6600036621094,314.9800109863281,8718700
2025-12-18,JPM,316.0,317.70001220703125,312.2200012207031,313.0,11444900
2025-12-19,JPM,313.7900085449219,318.55999755859375,313.19000244140625,317.2099914550781,24494400
2025-12-22,JPM,317.510009765625,323.2300109863281,317.510009765625,323.0899963378906,8354600
2025-12-23,JPM,323.6099853515625,327.7799987792969,323.0899963378906,325.92999267578125,6668300
2025-12-24,JPM,326.239990234375,329.989990234375,325.5,329.1700134277344,4289300
2025-12-26,JPM,329.1099853515625,330.8599853515625,326.5400085449219,327.9100036621094,4158300
2025-12-29,JPM,327.0,327.7699890136719,323.5299987792969,323.75,8635300
2025-12-30,JPM,324.80999755859375,324.94000244140625,322.489990234375,323.4200134277344,7904300
2023-01-03,V,209.27999877929688,212.3300018310547,206.16000366210938,207.38999938964844,4202800
2023-01-04,V,209.6199951171875,213.1999969482422,209.6199951171875,212.61000061035156,6606200
2023-01-05,V,213.8000030517578,214.16000366210938,210.4600067138672,211.11000061035156,5246000
2023-01-06,V,214.0,218.13999938964844,213.08999633789062,217.75,6829700
2023-01-09,V,219.07000732421875,222.2100067138672,218.35000610351562,218.60000610351562,6294500
2023-01-10,V,218.99000549316406,222.38999938964844,218.17999267578125,221.08999633789062,10857000
2023-01-11,V,221.2899932861328,222.17999267578125,219.6999969482422,222.10000610351562,5408200
2023-01-12,V,222.10000610351562,223.80999755859375,220.61000061035156,223.6199951171875,4264400
2023-01-13,V,221.91000366210938,223.75999450683594,220.13999938964844,223.05999755859375,4283200
2023-01-17,V,222.3800048828125,224.39999389648438,222.3699951171875,223.0,6101100
2023-01-18,V,224.0800018310547,224.99000549316406,219.44000244140625,219.4600067138672,6558000
2023-01-19,V,218.10000610351562,221.52000427246094,217.5,220.41000366210938,4853100
2023-01-20,V,221.13999938964844,224.42999267578125,220.41000366210938,224.30999755859375,5211000
2023-01-23,V,224.60000610351562,226.1999969482422,223.14999389648438,224.17999267578125,5501500
2023-01-24,V,222.02000427246094,230.0,216.6300048828125,223.88999938964844,5274900
2023-01-25,V,221.6199951171875,224.97000122070312,221.1699981689453,224.89999389648438,4729600
2023-01-26,V,226.0,227.0800018310547,223.6699981689453,224.7100067138672,7043400
2023-01-27,V,228.0,232.83999633789062,227.25,231.44000244140625,11382600
2023-01-30,V,230.1999969482422,230.4199981689453,227.92999267578125,229.10000610351562,5677400
2023-01-31,V,228.80999755859375,230.8000030517578,228.4499969482422,230.2100067138672,11294200
2023-02-01,V,229.3699951171875,232.66000366210938,227.8000030517578,230.89999389648438,5792700
2023-02-02,V,233.9600067138672,234.3000030517578,228.3699951171875,229.55999755859375,7190000
2023-02-03,V,228.69000244140625,230.86000061035156,227.63999938964844,230.1300048828125,5243600
2023-02-06,V,228.6999969482422,230.25999450683594,228.0399932861328,229.44000244140625,3402400
2023-02-07,V,228.02000427246094,232.1300048828125,227.9499969482422,231.32000732421875,4042600
2023-02-08,V,230.33999633789062,231.86000061035156,229.99000549316406,230.1999969482422,4978600
2023-02-09,V,232.41000366210938,232.47999572753906,229.1300048828125,229.35000610351562,5238400
2023-02-10,V,228.9600067138672,229.91000366210938,226.16000366210938,227.1999969482422,4509700
2023-02-13,V,226.8800048828125,229.8300018310547,226.27000427246094,228.8800048828125,4946700
2023-02-14,V,228.6699981689453,231.4199981689453,227.1699981689453,229.38999938964844,4829400
2023-02-15,V,227.58999633789062,229.07000732421875,226.8000030517578,228.9199981689453,4407300
2023-02-16,V,226.07000732421875,228.36000061035156,225.6699981689453,225.8300018310547,3865900
2023-02-17,V,224.17999267578125,224.77000427246094,221.74000549316406,223.55999755859375,4520200
2023-02-21,V,220.16000366210938,222.44000244140625,219.99000549316406,220.6199951171875,7276100
2023-02-22,V,220.41000366210938,221.75,219.4499969482422,220.02000427246094,4621800
2023-02-23,V,221.55999755859375,222.08999633789062,218.92999267578125,221.1300048828125,5533800
2023-02-24,V,218.47999572753906,220.24000549316406,217.4600067138672,219.5500030517578,4414400
2023-02-27,V,220.72999572753906,221.44000244140625,219.33999633789062,220.35000610351562,4255300
2023-02-28,V,220.0,221.77000427246094,219.5,219.94000244140625,5385400
2023-03-01,V,219.4600067138672,220.27000427246094,216.42999267578125,218.36000061035156,4792700
2023-03-02,V,217.88999938964844,219.60000610351562,217.08999633789062,219.05999755859375,5539300
2023-03-03,V,220.1999969482422,224.02000427246094,219.89999389648438,223.77000427246094,6055400
2023-03-06,V,223.92999267578125,227.4199981689453,223.69000244140625,226.75,5737600
2023-03-07,V,226.75,227.3800048828125,223.0800018310547,223.1699981689453,4386800
2023-03-08,V,221.9600067138672,222.92999267578125,221.17999267578125,222.19000244140625,4194900
2023-03-09,V,221.39999389648438,224.3699951171875,219.66000366210938,220.00999450683594,5066700
2023-03-10,V,219.02999877929688,219.1199951171875,215.47999572753906,216.13999938964844,6638900
2023-03-13,V,214.6300048828125,217.85000610351562,212.5,214.47000122070312,6810800
2023-03-14,V,218.0,219.8699951171875,216.0399932861328,218.66000366210938,7985600
2023-03-15,V,214.41000366210938,216.91000366210938,213.6699981689453,216.3699951171875,8372200
2023-03-16,V,215.1699981689453,217.5800018310547,208.75999450683594,217.4499969482422,13674600
2023-03-17,V,214.8699951171875,218.66000366210938,214.8699951171875,217.38999938964844,18801200
2023-03-20,V,217.0,220.5500030517578,216.83999633789062,218.14999389648438,9817400
2023-03-21,V,221.33999633789062,222.50999450683594,218.67999267578125,221.9499969482422,8971400
2023-03-22,V,222.5,224.89999389648438,219.9199981689453,220.0399932861328,6700600
2023-03-23,V,220.44000244140625,225.25,220.25999450683594,222.58999633789062,6427700
2023-03-24,V,220.6699981689453,221.3300018310547,218.25,221.0399932861328,4791500
2023-03-27,V,222.58999633789062,224.0800018310547,221.38999938964844,221.80999755859375,7210900
2023-03-28,V,222.82000732421875,223.3300018310547,218.64999389648438,220.3300018310547,6418400
2023-03-29,V,222.2899932861328,223.5500030517578,220.9199981689453,223.3000030517578,4483000
2023-03-30,V,223.9199981689453,224.24000549316406,221.2100067138672,222.36000061035156,5383900
2023-03-31,V,223.60000610351562,225.83999633789062,223.2899932861328,225.4600067138672,9509000
2023-04-03,V,225.22999572753906,229.16000366210938,224.1199951171875,229.0,6421500
2023-04-04,V,229.0,230.0500030517578,226.8300018310547,227.66000366210938,5254700
2023-04-05,V,226.77999877929688,228.47000122070312,226.5500030517578,228.1699981689453,4813600
2023-04-06,V,226.16000366210938,226.72999572753906,224.67999267578125,225.99000549316406,4285200
2023-04-10,V,225.55999755859375,226.47999572753906,224.32000732421875,226.42999267578125,4952200
2023-04-11,V,227.0,229.13999938964844,226.1999969482422,228.4499969482422,4513300
2023-04-12,V,229.92999267578125,231.58999633789062,227.3300018310547,227.80999755859375,4373000
2023-04-13,V,229.4600067138672,232.83999633789062,228.8000030517578,232.69000244140625,7615500
2023-04-14,V,232.99000549316406,234.99000549316406,232.24000549316406,234.02000427246094,9781300
2023-04-17,V,234.02000427246094,234.0500030517578,230.94000244140625,233.47999572753906,4865000
2023-04-18,V,233.75,234.3300018310547,231.69000244140625,233.60000610351562,4796200
2023-04-19,V,234.0,234.05999755859375,231.85000610351562,232.57000732421875,3833900
2023-04-20,V,232.4600067138672,234.6699981689453,231.5,234.60000610351562,4925700
2023-04-21,V,235.0,235.57000732421875,233.3800048828125,234.0500030517578,6771500
2023-04-24,V,234.22999572753906,235.14999389648438,231.50999450683594,232.75999450683594,9124100
2023-04-25,V,233.02000427246094,235.02000427246094,229.42999267578125,229.58999633789062,6076500
2023-04-26,V,231.22000122070312,232.77000427246094,226.72000122070312,228.14999389648438,8400400
2023-04-27,V,228.6699981689453,229.6300048828125,226.61000061035156,229.00999450683594,7128200
2023-04-28,V,228.64999389648438,233.57000732421875,228.05999755859375,232.72999572753906,11627900
2023-05-01,V,232.8699951171875,234.58999633789062,231.50999450683594,232.50999450683594,4571100
2023-05-02,V,231.9499969482422,232.3699951171875,226.2100067138672,226.97999572753906,5244000
2023-05-03,V,226.97999572753906,228.6699981689453,225.9199981689453,225.97999572753906,4093300
2023-05-04,V,224.83999633789062,226.05999755859375,223.47999572753906,225.60000610351562,5648700
2023-05-05,V,228.33999633789062,232.33999633789062,227.2899932861328,231.77999877929688,6237500
2023-05-08,V,231.25,233.4499969482422,231.25,232.22999572753906,2938400
2023-05-09,V,231.0800018310547,234.08999633789062,230.82000732421875,233.25999450683594,4352100
2023-05-10,V,234.3000030517578,234.80999755859375,228.89999389648438,231.27000427246094,5245000
2023-05-11,V,230.75,231.52000427246094,228.27000427246094,231.00999450683594,3818000
2023-05-12,V,232.0,232.72999572753906,229.82000732421875,231.3800048828125,3432700
2023-05-15,V,231.19000244140625,232.8300018310547,230.5500030517578,232.80999755859375,2843200
2023-05-16,V,232.55999755859375,233.10000610351562,229.6300048828125,230.47000122070312,4289700
2023-05-17,V,232.72999572753906,233.88999938964844,230.5500030517578,232.64999389648438,4990100
2023-05-18,V,232.39999389648438,234.14999389648438,231.1300048828125,233.60000610351562,6621900
2023-05-19,V,234.0,234.33999633789062,231.94000244140625,233.30999755859375,5399400
2023-05-22,V,233.30999755859375,233.8699951171875,231.17999267578125,231.27999877929688,3987800
2023-05-23,V,229.27000427246094,229.49000549316406,223.66000366210938,224.5800018310547,8537200
2023-05-24,V,222.5500030517578,223.10000610351562,220.02999877929688,222.25,6730800
2023-05-25,V,222.4499969482422,224.69000244140625,220.49000549316406,223.3800048828125,6827600
2023-05-26,V,223.82000732421875,226.2100067138672,223.33999633789062,225.00999450683594,5067300
2023-05-30,V,225.00999450683594,225.47000122070312,219.75,221.63999938964844,6916000
2023-05-31,V,219.9600067138672,221.52999877929688,216.13999938964844,221.02999877929688,20460600
2023-06-01,V,222.72999572753906,226.7100067138672,222.42999267578125,226.5,7003600
2023-06-02,V,228.80999755859375,230.27000427246094,227.4199981689453,228.7899932861328,5897100
2023-06-05,V,227.91000366210938,228.3300018310547,225.30999755859375,226.77000427246094,4858900
2023-06-06,V,226.69000244140625,229.25,226.16000366210938,228.22000122070312,6020100
2023-06-07,V,227.0,227.5500030517578,221.02000427246094,225.27000427246094,8517200
2023-06-08,V,225.08999633789062,225.13999938964844,222.41000366210938,223.0500030517578,6248200
2023-06-09,V,223.63999938964844,225.17999267578125,222.75999450683594,223.55999755859375,6385000
2023-06-12,V,224.41000366210938,226.4499969482422,223.6300048828125,226.1699981689453,8621100
2023-06-13,V,225.6199951171875,227.14999389648438,222.6300048828125,223.39999389648438,6868700
2023-06-14,V,223.74000549316406,225.47000122070312,222.5800018310547,223.44000244140625,9160700
2023-06-15,V,222.02000427246094,227.11000061035156,221.3699951171875,226.1699981689453,12534000
2023-06-16,V,226.4499969482422,229.8000030517578,226.0800018310547,228.91000366210938,13628900
2023-06-20,V,227.0,229.57000732421875,226.17999267578125,226.47000122070312,12312300
2023-06-21,V,226.1199951171875,228.6300048828125,224.97999572753906,227.25,7032100
2023-06-22,V,226.36000061035156,228.92999267578125,225.5,228.38999938964844,6275500
2023-06-23,V,227.22000122070312,229.97999572753906,226.38999938964844,229.5500030517578,5424400
2023-06-26,V,229.44000244140625,230.10000610351562,226.1999969482422,226.3000030517578,5165400
2023-06-27,V,227.47999572753906,228.61000061035156,226.52000427246094,227.33999633789062,4628500
2023-06-28,V,227.5,228.05999755859375,226.02000427246094,227.9600067138672,5324500
2023-06-29,V,228.7899932861328,234.6999969482422,228.60000610351562,234.32000732421875,7118900
2023-06-30,V,236.27000427246094,238.27999877929688,235.9499969482422,237.47999572753906,6879400
2023-07-03,V,237.0,238.39999389648438,235.41000366210938,237.97000122070312,3087400
2023-07-05,V,234.41000366210938,240.0,233.99000549316406,239.4499969482422,7601200
2023-07-06,V,238.27000427246094,239.60000610351562,236.69000244140625,238.8800048828125,6441800
2023-07-07,V,236.72999572753906,238.44000244140625,236.1300048828125,236.4499969482422,5729500
2023-07-10,V,237.00999450683594,239.10000610351562,236.5,238.16000366210938,4858900
2023-07-11,V,238.80999755859375,240.6999969482422,238.1199951171875,240.5500030517578,3856500
2023-07-12,V,241.5500030517578,243.9499969482422,241.22999572753906,242.2100067138672,6116000
2023-07-13,V,243.7899932861328,244.27000427246094,243.14999389648438,243.30999755859375,5819600
2023-07-14,V,244.72999572753906,244.74000549316406,241.9600067138672,243.16000366210938,4941200
2023-07-17,V,243.11000061035156,245.3699951171875,243.0,243.99000549316406,4328100
2023-07-18,V,243.10000610351562,243.17999267578125,237.67999267578125,240.77000427246094,7674000
2023-07-19,V,241.25,242.58999633789062,240.1199951171875,241.4199981689453,4835500
2023-07-20,V,241.16000366210938,241.61000061035156,239.07000732421875,239.6199951171875,4695000
2023-07-21,V,239.74000549316406,240.35000610351562,238.72999572753906,239.25,5427400
2023-07-24,V,239.67999267578125,241.27999877929688,238.19000244140625,240.74000549316406,6010000
2023-07-25,V,240.02000427246094,240.8000030517578,238.55999755859375,238.69000244140625,4997500
2023-07-26,V,231.4199981689453,238.85000610351562,227.67999267578125,237.10000610351562,7551400
2023-07-27,V,237.4199981689453,238.66000366210938,232.9600067138672,234.44000244140625,8160100
2023-07-28,V,234.5800018310547,235.8800048828125,233.7100067138672,235.75,6794800
2023-07-31,V,236.0,238.4199981689453,236.0,237.72999572753906,4799600
2023-08-01,V,237.13999938964844,240.72999572753906,237.0,239.77999877929688,4627300
2023-08-02,V,238.6300048828125,238.7899932861328,236.7899932861328,237.55999755859375,4868200
2023-08-03,V,236.0,239.0500030517578,235.25,238.75999450683594,5033800
2023-08-04,V,238.0,241.91000366210938,237.83999633789062,238.99000549316406,5169700
2023-08-07,V,239.22000122070312,242.17999267578125,239.2100067138672,241.50999450683594,5649800
2023-08-08,V,240.4199981689453,241.36000061035156,237.38999938964844,239.2899932861328,5080600
2023-08-09,V,240.5,241.97000122070312,239.49000549316406,239.75999450683594,4055000
2023-08-10,V,240.6199951171875,243.9499969482422,240.08999633789062,240.16000366210938,4778000
2023-08-11,V,240.0,240.72000122070312,238.4199981689453,240.0399932861328,3607100
2023-08-14,V,240.72000122070312,243.3300018310547,240.25999450683594,242.89999389648438,4351100
2023-08-15,V,242.00999450683594,242.6699981689453,239.35000610351562,239.8300018310547,3770100
2023-08-16,V,236.52999877929688,241.07000732421875,236.02000427246094,239.2899932861328,3218600
2023-08-17,V,240.0,240.3800048828125,236.49000549316406,237.3699951171875,4177600
2023-08-18,V,235.5800018310547,239.0500030517578,235.3000030517578,238.1699981689453,4344800
2023-08-21,V,239.3800048828125,240.52999877929688,237.75999450683594,239.4600067138672,3573600
2023-08-22,V,240.0,241.42999267578125,238.6699981689453,240.57000732421875,3848400
2023-08-23,V,241.32000732421875,242.5399932861328,240.72000122070312,242.3000030517578,4947700
2023-08-24,V,242.25,243.55999755859375,239.36000061035156,239.47000122070312,4570700
2023-08-25,V,241.3800048828125,243.41000366210938,240.2100067138672,242.57000732421875,3541500
2023-08-28,V,243.00999450683594,245.22999572753906,242.60000610351562,243.8300018310547,3741500
2023-08-29,V,243.5,245.8300018310547,243.39999389648438,245.33999633789062,3975600
2023-08-30,V,246.4199981689453,248.22999572753906,246.0500030517578,246.22999572753906,4573300
2023-08-31,V,245.58999633789062,248.02000427246094,245.4499969482422,245.67999267578125,5532600
2023-09-01,V,247.47000122070312,248.8699951171875,246.77000427246094,248.11000061035156,4112900
2023-09-05,V,248.35000610351562,248.69000244140625,245.1999969482422,245.33999633789062,4459600
2023-09-06,V,245.4199981689453,246.66000366210938,244.2100067138672,246.16000366210938,4520300
2023-09-07,V,245.5,247.39999389648438,245.11000061035156,247.13999938964844,4007900
2023-09-08,V,247.7899932861328,248.13999938964844,246.44000244140625,247.2899932861328,3309100
2023-09-11,V,247.3300018310547,248.36000061035156,246.27000427246094,247.22000122070312,2995800
2023-09-12,V,246.94000244140625,247.75999450683594,246.00999450683594,247.3000030517578,3499600
2023-09-13,V,247.14999389648438,250.05999755859375,246.61000061035156,247.8300018310547,5657000
2023-09-14,V,245.0,245.5399932861328,238.75,241.5,12000000
2023-09-15,V,241.89999389648438,244.10000610351562,240.02999877929688,241.07000732421875,13077900
2023-09-18,V,240.94000244140625,245.22999572753906,240.77000427246094,244.66000366210938,4771600
2023-09-19,V,245.0,245.1199951171875,241.4600067138672,243.55999755859375,4709000
2023-09-20,V,243.6300048828125,244.52999877929688,241.6699981689453,241.86000061035156,5756600
2023-09-21,V,240.77000427246094,240.77999877929688,236.27000427246094,236.61000061035156,6881500
2023-09-22,V,236.75,237.7899932861328,234.8800048828125,235.0800018310547,5935500
2023-09-25,V,235.3800048828125,235.47000122070312,232.2100067138672,233.36000061035156,5921600
2023-09-26,V,231.92999267578125,232.6699981689453,229.60000610351562,229.64999389648438,6193200
2023-09-27,V,230.25999450683594,230.67999267578125,227.9199981689453,229.5,6006700
2023-09-28,V,230.6699981689453,232.5399932861328,229.6699981689453,231.66000366210938,4203900
2023-09-29,V,232.83999633789062,233.02999877929688,229.64999389648438,230.00999450683594,6045200
2023-10-02,V,229.24000549316406,231.3699951171875,228.77000427246094,231.27000427246094,5175200
2023-10-03,V,230.47000122070312,231.75,227.77999877929688,228.80999755859375,5585700
2023-10-04,V,229.47999572753906,231.6999969482422,228.8800048828125,231.22000122070312,5430900
2023-10-05,V,230.41000366210938,234.19000244140625,230.22000122070312,233.47999572753906,6126200
2023-10-06,V,233.1699981689453,236.58999633789062,232.75,235.0399932861328,6401300
2023-10-09,V,232.8000030517578,235.1699981689453,231.6999969482422,234.44000244140625,5372200
2023-10-10,V,234.89999389648438,238.22000122070312,234.27999877929688,236.60000610351562,4644000
2023-10-11,V,237.5500030517578,238.50999450683594,234.88999938964844,235.67999267578125,4760900
2023-10-12,V,236.7100067138672,237.72999572753906,234.88999938964844,236.77999877929688,4472800
2023-10-13,V,236.38999938964844,238.64999389648438,236.22999572753906,237.6699981689453,4966800
2023-10-16,V,239.0,240.7100067138672,238.3300018310547,240.07000732421875,6227300
2023-10-17,V,239.6300048828125,241.47999572753906,238.2899932861328,241.1999969482422,4527600
2023-10-18,V,239.9600067138672,240.8300018310547,236.99000549316406,237.47000122070312,9528300
2023-10-19,V,237.47000122070312,237.9199981689453,233.41000366210938,233.80999755859375,5927400
2023-10-20,V,234.1300048828125,235.77000427246094,232.63999938964844,233.3800048828125,5748300
2023-10-23,V,231.36000061035156,234.4600067138672,231.27999877929688,231.52999877929688,5071700
2023-10-24,V,232.88999938964844,236.52999877929688,232.88999938964844,234.64999389648438,6844100
2023-10-25,V,232.25,238.47999572753906,231.2899932861328,236.85000610351562,10365300
2023-10-26,V,234.57000732421875,235.61000061035156,230.36000061035156,231.27999877929688,6414500
2023-10-27,V,231.1699981689453,231.38999938964844,228.02999877929688,229.27000427246094,5540900
2023-10-30,V,232.19000244140625,233.3800048828125,230.02999877929688,233.0800018310547,5170300
2023-10-31,V,233.57000732421875,235.72000122070312,232.99000549316406,235.10000610351562,4828400
2023-11-01,V,236.13999938964844,239.0399932861328,235.67999267578125,238.5800018310547,4996200
2023-11-02,V,239.91000366210938,243.25,239.1999969482422,243.25,6286700
2023-11-03,V,245.1199951171875,245.32000732421875,242.25999450683594,243.60000610351562,5029800
2023-11-06,V,244.0,244.77999877929688,242.61000061035156,243.49000549316406,5254100
2023-11-07,V,243.41000366210938,245.07000732421875,243.3800048828125,244.77000427246094,4219700
2023-11-08,V,243.49000549316406,244.75,242.8000030517578,243.91000366210938,5117500
2023-11-09,V,244.3300018310547,244.47999572753906,240.97000122070312,241.63999938964844,4866600
2023-11-10,V,243.97999572753906,245.27000427246094,241.97000122070312,245.25,4094400
2023-11-13,V,245.0,245.67999267578125,244.11000061035156,244.6699981689453,4088500
2023-11-14,V,246.1699981689453,247.92999267578125,245.5800018310547,246.94000244140625,14092000
2023-11-15,V,246.80999755859375,248.24000549316406,245.33999633789062,248.11000061035156,13258900
2023-11-16,V,248.58999633789062,249.4499969482422,247.27000427246094,248.57000732421875,7051600
2023-11-17,V,249.4499969482422,250.24000549316406,248.66000366210938,249.55999755859375,7238200
2023-11-20,V,249.61000061035156,250.92999267578125,245.60000610351562,249.97000122070312,8604200
2023-11-21,V,250.02999877929688,253.33999633789062,250.02999877929688,252.22999572753906,7213700
2023-11-22,V,253.0,254.5399932861328,252.66000366210938,253.72000122070312,5701400
2023-11-24,V,254.19000244140625,254.6999969482422,253.5,254.3000030517578,1640900
2023-11-27,V,254.3000030517578,254.97999572753906,252.52000427246094,254.13999938964844,5478900
2023-11-28,V,253.85000610351562,254.14999389648438,251.61000061035156,252.94000244140625,5234900
2023-11-29,V,253.9199981689453,256.07000732421875,253.52000427246094,254.22999572753906,4955100
2023-11-30,V,254.25,256.7699890136719,253.1699981689453,256.67999267578125,6874700
2023-12-01,V,255.7899932861328,256.9100036621094,253.89999389648438,256.45001220703125,3939400
2023-12-04,V,255.91000366210938,257.3900146484375,254.35000610351562,254.44000244140625,5247500
2023-12-05,V,254.19000244140625,254.82000732421875,252.13999938964844,254.61000061035156,4199100
2023-12-06,V,255.8000030517578,256.8299865722656,253.52999877929688,254.2899932861328,3874000
2023-12-07,V,254.88999938964844,256.1400146484375,253.5,255.82000732421875,3589300
2023-12-08,V,255.0,256.0400085449219,253.8699951171875,255.74000549316406,3732300
2023-12-11,V,255.0,257.6300048828125,255.0,256.5199890136719,6479300
2023-12-12,V,257.29998779296875,259.7200012207031,256.3999938964844,259.55999755859375,5946600
2023-12-13,V,259.1499938964844,262.4800109863281,258.69000244140625,262.3800048828125,4859900
2023-12-14,V,263.19000244140625,263.25,256.3999938964844,258.7300109863281,8168700
2023-12-15,V,254.50999450683594,258.3699951171875,254.4499969482422,258.0299987792969,13374000
2023-12-18,V,258.70001220703125,259.5899963378906,257.95001220703125,258.3699951171875,6041100
2023-12-19,V,258.6099853515625,260.3399963378906,257.20001220703125,259.989990234375,8731200
2023-12-20,V,260.5,260.82000732421875,257.0799865722656,257.1099853515625,7240900
2023-12-21,V,257.510009765625,259.989990234375,257.0400085449219,259.5400085449219,6246700
2023-12-22,V,260.0,261.2099914550781,258.2200012207031,258.42999267578125,5111500
2023-12-26,V,258.5299987792969,259.739990234375,258.5299987792969,259.1600036621094,2085100
2023-12-27,V,259.25,259.7699890136719,258.30999755859375,258.92999267578125,4034700
2023-12-28,V,258.5400085449219,260.9700012207031,258.5400085449219,260.3999938964844,3020500
2023-12-29,V,260.57000732421875,261.4599914550781,259.6700134277344,260.3500061035156,4074900
2024-01-02,V,259.6099853515625,260.0899963378906,257.6700134277344,258.8699951171875,5471000
2024-01-03,V,258.54998779296875,258.8599853515625,256.8599853515625,257.9800109863281,4148300
2024-01-04,V,258.07000732421875,261.0400085449219,258.0,259.6099853515625,3843000
2024-01-05,V,260.7799987792969,261.4599914550781,258.75,259.69000244140625,3748400
2024-01-08,V,260.94000244140625,262.6199951171875,259.95001220703125,262.5400085449219,4659000
2024-01-09,V,262.0,263.6199951171875,261.1400146484375,263.3299865722656,7055800
2024-01-10,V,264.9700012207031,265.3699951171875,262.8599853515625,264.55999755859375,4355800
2024-01-11,V,265.4599914550781,266.19000244140625,262.3999938964844,264.0299987792969,5599000
2024-01-12,V,265.1300048828125,265.54998779296875,263.7099914550781,264.1700134277344,4656100
2024-01-16,V,263.5199890136719,265.6600036621094,262.3500061035156,265.239990234375,6196400
2024-01-17,V,264.4200134277344,267.1000061035156,264.3900146484375,266.6300048828125,5118700
2024-01-18,V,267.8800048828125,268.7799987792969,266.4200134277344,268.1400146484375,6694300
2024-01-19,V,268.17999267578125,271.1499938964844,267.04998779296875,270.8999938964844,7226500
2024-01-22,V,272.239990234375,272.3500061035156,270.3599853515625,271.20001220703125,5984300
2024-01-23,V,271.54998779296875,271.8699951171875,269.9100036621094,271.260009765625,5883000
2024-01-24,V,272.57000732421875,272.8599853515625,271.0799865722656,271.6499938964844,5021700
2024-01-25,V,271.95001220703125,272.7799987792969,270.79998779296875,272.6099853515625,6894900
2024-01-26,V,265.94000244140625,270.8699951171875,265.6000061035156,267.94000244140625,8586500
2024-01-29,V,266.9700012207031,275.07000732421875,266.7099914550781,273.6600036621094,6574500
2024-01-30,V,274.5899963378906,278.6400146484375,274.19000244140625,277.1499938964844,6549000
2024-01-31,V,277.1199951171875,279.989990234375,273.17999267578125,273.260009765625,6139300
2024-02-01,V,273.3900146484375,277.19000244140625,273.3599853515625,277.04998779296875,7065000
2024-02-02,V,277.6099853515625,278.5,275.67999267578125,277.17999267578125,4848700
2024-02-05,V,277.3999938964844,278.0,275.1300048828125,275.5799865722656,4899100
2024-02-06,V,274.79998779296875,276.8800048828125,274.0299987792969,276.760009765625,4400000
2024-02-07,V,279.3800048828125,279.5400085449219,277.05999755859375,279.3900146484375,4785900
2024-02-08,V,279.5400085449219,279.6600036621094,275.2799987792969,275.7799987792969,5833400
2024-02-09,V,275.0,277.17999267578125,274.0899963378906,276.42999267578125,4618300
2024-02-12,V,276.42999267578125,276.6700134277344,274.239990234375,275.07000732421875,3676200
2024-02-13,V,273.75,278.0,272.760009765625,275.80999755859375,5493800
2024-02-14,V,276.4700012207031,277.6400146484375,274.7099914550781,277.55999755859375,4218400
2024-02-15,V,277.6499938964844,281.1199951171875,277.55999755859375,280.9800109863281,4834800
2024-02-16,V,280.9599914550781,281.1199951171875,277.8699951171875,278.55999755859375,6630700
2024-02-20,V,274.57000732421875,276.8399963378906,273.3399963378906,275.1499938964844,6157200
2024-02-21,V,274.6300048828125,276.9700012207031,273.5299987792969,276.760009765625,4770100
2024-02-22,V,279.17999267578125,284.05999755859375,278.9800109863281,283.75,5100200
2024-02-23,V,284.7200012207031,285.95001220703125,283.5,283.6000061035156,5107700
2024-02-26,V,283.0400085449219,285.3500061035156,282.6600036621094,284.1499938964844,3856900
2024-02-27,V,284.1700134277344,284.1700134277344,281.5400085449219,283.1700134277344,4145200
2024-02-28,V,282.1000061035156,286.1300048828125,282.0799865722656,285.6300048828125,4358800
2024-02-29,V,285.5,285.6600036621094,282.17999267578125,282.6400146484375,6633700
2024-03-01,V,283.20001220703125,284.9100036621094,282.1099853515625,283.1600036621094,3955700
2024-03-04,V,282.80999755859375,283.0,278.1300048828125,280.5299987792969,5920300
2024-03-05,V,280.2699890136719,280.989990234375,277.67999267578125,279.3800048828125,6227900
2024-03-06,V,280.0,282.0,279.30999755859375,280.42999267578125,4535200
2024-03-07,V,280.8800048828125,281.1700134277344,276.1600036621094,278.260009765625,5668500
2024-03-08,V,279.0,281.6700134277344,278.8299865722656,280.0400085449219,3928800
2024-03-11,V,279.45001220703125,280.7699890136719,277.989990234375,280.55999755859375,4614000
2024-03-12,V,281.30999755859375,284.4800109863281,280.2900085449219,283.9200134277344,7988700
2024-03-13,V,284.6600036621094,286.1000061035156,283.82000732421875,285.1400146484375,5783800
2024-03-14,V,288.9599914550781,289.0400085449219,284.54998779296875,286.4100036621094,5484500
2024-03-15,V,283.54998779296875,285.6300048828125,282.6400146484375,283.0400085449219,9845000
2024-03-18,V,283.8699951171875,286.2300109863281,283.25,285.04998779296875,4095600
2024-03-19,V,286.6600036621094,288.05999755859375,285.25,287.3500061035156,6595200
2024-03-20,V,287.6400146484375,289.8699951171875,286.7200012207031,289.2799987792969,6105000
2024-03-21,V,289.9700012207031,290.9599914550781,287.8999938964844,290.3699951171875,5057600
2024-03-22,V,290.0,290.489990234375,282.8900146484375,283.260009765625,8744100
2024-03-25,V,283.010009765625,283.5,280.0400085449219,281.2099914550781,8519200
2024-03-26,V,284.1300048828125,284.1300048828125,278.4100036621094,280.6000061035156,8752400
2024-03-27,V,280.25,281.25,276.9800109863281,279.0199890136719,5190700
2024-03-28,V,278.489990234375,279.79998779296875,277.1199951171875,279.0799865722656,5844400
2024-04-01,V,280.3599853515625,280.8900146484375,276.7900085449219,278.2799987792969,5084000
2024-04-02,V,278.0,279.3299865722656,276.9800109863281,278.44000244140625,6912300
2024-04-03,V,280.4800109863281,280.4800109863281,276.55999755859375,276.9599914550781,4536600
2024-04-04,V,278.3599853515625,279.0799865722656,273.55999755859375,274.0,4018600
2024-04-05,V,276.1000061035156,277.9599914550781,275.0299987792969,277.1400146484375,4392100
2024-04-08,V,276.25,277.9800109863281,275.1499938964844,277.760009765625,5542400
2024-04-09,V,277.6300048828125,278.0,273.32000732421875,276.7200012207031,7313900
2024-04-10,V,275.4200134277344,276.82000732421875,274.1199951171875,274.4800109863281,5276000
2024-04-11,V,274.0,276.4800109863281,272.17999267578125,275.67999267578125,8102300
2024-04-12,V,275.54998779296875,277.0,274.05999755859375,275.9599914550781,9038400
2024-04-15,V,277.8900146484375,277.9100036621094,270.3399963378906,271.2799987792969,10267500
2024-04-16,V,270.5400085449219,274.1300048828125,270.1700134277344,271.3500061035156,8237100
2024-04-17,V,273.29998779296875,274.0,271.5,272.69000244140625,5940900
2024-04-18,V,272.57000732421875,273.1499938964844,269.8599853515625,271.3699951171875,8231800
2024-04-19,V,271.4700012207031,272.0,268.2900085449219,269.7799987792969,7905400
2024-04-22,V,270.95001220703125,273.760009765625,269.3599853515625,272.3299865722656,6463700
2024-04-23,V,274.010009765625,274.8900146484375,272.7099914550781,274.1099853515625,6438000
2024-04-24,V,282.57000732421875,283.0,274.489990234375,275.0199890136719,8807200
2024-04-25,V,272.9700012207031,276.2200012207031,270.489990234375,275.1600036621094,8064600
2024-04-26,V,275.010009765625,276.7699890136719,273.8299865722656,274.5199890136719,6840600
2024-04-29,V,272.32000732421875,274.4700012207031,271.0899963378906,271.8399963378906,4128600
2024-04-30,V,270.5299987792969,272.0799865722656,268.5799865722656,268.6099853515625,6376400
2024-05-01,V,268.1499938964844,270.9100036621094,266.7099914550781,267.32000732421875,6119900
2024-05-02,V,269.3500061035156,269.4700012207031,266.6499938964844,267.6099853515625,5061700
2024-05-03,V,269.0,269.45001220703125,266.5,268.489990234375,3862000
2024-05-06,V,269.6499938964844,272.7799987792969,269.57000732421875,272.6700134277344,3958700
2024-05-07,V,273.7200012207031,277.8800048828125,272.8299865722656,276.4599914550781,6377100
2024-05-08,V,277.79998779296875,278.54998779296875,274.9200134277344,277.19000244140625,9029700
2024-05-09,V,276.79998779296875,278.7900085449219,276.3999938964844,278.5400085449219,8948800
2024-05-10,V,279.54998779296875,281.0299987792969,279.239990234375,280.739990234375,8986400
2024-05-13,V,281.4599914550781,282.1499938964844,279.1000061035156,279.3900146484375,10528400
2024-05-14,V,279.44000244140625,279.989990234375,274.2699890136719,277.739990234375,18526100
2024-05-15,V,277.1499938964844,281.7300109863281,277.07000732421875,281.5,21288400
2024-05-16,V,281.739990234375,282.3800048828125,279.260009765625,279.8399963378906,10341500
2024-05-17,V,280.04998779296875,280.9100036621094,278.1000061035156,280.1000061035156,6177800
2024-05-20,V,279.2200012207031,280.2699890136719,278.17999267578125,278.5400085449219,5460900
2024-05-21,V,278.0,278.42999267578125,274.8800048828125,275.95001220703125,6578200
2024-05-22,V,275.5299987792969,278.0799865722656,275.1199951171875,275.5799865722656,4202500
2024-05-23,V,275.239990234375,277.44000244140625,273.0299987792969,274.2300109863281,6115900
2024-05-24,V,275.010009765625,275.239990234375,273.3500061035156,274.489990234375,4339700
2024-05-28,V,274.2300109863281,274.4599914550781,270.2300109863281,270.9800109863281,6212100
2024-05-29,V,269.0,271.1400146484375,268.260009765625,268.8599853515625,5469700
2024-05-30,V,268.70001220703125,271.6400146484375,268.30999755859375,271.29998779296875,4901900
2024-05-31,V,271.44000244140625,272.760009765625,269.010009765625,272.4599914550781,8910000
2024-06-03,V,273.0899963378906,273.1300048828125,268.05999755859375,270.3800048828125,4838800
2024-06-04,V,269.6300048828125,272.989990234375,269.30999755859375,272.4200134277344,4188500
2024-06-05,V,273.5299987792969,274.92999267578125,272.0199890136719,274.5,5368700
2024-06-06,V,274.79998779296875,277.1499938964844,274.0799865722656,277.0400085449219,4862400
2024-06-07,V,277.7099914550781,280.3299865722656,276.8599853515625,278.6700134277344,4515600
2024-06-10,V,278.1400146484375,278.55999755859375,273.3800048828125,275.0400085449219,5213800
2024-06-11,V,274.5400085449219,274.8599853515625,272.2200012207031,274.6700134277344,6244600
2024-06-12,V,276.7699890136719,277.6000061035156,269.8999938964844,270.32000732421875,7536600
2024-06-13,V,270.32000732421875,271.8599853515625,269.32000732421875,271.19000244140625,7361200
2024-06-14,V,270.1000061035156,271.54998779296875,269.2699890136719,270.6600036621094,8537300
2024-06-17,V,269.0,271.8299865722656,269.0,271.1700134277344,9258200
2024-06-18,V,271.29998779296875,273.8999938964844,271.29998779296875,273.6199951171875,6707500
2024-06-20,V,273.19000244140625,278.0400085449219,273.1000061035156,276.82000732421875,10164400
2024-06-21,V,277.1700134277344,277.5400085449219,274.5799865722656,275.2200012207031,14594700
2024-06-24,V,275.32000732421875,280.3900146484375,275.2699890136719,276.29998779296875,24149600
2024-06-25,V,276.8500061035156,277.92999267578125,273.5299987792969,273.5299987792969,18325800
2024-06-26,V,272.9100036621094,274.4599914550781,271.75,273.6000061035156,12172000
2024-06-27,V,268.510009765625,270.5899963378906,266.5,266.5899963378906,10529100
2024-06-28,V,267.20001220703125,268.6000061035156,261.25,262.4700012207031,13957300
2024-07-01,V,263.7900085449219,265.7699890136719,261.29998779296875,263.239990234375,7955800
2024-07-02,V,263.239990234375,268.2300109863281,262.3999938964844,268.2300109863281,8697800
2024-07-03,V,269.07000732421875,269.75,268.1499938964844,268.989990234375,5017800
2024-07-05,V,269.0,270.54998779296875,268.239990234375,270.3599853515625,7986400
2024-07-08,V,270.25,271.44000244140625,265.9700012207031,266.3999938964844,8561100
2024-07-09,V,267.0,267.54998779296875,263.9200134277344,265.44000244140625,6431300
2024-07-10,V,259.1199951171875,263.4800109863281,258.510009765625,263.0,9635500
2024-07-11,V,262.1300048828125,263.6300048828125,260.760009765625,262.54998779296875,8803600
2024-07-12,V,264.3399963378906,267.3999938964844,263.6600036621094,265.739990234375,6627800
2024-07-15,V,265.6700134277344,269.239990234375,265.25,268.45001220703125,6845200
2024-07-16,V,268.5199890136719,270.2099914550781,267.3699951171875,269.25,7869900
2024-07-17,V,268.44000244140625,272.9100036621094,268.239990234375,272.70001220703125,5324700
2024-07-18,V,272.2900085449219,273.6199951171875,268.55999755859375,269.1499938964844,5550800
2024-07-19,V,270.32000732421875,270.95001220703125,264.30999755859375,265.4599914550781,6839900
2024-07-22,V,267.2300109863281,268.3999938964844,265.0199890136719,267.7099914550781,5313600
2024-07-23,V,267.5299987792969,267.70001220703125,263.8599853515625,264.7900085449219,8109200
2024-07-24,V,256.07000732421875,257.20001220703125,253.1300048828125,254.1699981689453,13065900
2024-07-25,V,255.38999938964844,258.2200012207031,252.6999969482422,253.74000549316406,8573300
2024-07-26,V,255.58999633789062,261.20001220703125,255.58999633789062,259.4599914550781,7062200
2024-07-29,V,260.32000732421875,262.7099914550781,258.5799865722656,261.6000061035156,6068100
2024-07-30,V,263.2300109863281,264.29998779296875,261.010009765625,263.1000061035156,5941800
2024-07-31,V,264.5400085449219,266.3599853515625,264.25,265.6700134277344,7642500
2024-08-01,V,266.3299865722656,267.0,264.17999267578125,265.92999267578125,7269700
2024-08-02,V,263.8299865722656,267.9599914550781,262.8800048828125,266.5799865722656,7017900
2024-08-05,V,261.45001220703125,262.9200134277344,254.50999450683594,256.44000244140625,9631300
2024-08-06,V,256.5,260.489990234375,255.77000427246094,258.260009765625,21586800
2024-08-07,V,259.6600036621094,262.0299987792969,256.30999755859375,256.5199890136719,12908600
2024-08-08,V,258.1300048828125,260.45001220703125,257.9200134277344,259.8299865722656,8223700
2024-08-09,V,259.1700134277344,261.5199890136719,259.010009765625,259.760009765625,7228100
2024-08-12,V,260.5,261.6000061035156,259.239990234375,259.8900146484375,26769400
2024-08-13,V,260.1300048828125,261.67999267578125,259.2699890136719,260.1300048828125,12005700
2024-08-14,V,260.8699951171875,261.5,258.739990234375,261.1400146484375,8552300
2024-08-15,V,262.8399963378906,267.3900146484375,262.8399963378906,266.79998779296875,7397800
2024-08-16,V,266.8500061035156,268.44000244140625,265.3900146484375,267.3800048828125,5111100
2024-08-19,V,267.4200134277344,268.30999755859375,265.2300109863281,266.4700012207031,6555900
2024-08-20,V,267.0,268.0400085449219,265.7799987792969,268.0400085449219,6803600
2024-08-21,V,268.55999755859375,269.2699890136719,267.3900146484375,268.20001220703125,6639700
2024-08-22,V,268.94000244140625,269.5,266.57000732421875,267.94000244140625,4425200
2024-08-23,V,268.70001220703125,269.2099914550781,265.30999755859375,267.44000244140625,3697400
2024-08-26,V,267.7200012207031,270.3699951171875,267.6700134277344,268.2099914550781,4612200
2024-08-27,V,268.5199890136719,270.95001220703125,267.8900146484375,270.7200012207031,6594100
2024-08-28,V,271.1600036621094,271.9800109863281,267.6700134277344,269.19000244140625,5455100
2024-08-29,V,270.9800109863281,275.989990234375,270.45001220703125,274.32000732421875,5565100
2024-08-30,V,275.0,276.989990234375,274.260009765625,276.3699951171875,6296100
2024-09-03,V,276.3699951171875,282.0899963378906,276.3699951171875,278.5400085449219,7278300
2024-09-04,V,278.7099914550781,281.6499938964844,278.70001220703125,280.489990234375,6107500
2024-09-05,V,281.0,281.5,277.4100036621094,278.6199951171875,6447400
2024-09-06,V,277.7699890136719,280.2799987792969,277.42999267578125,279.3699951171875,7187700
2024-09-09,V,282.0899963378906,286.9700012207031,281.6499938964844,285.6099853515625,10933900
2024-09-10,V,285.92999267578125,286.3999938964844,283.57000732421875,285.3399963378906,5314400
2024-09-11,V,285.0199890136719,285.1700134277344,278.29998779296875,283.9599914550781,6281800
2024-09-12,V,284.0,286.0,281.4700012207031,285.3699951171875,4160800
2024-09-13,V,286.489990234375,288.739990234375,285.54998779296875,287.3500061035156,4987600
2024-09-16,V,288.04998779296875,290.8999938964844,287.739990234375,290.4800109863281,4458900
2024-09-17,V,290.8999938964844,293.07000732421875,290.0799865722656,291.55999755859375,5135700
2024-09-18,V,291.8399963378906,292.0199890136719,288.1300048828125,288.4800109863281,5890000
2024-09-19,V,291.0899963378906,291.4800109863281,282.8699951171875,285.239990234375,10382100
2024-09-20,V,285.5,287.0,283.25,284.7699890136719,27810900
2024-09-23,V,284.8999938964844,288.8800048828125,284.6199951171875,288.6300048828125,6505600
2024-09-24,V,280.17999267578125,281.0,272.7099914550781,272.7799987792969,13690200
2024-09-25,V,274.19000244140625,274.25,268.2300109863281,269.6300048828125,11671300
2024-09-26,V,270.5,273.239990234375,270.0,271.69000244140625,9552500
2024-09-27,V,273.1600036621094,277.9800109863281,272.7799987792969,275.1700134277344,6509600
2024-09-30,V,275.0,275.69000244140625,273.20001220703125,274.95001220703125,5969900
2024-10-01,V,276.9700012207031,279.05999755859375,274.3599853515625,277.6000061035156,5781600
2024-10-02,V,276.57000732421875,277.6400146484375,275.3699951171875,277.0,4741600
2024-10-03,V,276.6700134277344,277.69000244140625,275.8399963378906,276.8599853515625,3036700
2024-10-04,V,277.3500061035156,278.44000244140625,275.1000061035156,277.92999267578125,4259300
2024-10-07,V,277.6000061035156,277.6199951171875,273.239990234375,273.7900085449219,4339300
2024-10-08,V,274.7099914550781,276.1000061035156,274.010009765625,274.9599914550781,4370900
2024-10-09,V,275.0,277.489990234375,274.4200134277344,276.92999267578125,4115800
2024-10-10,V,276.7799987792969,277.6700134277344,275.3500061035156,277.4700012207031,4063900
2024-10-11,V,276.0400085449219,278.79998779296875,275.3699951171875,277.8399963378906,4746300
2024-10-14,V,279.0799865722656,281.3699951171875,277.989990234375,280.67999267578125,3996600
2024-10-15,V,281.0,282.6400146484375,278.8299865722656,279.2900085449219,5807000
2024-10-16,V,278.6199951171875,287.6000061035156,278.3500061035156,287.5199890136719,9442700
2024-10-17,V,288.57000732421875,290.92999267578125,287.6099853515625,290.3900146484375,8815800
2024-10-18,V,289.9200134277344,291.0400085449219,288.0799865722656,290.6199951171875,5350900
2024-10-21,V,289.6000061035156,290.44000244140625,286.3299865722656,286.8500061035156,6313100
2024-10-22,V,285.04998779296875,286.5299987792969,283.5299987792969,284.7900085449219,5736500
2024-10-23,V,286.0400085449219,286.05999755859375,283.5299987792969,283.760009765625,5249300
2024-10-24,V,282.3900146484375,283.6199951171875,281.7300109863281,283.2200012207031,4679900
2024-10-25,V,284.0,285.0899963378906,280.7799987792969,281.7300109863281,4464600
2024-10-28,V,282.0400085449219,284.6400146484375,281.5299987792969,284.19000244140625,4306200
2024-10-29,V,284.2699890136719,285.70001220703125,281.3500061035156,281.8800048828125,7534800
2024-10-30,V,292.3399963378906,295.7799987792969,288.3299865722656,290.1600036621094,9606800
2024-10-31,V,292.0899963378906,296.3399963378906,289.6199951171875,289.8500061035156,7950200
2024-11-01,V,288.489990234375,292.6700134277344,287.19000244140625,290.739990234375,5470700
2024-11-04,V,291.54998779296875,293.1499938964844,290.760009765625,291.8500061035156,4281600
2024-11-05,V,291.7099914550781,294.7799987792969,291.5799865722656,293.2900085449219,3753700
2024-11-06,V,306.32000732421875,309.0,302.82000732421875,307.3999938964844,10320500
2024-11-07,V,307.5,307.6300048828125,304.4200134277344,305.79998779296875,6237300
2024-11-08,V,306.8900146484375,311.1499938964844,305.69000244140625,307.8699951171875,6240600
2024-11-11,V,310.0899963378906,312.44000244140625,309.29998779296875,310.9200134277344,4674100
2024-11-12,V,309.0400085449219,310.54998779296875,308.1099853515625,309.8500061035156,4616400
2024-11-13,V,309.489990234375,310.95001220703125,307.8399963378906,309.4800109863281,4046400
2024-11-14,V,309.29998779296875,311.2900085449219,307.8299865722656,308.25,4415800
2024-11-15,V,307.55999755859375,310.7200012207031,306.6600036621094,309.6400146484375,5106300
2024-11-18,V,309.4800109863281,312.4100036621094,308.70001220703125,312.1600036621094,4585600
2024-11-19,V,310.0,312.2300109863281,308.510009765625,311.8500061035156,4885500
2024-11-20,V,311.8599853515625,312.2900085449219,306.2200012207031,307.3900146484375,6349900
2024-11-21,V,307.29998779296875,310.9200134277344,306.6499938964844,309.8999938964844,5757100
2024-11-22,V,307.9700012207031,311.5899963378906,307.8999938964844,309.9200134277344,5919200
2024-11-25,V,311.8599853515625,313.6600036621094,309.8599853515625,313.19000244140625,14189300
2024-11-26,V,314.20001220703125,314.5,311.5400085449219,311.82000732421875,7071500
2024-11-27,V,310.7699890136719,316.3699951171875,309.489990234375,314.70001220703125,5204300
2024-11-29,V,314.2900085449219,316.25,313.70001220703125,315.0799865722656,3853300
2024-12-02,V,316.8999938964844,317.4200134277344,313.7099914550781,316.6499938964844,5597500
2024-12-03,V,317.1000061035156,317.32000732421875,312.7699890136719,313.010009765625,5009900
2024-12-04,V,312.4200134277344,312.8500061035156,308.79998779296875,309.8999938964844,5981800
2024-12-05,V,309.9800109863281,311.0899963378906,308.8299865722656,309.0799865722656,5200100
2024-12-06,V,308.8699951171875,312.55999755859375,308.79998779296875,311.010009765625,4302700
2024-12-09,V,311.8299865722656,313.010009765625,307.6400146484375,308.29998779296875,5785300
2024-12-10,V,307.3599853515625,312.9800109863281,306.6400146484375,312.3800048828125,4539500
2024-12-11,V,313.0400085449219,315.54998779296875,311.2099914550781,313.7900085449219,4321800
2024-12-12,V,314.82000732421875,315.54998779296875,313.42999267578125,314.2300109863281,3218500
2024-12-13,V,315.8299865722656,316.95001220703125,314.3399963378906,314.739990234375,4682200
2024-12-16,V,314.739990234375,317.55999755859375,314.1000061035156,315.8900146484375,6562500
2024-12-17,V,315.82000732421875,318.8399963378906,315.1400146484375,318.29998779296875,8843900
2024-12-18,V,318.5,321.6199951171875,309.55999755859375,309.7799987792969,10479200
2024-12-19,V,311.8299865722656,316.8699951171875,311.2300109863281,314.8800048828125,8317100
2024-12-20,V,313.57000732421875,320.0,312.2799987792969,317.7099914550781,24387000
2024-12-23,V,315.6499938964844,317.9700012207031,313.3500061035156,317.2200012207031,7984600
2024-12-24,V,318.1700134277344,321.5400085449219,317.2799987792969,320.6499938964844,2684100
2024-12-26,V,319.7699890136719,321.45001220703125,319.4599914550781,320.9100036621094,2856000
2024-12-27,V,319.2699890136719,321.5,317.55999755859375,318.6600036621094,3489200
2024-12-30,V,314.67999267578125,317.1099853515625,313.2300109863281,315.30999755859375,3478500
2024-12-31,V,316.1199951171875,317.6600036621094,315.19000244140625,316.0400085449219,3963800
2025-01-02,V,317.7799987792969,319.67999267578125,312.4100036621094,314.3999938964844,5369500
2025-01-03,V,314.17999267578125,315.9200134277344,312.010009765625,314.9100036621094,4271300
2025-01-06,V,315.010009765625,315.3900146484375,312.07000732421875,313.0400085449219,6567300
2025-01-07,V,312.8900146484375,315.19000244140625,311.32000732421875,311.6700134277344,4958600
2025-01-08,V,311.0,314.0400085449219,310.2099914550781,312.6000061035156,5161600
2025-01-10,V,311.20001220703125,311.8500061035156,305.989990234375,307.7099914550781,6660100
2025-01-13,V,305.0,306.9200134277344,303.8399963378906,306.9200134277344,9568400
2025-01-14,V,308.75,310.1600036621094,307.5199890136719,309.0899963378906,5107600
2025-01-15,V,313.67999267578125,317.19000244140625,313.1300048828125,316.2799987792969,5222000
2025-01-16,V,315.75,319.17999267578125,315.75,317.25,4606700
2025-01-17,V,317.5,320.5899963378906,316.7099914550781,319.6199951171875,5805800
2025-01-21,V,320.30999755859375,324.5799865722656,320.0,323.6300048828125,5653000
2025-01-22,V,324.7699890136719,325.739990234375,322.3800048828125,323.55999755859375,5026500
2025-01-23,V,323.760009765625,328.510009765625,323.57000732421875,328.2099914550781,5297100
2025-01-24,V,328.0199890136719,331.0899963378906,327.80999755859375,330.20001220703125,4327500
2025-01-27,V,330.0,335.489990234375,328.04998779296875,334.5400085449219,6636500
2025-01-28,V,334.6700134277344,337.8299865722656,332.8900146484375,334.4800109863281,5999600
2025-01-29,V,334.5,337.1099853515625,334.5,335.8800048828125,5087300
2025-01-30,V,339.510009765625,344.44000244140625,339.0,343.04998779296875,8081300
2025-01-31,V,346.4700012207031,351.25,341.7099914550781,341.79998779296875,8624100
2025-02-03,V,340.0,346.0,339.239990234375,345.82000732421875,8004500
2025-02-04,V,344.6000061035156,346.010009765625,342.5400085449219,345.1499938964844,5532600
2025-02-05,V,346.0,349.4800109863281,345.25,349.44000244140625,4939100
2025-02-06,V,349.7799987792969,350.6499938964844,346.6000061035156,347.4800109863281,4294500
2025-02-07,V,348.0,350.75,347.2099914550781,348.0199890136719,4261200
2025-02-10,V,348.70001220703125,351.8999938964844,347.70001220703125,351.2300109863281,6067000
2025-02-11,V,348.29998779296875,352.1199951171875,346.25,350.7200012207031,5154800
2025-02-12,V,349.1600036621094,351.8299865722656,347.489990234375,351.489990234375,6760100
2025-02-13,V,353.1199951171875,356.0799865722656,350.7300109863281,355.6300048828125,4279200
2025-02-14,V,354.42999267578125,355.42999267578125,353.2200012207031,353.80999755859375,5720300
2025-02-18,V,353.69000244140625,356.739990234375,352.3999938964844,356.7300109863281,5822000
2025-02-19,V,356.0199890136719,357.1499938964844,354.17999267578125,355.2300109863281,4152300
2025-02-20,V,355.2300109863281,356.1300048828125,349.05999755859375,350.489990234375,5697000
2025-02-21,V,350.489990234375,353.32000732421875,347.4800109863281,348.5299987792969,6924100
2025-02-24,V,348.760009765625,350.79998779296875,347.3599853515625,349.8599853515625,5055900
2025-02-25,V,351.3699951171875,352.5899963378906,346.0,352.0899963378906,6191900
2025-02-26,V,350.0,351.8299865722656,348.989990234375,350.6300048828125,5960600
2025-02-27,V,351.8999938964844,360.30999755859375,351.67999267578125,355.739990234375,7298100
2025-02-28,V,354.7099914550781,364.0,353.7099914550781,362.7099914550781,15857300
2025-03-03,V,363.0,366.5400085449219,359.5400085449219,361.82000732421875,9099600
2025-03-04,V,360.1099853515625,360.2699890136719,350.3999938964844,352.2300109863281,8955800
2025-03-05,V,350.8299865722656,354.1099853515625,348.94000244140625,352.67999267578125,8244200
2025-03-06,V,345.9599914550781,348.8699951171875,340.3900146484375,344.1600036621094,8611100
2025-03-07,V,340.8699951171875,346.3900146484375,339.1400146484375,345.32000732421875,6358700
2025-03-10,V,339.94000244140625,345.010009765625,337.6400146484375,341.4800109863281,8204300
2025-03-11,V,338.4100036621094,339.6099853515625,329.5799865722656,332.1400146484375,9776100
2025-03-12,V,335.9700012207031,336.1600036621094,329.1099853515625,332.8399963378906,6295400
2025-03-13,V,330.989990234375,336.20001220703125,327.70001220703125,328.54998779296875,7915300
2025-03-14,V,327.2099914550781,332.7699890136719,326.3800048828125,331.79998779296875,7810600
2025-03-17,V,330.0299987792969,336.1099853515625,329.760009765625,334.54998779296875,6149400
2025-03-18,V,335.2900085449219,335.79998779296875,332.29998779296875,334.7699890136719,7778300
2025-03-19,V,336.79998779296875,341.0299987792969,334.5,339.8699951171875,5614900
2025-03-20,V,339.0,342.239990234375,337.6600036621094,339.5,5432700
2025-03-21,V,337.3699951171875,339.42999267578125,335.5199890136719,335.6600036621094,17279700
2025-03-24,V,338.6499938964844,345.2200012207031,337.6499938964844,343.8699951171875,5675100
2025-03-25,V,344.55999755859375,345.5299987792969,340.6700134277344,344.6199951171875,3931200
2025-03-26,V,345.989990234375,347.3800048828125,343.0,344.17999267578125,6187100
2025-03-27,V,344.0,350.8399963378906,343.32000732421875,349.8599853515625,7254800
2025-03-28,V,349.19000244140625,351.6199951171875,341.6099853515625,342.8500061035156,5687600
2025-03-31,V,339.3500061035156,351.8599853515625,334.489990234375,350.4599914550781,9950800
2025-04-01,V,350.44000244140625,350.45001220703125,342.57000732421875,346.3500061035156,7473300
2025-04-02,V,343.44000244140625,348.20001220703125,343.04998779296875,346.3299865722656,5682500
2025-04-03,V,333.8999938964844,344.739990234375,331.0,339.3900146484375,8792900
2025-04-04,V,330.0,334.6499938964844,312.1199951171875,313.1300048828125,13201700
2025-04-07,V,302.07000732421875,322.17999267578125,299.0,312.32000732421875,12163400
2025-04-08,V,322.239990234375,326.2799987792969,303.92999267578125,308.2699890136719,9569300
2025-04-09,V,305.6400146484375,334.0299987792969,305.6400146484375,332.42999267578125,11361800
2025-04-10,V,328.0199890136719,330.1600036621094,313.2699890136719,324.6099853515625,8709800
2025-04-11,V,324.42999267578125,336.9800109863281,322.5400085449219,333.3999938964844,6804500
2025-04-14,V,336.4100036621094,339.6099853515625,333.1400146484375,335.17999267578125,5011800
2025-04-15,V,336.7200012207031,339.3900146484375,335.0,335.80999755859375,4386200
2025-04-16,V,335.0,337.2200012207031,328.8599853515625,331.3299865722656,5850600
2025-04-17,V,331.07000732421875,334.32000732421875,328.44000244140625,329.6099853515625,5655900
2025-04-21,V,329.0,329.1499938964844,316.6499938964844,320.1000061035156,6362300
2025-04-22,V,323.8599853515625,332.55999755859375,322.3900146484375,331.3999938964844,5435500
2025-04-23,V,337.239990234375,341.25,333.20001220703125,334.3699951171875,8906000
2025-04-24,V,333.2799987792969,336.7699890136719,331.25,335.7099914550781,8055200
2025-04-25,V,334.760009765625,336.3699951171875,332.1700134277344,335.1700134277344,4452800
2025-04-28,V,336.7799987792969,339.3399963378906,335.0199890136719,337.510009765625,5422900
2025-04-29,V,338.5,342.2699890136719,336.4599914550781,341.5199890136719,5519500
2025-04-30,V,334.44000244140625,346.5199890136719,333.239990234375,345.5,9526700
2025-05-01,V,345.5799865722656,345.7200012207031,340.1199951171875,342.45001220703125,5849900
2025-05-02,V,347.2200012207031,350.0899963378906,346.1199951171875,347.6000061035156,6113700
2025-05-05,V,347.0,351.04998779296875,346.1199951171875,348.6400146484375,3865300
2025-05-06,V,346.3999938964844,349.6499938964844,345.760009765625,347.70001220703125,3438500
2025-05-07,V,348.70001220703125,351.1499938964844,347.2099914550781,349.8500061035156,5454000
2025-05-08,V,352.0,355.3299865722656,350.95001220703125,351.2699890136719,4156400
2025-05-09,V,351.8299865722656,353.79998779296875,350.6700134277344,352.5400085449219,3086600
2025-05-12,V,359.1400146484375,361.8900146484375,351.1300048828125,355.8500061035156,7985400
2025-05-13,V,355.5199890136719,358.8699951171875,354.5799865722656,356.1400146484375,5406200
2025-05-14,V,356.6700134277344,358.4100036621094,355.2099914550781,356.4599914550781,6207600
2025-05-15,V,356.8900146484375,363.7300109863281,356.67999267578125,362.29998779296875,5826100
2025-05-16,V,362.95001220703125,366.19000244140625,360.8900146484375,365.1199951171875,5838100
2025-05-19,V,363.0199890136719,369.1499938964844,362.32000732421875,367.8999938964844,5081500
2025-05-20,V,367.7799987792969,368.25,364.69000244140625,366.8399963378906,5281400
2025-05-21,V,363.7200012207031,365.989990234375,358.0799865722656,358.29998779296875,6125500
2025-05-22,V,357.760009765625,360.0,356.55999755859375,357.9700012207031,4936600
2025-05-23,V,353.75,356.0,352.2200012207031,353.5400085449219,5345900
2025-05-27,V,355.4100036621094,360.0,354.4800109863281,359.29998779296875,6316000
2025-05-28,V,359.3399963378906,360.9100036621094,358.0400085449219,359.7300109863281,3299000
2025-05-29,V,360.3500061035156,363.0400085449219,358.7200012207031,362.3999938964844,4590400
2025-05-30,V,361.3500061035156,367.0400085449219,361.3500061035156,365.19000244140625,8726900
2025-06-02,V,362.7699890136719,365.4599914550781,359.9599914550781,365.32000732421875,3845700
2025-06-03,V,364.5799865722656,366.8800048828125,361.5,365.8599853515625,5221300
2025-06-04,V,366.7099914550781,369.6600036621094,366.30999755859375,368.0,4202300
2025-06-05,V,370.0,371.0,365.92999267578125,366.7699890136719,6881900
2025-06-06,V,369.010009765625,371.0,367.54998779296875,370.2200012207031,5008500
2025-06-09,V,369.7900085449219,369.7900085449219,362.04998779296875,366.6600036621094,4999900
2025-06-10,V,367.0,371.44000244140625,366.67999267578125,370.70001220703125,4109300
2025-06-11,V,370.0,375.510009765625,369.3800048828125,373.30999755859375,5562700
2025-06-12,V,372.2300109863281,374.1700134277344,369.54998779296875,371.3999938964844,4874000
2025-06-13,V,361.510009765625,363.010009765625,345.0,352.8500061035156,14181700
2025-06-16,V,356.489990234375,360.2200012207031,354.3299865722656,355.4800109863281,7234700
2025-06-17,V,353.489990234375,359.6000061035156,353.32000732421875,357.8399963378906,5559600
2025-06-18,V,357.8500061035156,358.4800109863281,338.0400085449219,340.3800048828125,15008600
2025-06-20,V,338.95001220703125,340.0,334.9200134277344,338.57000732421875,19332100
2025-06-23,V,337.5,344.29998779296875,335.6300048828125,343.75,7553300
2025-06-24,V,351.5199890136719,354.55999755859375,347.9200134277344,351.6300048828125,10172000
2025-06-25,V,350.45001220703125,351.2900085449219,345.260009765625,345.260009765625,6836300
2025-06-26,V,343.7799987792969,346.9100036621094,342.0299987792969,346.0299987792969,8829500
2025-06-27,V,346.5899963378906,352.010009765625,345.6600036621094,348.6099853515625,6601900
2025-06-30,V,349.3500061035156,355.6099853515625,349.05999755859375,355.04998779296875,7080100
2025-07-01,V,353.82000732421875,357.0,351.4200134277344,355.4700012207031,6653400
2025-07-02,V,354.6000061035156,356.3599853515625,350.0,354.2200012207031,5131400
2025-07-03,V,354.5899963378906,359.0,353.6099853515625,358.8599853515625,3702800
2025-07-07,V,358.9200134277344,359.6600036621094,354.489990234375,356.6400146484375,5138000
2025-07-08,V,356.67999267578125,358.2799987792969,353.25,354.54998779296875,6966800
2025-07-09,V,355.07000732421875,357.760009765625,353.75,357.760009765625,7297100
2025-07-10,V,356.8299865722656,357.6199951171875,353.45001220703125,355.8800048828125,6121300
2025-07-11,V,352.510009765625,353.80999755859375,344.3900146484375,347.92999267578125,7580200
2025-07-14,V,347.3900146484375,351.9700012207031,345.010009765625,350.5,5598900
2025-07-15,V,348.1199951171875,350.2099914550781,346.760009765625,347.0199890136719,4891700
2025-07-16,V,347.2900085449219,350.6700134277344,345.79998779296875,349.8999938964844,5544200
2025-07-17,V,350.0,351.3699951171875,348.4800109863281,349.80999755859375,4747100
2025-07-18,V,349.5,349.5,347.1600036621094,349.04998779296875,4927600
2025-07-21,V,349.05999755859375,353.6499938964844,348.3999938964844,350.94000244140625,5216300
2025-07-22,V,351.1000061035156,354.4800109863281,350.20001220703125,351.8599853515625,4614200
2025-07-23,V,353.0,355.7799987792969,351.2099914550781,355.2900085449219,4385600
2025-07-24,V,354.82000732421875,357.17999267578125,353.8599853515625,353.9700012207031,5887200
2025-07-25,V,354.0,357.6499938964844,353.010009765625,357.0400085449219,3915400
2025-07-28,V,356.3800048828125,358.32000732421875,354.7300109863281,355.4700012207031,3921000
2025-07-29,V,356.2900085449219,358.32000732421875,350.80999755859375,351.2900085449219,7402300
2025-07-30,V,351.70001220703125,356.6199951171875,347.2300109863281,350.9100036621094,12129700
2025-07-31,V,348.92999267578125,352.82000732421875,345.0899963378906,345.4700012207031,8641700
2025-08-01,V,344.1000061035156,346.1700134277344,338.1000061035156,339.3500061035156,8658700
2025-08-04,V,341.70001220703125,344.3800048828125,340.0,342.1499938964844,7335300
2025-08-05,V,342.1499938964844,342.4599914550781,335.54998779296875,337.42999267578125,7295600
2025-08-06,V,338.29998779296875,341.42999267578125,335.42999267578125,339.739990234375,5944100
2025-08-07,V,341.42999267578125,342.1499938964844,328.70001220703125,332.0899963378906,8797100
2025-08-08,V,333.67999267578125,337.3800048828125,332.7300109863281,336.7799987792969,6073900
2025-08-11,V,336.7300109863281,337.8599853515625,334.510009765625,335.8999938964844,5715800
2025-08-12,V,335.20001220703125,338.6499938964844,334.80999755859375,336.739990234375,5682800
2025-08-13,V,336.9800109863281,343.4800109863281,336.7799987792969,342.54998779296875,5693400
2025-08-14,V,342.94000244140625,346.0799865722656,341.6700134277344,345.489990234375,6224000
2025-08-15,V,346.25,348.3599853515625,342.8599853515625,344.4700012207031,4946600
2025-08-18,V,343.8399963378906,345.7300109863281,340.95001220703125,342.739990234375,3999600
2025-08-19,V,342.55999755859375,346.3399963378906,341.8900146484375,342.45001220703125,4457200
2025-08-20,V,343.3999938964844,347.44000244140625,342.8500061035156,343.92999267578125,5834400
2025-08-21,V,342.8900146484375,344.5199890136719,339.7200012207031,343.69000244140625,6073600
2025-08-22,V,345.2200012207031,351.20001220703125,345.2200012207031,350.0400085449219,4973200
2025-08-25,V,349.6099853515625,350.7200012207031,347.5,348.82000732421875,8019800
2025-08-26,V,348.69000244140625,353.3999938964844,347.45001220703125,351.17999267578125,5876200
2025-08-27,V,350.7099914550781,353.42999267578125,349.8399963378906,350.3500061035156,5531100
2025-08-28,V,350.6000061035156,351.0400085449219,348.6000061035156,349.8599853515625,4987100
2025-08-29,V,350.4599914550781,352.6300048828125,349.0,351.7799987792969,3671900
2025-09-02,V,349.30999755859375,350.1700134277344,346.0799865722656,350.07000732421875,4940300
2025-09-03,V,349.3399963378906,350.8900146484375,347.260009765625,350.8699951171875,4176400
2025-09-04,V,350.7300109863281,352.6300048828125,349.1499938964844,350.989990234375,4324000
2025-09-05,V,351.3800048828125,352.6199951171875,340.20001220703125,343.2200012207031,5448300
2025-09-08,V,342.3399963378906,344.3800048828125,341.0,342.29998779296875,4711600
2025-09-09,V,341.69000244140625,346.32000732421875,341.2900085449219,343.989990234375,4646200
2025-09-10,V,342.6099853515625,342.6099853515625,336.44000244140625,338.1199951171875,6557900
2025-09-11,V,338.7300109863281,343.5299987792969,337.8699951171875,343.489990234375,5157600
2025-09-12,V,341.2200012207031,343.19000244140625,339.1700134277344,339.42999267578125,3518300
2025-09-15,V,340.6099853515625,342.7099914550781,338.3900146484375,339.04998779296875,4367500
2025-09-16,V,336.239990234375,340.5400085449219,333.4700012207031,340.0299987792969,5527700
2025-09-17,V,339.94000244140625,346.20001220703125,339.5199890136719,346.20001220703125,5763500
2025-09-18,V,344.7300109863281,345.2699890136719,338.17999267578125,338.17999267578125,7526600
2025-09-19,V,340.45001220703125,342.69000244140625,338.25,341.6099853515625,13674300
2025-09-22,V,339.010009765625,344.8599853515625,338.6600036621094,344.3599853515625,5621800
2025-09-23,V,344.5899963378906,345.260009765625,337.6300048828125,338.70001220703125,10142700
2025-09-24,V,339.1300048828125,339.8999938964844,337.9200134277344,338.67999267578125,5207400
2025-09-25,V,338.3500061035156,340.20001220703125,334.510009765625,334.92999267578125,5398700
2025-09-26,V,337.2300109863281,339.5,336.2300109863281,337.3699951171875,9619200
2025-09-29,V,337.3800048828125,340.6400146484375,335.54998779296875,340.1600036621094,7217800
2025-09-30,V,339.82000732421875,345.6099853515625,338.510009765625,341.3800048828125,8164400
2025-10-01,V,340.30999755859375,349.3599853515625,340.30999755859375,347.8299865722656,8381000
2025-10-02,V,346.2200012207031,347.17999267578125,343.55999755859375,345.95001220703125,5198000
2025-10-03,V,346.1099853515625,353.1600036621094,346.0,349.8399963378906,5199700
2025-10-06,V,350.010009765625,351.1199951171875,344.3500061035156,349.2799987792969,4735600
2025-10-07,V,350.05999755859375,354.44000244140625,350.05999755859375,352.4200134277344,5044600
2025-10-08,V,353.7799987792969,355.0,351.1000061035156,351.3599853515625,3927500
2025-10-09,V,351.4700012207031,352.8699951171875,345.5799865722656,347.0400085449219,4434800
2025-10-10,V,347.6300048828125,350.3999938964844,343.25,343.6499938964844,6296200
2025-10-13,V,343.7200012207031,347.6600036621094,340.7300109863281,343.29998779296875,4030700
2025-10-14,V,341.0,350.010009765625,340.2200012207031,348.3800048828125,5731000
2025-10-15,V,348.3800048828125,350.0799865722656,344.0,345.69000244140625,3778200
2025-10-16,V,345.0,345.69000244140625,334.1700134277344,335.3999938964844,6241500
2025-10-17,V,337.7699890136719,343.45001220703125,337.0,341.8900146484375,6267100
2025-10-20,V,341.8999938964844,344.9599914550781,338.94000244140625,344.4100036621094,4665000
2025-10-21,V,343.1199951171875,349.6499938964844,343.0,347.2099914550781,4121800
2025-10-22,V,347.82000732421875,348.1700134277344,344.5,345.3599853515625,5074400
2025-10-23,V,346.20001220703125,347.1499938964844,344.4599914550781,345.9599914550781,7217200
2025-10-24,V,348.20001220703125,349.0799865722656,345.32000732421875,347.3800048828125,3576700
2025-10-27,V,349.0,349.5199890136719,345.010009765625,347.82000732421875,5400300
2025-10-28,V,348.5799865722656,349.8900146484375,346.5,346.8999938964844,7445400
2025-10-29,V,346.0,350.9800109863281,339.0,341.2799987792969,8361700
2025-10-30,V,342.2200012207031,349.7200012207031,341.7900085449219,345.0299987792969,6411800
2025-10-31,V,342.0799865722656,343.0,338.1700134277344,340.739990234375,7301600
2025-11-03,V,341.0,341.2099914550781,334.82000732421875,336.8999938964844,5538000
2025-11-04,V,336.4800109863281,340.32000732421875,334.25,340.29998779296875,5920200
2025-11-05,V,340.1300048828125,342.1099853515625,336.3599853515625,340.0400085449219,4984600
2025-11-06,V,338.5899963378906,338.6499938964844,333.7099914550781,336.9599914550781,8507900
2025-11-07,V,336.7300109863281,338.2900085449219,334.8500061035156,336.0199890136719,5318400
2025-11-10,V,336.6499938964844,338.67999267578125,334.32000732421875,334.8500061035156,5295800
2025-11-11,V,335.5,339.0899963378906,333.20001220703125,338.9200134277344,4453300
2025-11-12,V,338.25,344.260009765625,337.3999938964844,338.8800048828125,6389600
2025-11-13,V,339.0400085449219,341.4599914550781,335.6000061035156,336.0799865722656,4961700
2025-11-14,V,335.8900146484375,336.0799865722656,329.0299987792969,330.0199890136719,6422300
2025-11-17,V,331.1600036621094,333.3599853515625,324.92999267578125,325.75,6494800
2025-11-18,V,324.5,325.0,318.0,321.17999267578125,9170400
2025-11-19,V,321.5199890136719,324.57000732421875,319.8699951171875,324.1199951171875,7066700
2025-11-20,V,324.1199951171875,328.3999938964844,323.1400146484375,323.7699890136719,6510300
2025-11-21,V,325.3800048828125,331.0799865722656,324.2900085449219,327.9800109863281,8930000
2025-11-24,V,329.239990234375,330.7300109863281,326.0,329.29998779296875,9337100
2025-11-25,V,328.8999938964844,336.05999755859375,328.8999938964844,334.5299987792969,5854300
2025-11-26,V,334.5299987792969,335.7099914550781,333.05999755859375,333.7900085449219,4309900
2025-11-28,V,333.42999267578125,335.0199890136719,332.0,334.44000244140625,4586200
2025-12-01,V,332.94000244140625,333.29998779296875,330.1400146484375,330.3900146484375,7082300
2025-12-02,V,331.45001220703125,332.79998779296875,327.2099914550781,329.6199951171875,8201900
2025-12-03,V,329.6099853515625,332.3500061035156,329.3500061035156,329.6099853515625,6296700
2025-12-04,V,331.2799987792969,332.3800048828125,324.2799987792969,327.1000061035156,6277500
2025-12-05,V,326.8299865722656,334.1099853515625,326.3999938964844,331.239990234375,5266600
2025-12-08,V,329.8800048828125,331.3399963378906,324.7099914550781,326.8399963378906,6059400
2025-12-09,V,326.6099853515625,328.2300109863281,325.07000732421875,326.5,4325400
2025-12-10,V,326.6400146484375,328.760009765625,325.29998779296875,325.7300109863281,5467500
2025-12-11,V,332.6000061035156,347.32000732421875,330.05999755859375,345.6300048828125,12953600
2025-12-12,V,348.0,349.8399963378906,345.9700012207031,347.8299865722656,6942300
2025-12-15,V,347.8299865722656,348.45001220703125,343.8299865722656,346.8900146484375,7004600
2025-12-16,V,346.0,347.6199951171875,343.7200012207031,345.1099853515625,7269300
2025-12-17,V,345.54998779296875,347.7900085449219,343.67999267578125,344.4100036621094,7263500
2025-12-18,V,345.1700134277344,347.5299987792969,344.2699890136719,346.010009765625,6805000
2025-12-19,V,346.04998779296875,349.9100036621094,346.04998779296875,349.25,18623900
2025-12-22,V,350.0,353.44000244140625,349.5899963378906,352.0899963378906,5043500
2025-12-23,V,352.0,356.3800048828125,352.0,353.3800048828125,3703200
2025-12-24,V,353.3800048828125,355.989990234375,353.010009765625,355.1400146484375,2023600
2025-12-26,V,355.1000061035156,356.7300109863281,353.7099914550781,355.0,2017000
2025-12-29,V,355.489990234375,356.54998779296875,353.79998779296875,354.6099853515625,3989900
2025-12-30,V,354.0,354.8699951171875,352.6600036621094,353.6199951171875,3366500
2023-01-03,KO,63.560001373291016,63.560001373291016,62.18000030517578,62.95000076293945,12180500
2023-01-04,KO,63.150001525878906,63.33000183105469,62.5099983215332,62.91999816894531,13387900
2023-01-05,KO,62.599998474121094,62.79999923706055,62.08000183105469,62.20000076293945,9814700
2023-01-06,KO,62.90999984741211,63.66999816894531,62.58000183105469,63.400001525878906,9990000
2023-01-09,KO,63.29999923706055,63.720001220703125,62.58000183105469,62.61000061035156,9442600
2023-01-10,KO,62.599998474121094,62.72999954223633,61.91999816894531,62.130001068115234,10134600
2023-01-11,KO,62.380001068115234,62.560001373291016,61.40999984741211,62.0099983215332,10823000
2023-01-12,KO,62.11000061035156,62.18000030517578,60.970001220703125,61.209999084472656,13907300
2023-01-13,KO,60.70000076293945,61.459999084472656,60.59000015258789,61.43000030517578,13986400
2023-01-17,KO,61.72999954223633,62.380001068115234,61.560001373291016,61.68000030517578,18327800
2023-01-18,KO,61.5099983215332,61.59000015258789,59.68000030517578,59.810001373291016,19679400
2023-01-19,KO,59.72999954223633,60.63999938964844,59.709999084472656,59.720001220703125,14894500
2023-01-20,KO,59.720001220703125,60.09000015258789,59.400001525878906,60.08000183105469,14237700
2023-01-23,KO,60.279998779296875,60.56999969482422,60.04999923706055,60.22999954223633,12613400
2023-01-24,KO,60.08000183105469,61.849998474121094,59.79999923706055,60.54999923706055,10103300
2023-01-25,KO,60.20000076293945,60.939998626708984,59.88999938964844,60.93000030517578,11265800
2023-01-26,KO,60.810001373291016,61.099998474121094,60.56999969482422,60.810001373291016,11884800
2023-01-27,KO,60.84000015258789,60.959999084472656,60.369998931884766,60.4900016784668,14087000
2023-01-30,KO,60.540000915527344,61.16999816894531,60.459999084472656,60.63999938964844,15632000
2023-01-31,KO,60.97999954223633,61.34000015258789,60.5099983215332,61.31999969482422,14344400
2023-02-01,KO,61.13999938964844,61.58000183105469,60.619998931884766,61.33000183105469,12535400
2023-02-02,KO,60.79999923706055,61.02000045776367,59.90999984741211,60.279998779296875,16947200
2023-02-03,KO,60.349998474121094,60.41999816894531,59.22999954223633,59.83000183105469,15404400
2023-02-06,KO,59.790000915527344,60.34000015258789,59.720001220703125,60.16999816894531,11330900
2023-02-07,KO,59.66999816894531,60.2400016784668,59.540000915527344,60.06999969482422,14922700
2023-02-08,KO,59.91999816894531,59.91999816894531,59.59000015258789,59.720001220703125,11012000
2023-02-09,KO,60.150001525878906,60.31999969482422,59.599998474121094,59.619998931884766,12515300
2023-02-10,KO,59.720001220703125,59.900001525878906,58.880001068115234,59.619998931884766,14420700
2023-02-13,KO,59.900001525878906,60.7599983215332,59.72999954223633,60.599998474121094,16191800
2023-02-14,KO,60.209999084472656,60.900001525878906,59.560001373291016,59.59000015258789,20505700
2023-02-15,KO,59.900001525878906,59.93000030517578,59.22999954223633,59.59000015258789,13171400
2023-02-16,KO,59.22999954223633,59.81999969482422,58.95000076293945,59.220001220703125,16538300
2023-02-17,KO,59.5,60.22999954223633,59.380001068115234,60.119998931884766,16814700
2023-02-21,KO,59.9900016784668,60.22999954223633,59.720001220703125,59.79999923706055,14278300
2023-02-22,KO,59.849998474121094,60.36000061035156,59.75,59.97999954223633,12409600
2023-02-23,KO,60.0099983215332,60.41999816894531,59.810001373291016,60.09000015258789,12222800
2023-02-24,KO,59.68000030517578,59.90999984741211,59.38999938964844,59.84000015258789,9736200
2023-02-27,KO,60.18000030517578,60.29999923706055,59.7400016784668,59.81999969482422,8849800
2023-02-28,KO,59.70000076293945,59.70000076293945,59.13999938964844,59.5099983215332,16082200
2023-03-01,KO,59.130001068115234,59.18000030517578,58.369998931884766,58.86000061035156,13275800
2023-03-02,KO,58.84000015258789,59.779998779296875,58.79999923706055,59.720001220703125,11758300
2023-03-03,KO,59.54999923706055,59.68000030517578,59.209999084472656,59.439998626708984,13101800
2023-03-06,KO,59.2599983215332,60.380001068115234,59.220001220703125,60.36000061035156,16282700
2023-03-07,KO,60.4900016784668,60.56999969482422,59.75,60.0099983215332,13961200
2023-03-08,KO,60.040000915527344,60.33000183105469,59.72999954223633,60.040000915527344,10851600
2023-03-09,KO,60.540000915527344,60.540000915527344,59.279998779296875,59.459999084472656,13900900
2023-03-10,KO,59.70000076293945,60.13999938964844,58.9900016784668,59.209999084472656,13745800
2023-03-13,KO,59.290000915527344,60.869998931884766,59.25,59.810001373291016,21956000
2023-03-14,KO,60.0,60.459999084472656,59.349998474121094,60.029998779296875,19496900
2023-03-15,KO,59.43000030517578,60.47999954223633,59.2400016784668,60.43000030517578,21089900
2023-03-16,KO,60.09000015258789,60.34000015258789,59.70000076293945,60.29999923706055,15658300
2023-03-17,KO,60.310001373291016,60.349998474121094,59.63999938964844,60.02000045776367,27351200
2023-03-20,KO,60.15999984741211,60.599998474121094,59.970001220703125,60.599998474121094,12904100
2023-03-21,KO,60.56999969482422,60.75,59.880001068115234,60.31999969482422,13716500
2023-03-22,KO,60.400001525878906,60.869998931884766,60.029998779296875,60.04999923706055,10494200
2023-03-23,KO,60.09000015258789,60.38999938964844,59.720001220703125,59.91999816894531,15479000
2023-03-24,KO,60.25,61.02000045776367,59.90999984741211,60.900001525878906,12975600
2023-03-27,KO,61.13999938964844,61.47999954223633,60.95000076293945,61.349998474121094,12777400
2023-03-28,KO,61.38999938964844,61.7400016784668,61.27000045776367,61.41999816894531,10925700
2023-03-29,KO,61.720001220703125,61.95000076293945,61.59000015258789,61.86000061035156,9441000
2023-03-30,KO,61.880001068115234,62.09000015258789,61.65999984741211,61.849998474121094,9870700
2023-03-31,KO,62.060001373291016,62.25,61.869998931884766,62.029998779296875,14440900
2023-04-03,KO,62.29999923706055,62.52000045776367,61.86000061035156,62.400001525878906,12300700
2023-04-04,KO,62.38999938964844,62.7400016784668,62.08000183105469,62.209999084472656,11433400
2023-04-05,KO,62.529998779296875,63.02000045776367,62.5,62.79999923706055,12789600
2023-04-06,KO,62.86000061035156,63.040000915527344,62.380001068115234,62.84000015258789,9644200
2023-04-10,KO,62.4900016784668,62.689998626708984,62.02000045776367,62.689998626708984,7952600
2023-04-11,KO,62.650001525878906,62.709999084472656,62.400001525878906,62.58000183105469,9913000
2023-04-12,KO,62.47999954223633,63.029998779296875,62.310001373291016,62.689998626708984,9593700
2023-04-13,KO,62.7599983215332,63.15999984741211,62.47999954223633,63.150001525878906,9871400
2023-04-14,KO,63.04999923706055,63.150001525878906,62.779998779296875,63.04999923706055,8946000
2023-04-17,KO,63.31999969482422,63.529998779296875,63.13999938964844,63.459999084472656,9452400
2023-04-18,KO,63.5099983215332,63.599998474121094,63.189998626708984,63.560001373291016,9035700
2023-04-19,KO,63.72999954223633,63.83000183105469,63.43000030517578,63.68000030517578,9769500
2023-04-20,KO,63.630001068115234,64.0,63.439998626708984,63.959999084472656,10706400
2023-04-21,KO,64.0,64.2699966430664,63.79999923706055,64.05000305175781,12931100
2023-04-24,KO,64.75,64.98999786376953,63.619998931884766,63.95000076293945,15532300
2023-04-25,KO,64.16999816894531,64.16999816894531,63.630001068115234,63.849998474121094,12818900
2023-04-26,KO,63.560001373291016,63.77000045776367,63.38999938964844,63.54999923706055,13179600
2023-04-27,KO,63.529998779296875,63.7599983215332,63.11000061035156,63.68000030517578,13795800
2023-04-28,KO,63.61000061035156,64.16000366210938,63.47999954223633,64.1500015258789,13687600
2023-05-01,KO,64.1500015258789,64.69000244140625,64.05999755859375,64.30000305175781,9091500
2023-05-02,KO,64.13999938964844,64.13999938964844,63.27000045776367,64.01000213623047,10948400
2023-05-03,KO,64.0199966430664,64.18000030517578,63.58000183105469,63.650001525878906,11084600
2023-05-04,KO,63.7400016784668,63.93000030517578,63.5099983215332,63.720001220703125,11938300
2023-05-05,KO,63.63999938964844,64.20999908447266,63.630001068115234,64.0199966430664,9039000
2023-05-08,KO,63.810001373291016,64.05999755859375,63.61000061035156,63.91999816894531,7240700
2023-05-09,KO,63.63999938964844,63.75,63.279998779296875,63.38999938964844,9067700
2023-05-10,KO,63.31999969482422,63.63999938964844,62.9900016784668,63.5,10134000
2023-05-11,KO,63.58000183105469,63.93000030517578,63.0099983215332,63.86000061035156,9581500
2023-05-12,KO,63.86000061035156,64.19000244140625,63.70000076293945,64.11000061035156,8740800
2023-05-15,KO,64.22000122070312,64.25,63.709999084472656,63.939998626708984,8150000
2023-05-16,KO,63.900001525878906,63.900001525878906,63.15999984741211,63.220001220703125,9129600
2023-05-17,KO,63.400001525878906,63.41999816894531,62.72999954223633,63.150001525878906,11583000
2023-05-18,KO,63.0099983215332,63.040000915527344,62.56999969482422,62.79999923706055,13595100
2023-05-19,KO,63.040000915527344,63.099998474121094,62.61000061035156,62.83000183105469,14251400
2023-05-22,KO,62.790000915527344,62.869998931884766,61.439998626708984,61.5099983215332,15055400
2023-05-23,KO,61.5099983215332,61.66999816894531,61.16999816894531,61.400001525878906,13932700
2023-05-24,KO,61.380001068115234,61.43000030517578,60.720001220703125,60.880001068115234,11090100
2023-05-25,KO,60.470001220703125,60.72999954223633,60.150001525878906,60.40999984741211,14463600
2023-05-26,KO,60.45000076293945,60.63999938964844,60.11000061035156,60.2599983215332,12570300
2023-05-30,KO,60.09000015258789,60.20000076293945,59.52000045776367,59.779998779296875,15634200
2023-05-31,KO,59.91999816894531,60.279998779296875,59.369998931884766,59.65999984741211,59432200
2023-06-01,KO,59.939998626708984,60.16999816894531,59.77000045776367,60.0,13402700
2023-06-02,KO,60.27000045776367,61.31999969482422,60.08000183105469,61.15999984741211,15259800
2023-06-05,KO,61.0,61.439998626708984,60.54999923706055,60.75,12915600
2023-06-06,KO,60.95000076293945,60.9900016784668,60.119998931884766,60.310001373291016,10943500
2023-06-07,KO,60.0099983215332,60.36000061035156,59.81999969482422,60.220001220703125,16817900
2023-06-08,KO,60.130001068115234,60.40999984741211,59.97999954223633,60.369998931884766,15585900
2023-06-09,KO,60.27000045776367,60.66999816894531,60.16999816894531,60.470001220703125,12581500
2023-06-12,KO,60.59000015258789,60.650001525878906,60.02000045776367,60.209999084472656,14208900
2023-06-13,KO,60.209999084472656,60.66999816894531,60.040000915527344,60.45000076293945,13397800
2023-06-14,KO,60.72999954223633,61.08000183105469,60.599998474121094,60.86000061035156,14099700
2023-06-15,KO,60.61000061035156,61.29999923706055,60.34000015258789,61.22999954223633,15271400
2023-06-16,KO,61.599998474121094,62.16999816894531,61.47999954223633,61.66999816894531,26738000
2023-06-20,KO,61.59000015258789,61.959999084472656,61.2400016784668,61.2599983215332,13971800
2023-06-21,KO,61.310001373291016,61.720001220703125,60.97999954223633,61.43000030517578,13948700
2023-06-22,KO,61.810001373291016,62.099998474121094,61.59000015258789,61.849998474121094,15193400
2023-06-23,KO,61.939998626708984,61.970001220703125,61.18000030517578,61.20000076293945,25112100
2023-06-26,KO,61.209999084472656,61.290000915527344,60.38999938964844,61.220001220703125,12856100
2023-06-27,KO,61.220001220703125,61.36000061035156,60.97999954223633,61.09000015258789,9068500
2023-06-28,KO,60.880001068115234,61.040000915527344,60.400001525878906,60.52000045776367,11173200
2023-06-29,KO,60.220001220703125,60.349998474121094,59.77000045776367,60.02000045776367,17142300
2023-06-30,KO,60.0,60.349998474121094,59.869998931884766,60.220001220703125,19739200
2023-07-03,KO,60.20000076293945,60.630001068115234,60.029998779296875,60.58000183105469,9694500
2023-07-05,KO,60.279998779296875,61.099998474121094,60.15999984741211,61.029998779296875,14716600
2023-07-06,KO,60.72999954223633,61.02000045776367,60.5,60.560001373291016,12603900
2023-07-07,KO,60.310001373291016,60.5,59.72999954223633,59.7599983215332,14574000
2023-07-10,KO,59.970001220703125,60.150001525878906,59.13999938964844,59.310001373291016,15480600
2023-07-11,KO,59.459999084472656,59.560001373291016,58.84000015258789,59.52000045776367,15967700
2023-07-12,KO,59.75,60.04999923706055,59.45000076293945,59.84000015258789,14241300
2023-07-13,KO,60.119998931884766,60.459999084472656,59.97999954223633,60.349998474121094,11269800
2023-07-14,KO,60.13999938964844,61.040000915527344,60.09000015258789,60.900001525878906,11634200
2023-07-17,KO,60.7599983215332,61.099998474121094,60.4900016784668,60.810001373291016,10014300
2023-07-18,KO,60.959999084472656,61.25,60.40999984741211,60.56999969482422,11152900
2023-07-19,KO,60.77000045776367,61.790000915527344,60.68000030517578,61.63999938964844,12936000
2023-07-20,KO,61.68000030517578,62.40999984741211,61.66999816894531,62.38999938964844,11563000
2023-07-21,KO,62.459999084472656,62.68000030517578,62.2400016784668,62.439998626708984,12815100
2023-07-24,KO,62.41999816894531,62.810001373291016,62.400001525878906,62.459999084472656,10251100
2023-07-25,KO,62.29999923706055,62.38999938964844,62.04999923706055,62.25,13422700
2023-07-26,KO,61.86000061035156,63.16999816894531,61.38999938964844,63.04999923706055,17145500
2023-07-27,KO,63.04999923706055,63.27000045776367,62.380001068115234,62.439998626708984,11517100
2023-07-28,KO,62.59000015258789,62.77000045776367,62.220001220703125,62.47999954223633,9721800
2023-07-31,KO,62.45000076293945,62.45000076293945,61.72999954223633,61.93000030517578,15577900
2023-08-01,KO,62.09000015258789,62.36000061035156,61.619998931884766,61.77000045776367,9281600
2023-08-02,KO,61.560001373291016,62.59000015258789,61.560001373291016,61.959999084472656,11059400
2023-08-03,KO,61.869998931884766,62.119998931884766,61.529998779296875,61.63999938964844,8037400
2023-08-04,KO,61.68000030517578,61.88999938964844,60.619998931884766,60.709999084472656,9359300
2023-08-07,KO,60.790000915527344,61.33000183105469,60.7400016784668,61.189998626708984,6982600
2023-08-08,KO,61.189998626708984,61.349998474121094,60.619998931884766,60.91999816894531,7956100
2023-08-09,KO,60.90999984741211,61.630001068115234,60.75,61.060001373291016,7904100
2023-08-10,KO,61.349998474121094,61.72999954223633,60.790000915527344,60.91999816894531,7870300
2023-08-11,KO,60.84000015258789,61.20000076293945,60.689998626708984,61.16999816894531,8483900
2023-08-14,KO,61.31999969482422,61.47999954223633,60.75,60.880001068115234,7176300
2023-08-15,KO,60.689998626708984,60.900001525878906,60.369998931884766,60.470001220703125,7187400
2023-08-16,KO,60.540000915527344,60.81999969482422,60.400001525878906,60.47999954223633,8372300
2023-08-17,KO,60.58000183105469,61.02000045776367,60.45000076293945,60.61000061035156,12873500
2023-08-18,KO,60.540000915527344,61.09000015258789,60.369998931884766,60.95000076293945,11083800
2023-08-21,KO,60.86000061035156,60.93000030517578,60.31999969482422,60.43000030517578,8648500
2023-08-22,KO,60.34000015258789,60.58000183105469,59.97999954223633,60.060001373291016,9411500
2023-08-23,KO,60.20000076293945,60.439998626708984,60.15999984741211,60.27000045776367,7749500
2023-08-24,KO,60.27000045776367,60.880001068115234,60.09000015258789,60.11000061035156,8955100
2023-08-25,KO,60.40999984741211,60.56999969482422,60.0099983215332,60.38999938964844,7629200
2023-08-28,KO,60.54999923706055,60.72999954223633,60.369998931884766,60.560001373291016,6254300
2023-08-29,KO,60.560001373291016,60.630001068115234,60.150001525878906,60.5,8189600
2023-08-30,KO,60.63999938964844,60.7400016784668,60.290000915527344,60.470001220703125,9447900
2023-08-31,KO,60.29999923706055,60.470001220703125,59.810001373291016,59.83000183105469,14663500
2023-09-01,KO,60.0,60.130001068115234,59.119998931884766,59.310001373291016,11262300
2023-09-05,KO,59.25,59.31999969482422,58.66999816894531,58.81999969482422,12474600
2023-09-06,KO,58.619998931884766,58.83000183105469,58.41999816894531,58.779998779296875,13923500
2023-09-07,KO,58.95000076293945,59.15999984741211,58.29999923706055,58.33000183105469,17628600
2023-09-08,KO,58.29999923706055,58.40999984741211,58.0099983215332,58.33000183105469,14312300
2023-09-11,KO,58.400001525878906,58.9900016784668,58.22999954223633,58.880001068115234,14767400
2023-09-12,KO,58.9900016784668,59.0,58.189998626708984,58.29999923706055,12292700
2023-09-13,KO,58.400001525878906,58.68000030517578,58.34000015258789,58.439998626708984,12641400
2023-09-14,KO,58.2400016784668,58.59000015258789,58.189998626708984,58.459999084472656,12311600
2023-09-15,KO,58.40999984741211,58.63999938964844,57.75,57.939998626708984,55727500
2023-09-18,KO,57.97999954223633,58.349998474121094,57.630001068115234,58.29999923706055,13617400
2023-09-19,KO,58.2599983215332,58.38999938964844,57.91999816894531,58.18000030517578,11998900
2023-09-20,KO,58.29999923706055,58.83000183105469,58.08000183105469,58.439998626708984,14766600
2023-09-21,KO,58.369998931884766,58.41999816894531,57.41999816894531,57.540000915527344,15941800
2023-09-22,KO,57.849998474121094,57.970001220703125,57.5,57.599998474121094,14644100
2023-09-25,KO,57.400001525878906,57.4900016784668,56.7400016784668,57.0,12358800
2023-09-26,KO,56.72999954223633,56.900001525878906,56.400001525878906,56.529998779296875,11194700
2023-09-27,KO,56.41999816894531,56.529998779296875,55.68000030517578,55.95000076293945,13766300
2023-09-28,KO,56.22999954223633,56.31999969482422,55.70000076293945,55.810001373291016,12484800
2023-09-29,KO,56.13999938964844,56.27000045776367,55.619998931884766,55.97999954223633,12271600
2023-10-02,KO,55.90999984741211,56.0099983215332,55.08000183105469,55.47999954223633,11792500
2023-10-03,KO,55.15999984741211,55.43000030517578,54.779998779296875,54.880001068115234,13604200
2023-10-04,KO,54.88999938964844,55.279998779296875,54.709999084472656,55.040000915527344,12100500
2023-10-05,KO,54.7400016784668,54.95000076293945,52.2400016784668,52.380001068115234,29878100
2023-10-06,KO,52.040000915527344,53.290000915527344,51.54999923706055,53.13999938964844,30298900
2023-10-09,KO,52.959999084472656,53.150001525878906,52.11000061035156,52.880001068115234,15704700
2023-10-10,KO,54.130001068115234,54.33000183105469,53.560001373291016,54.029998779296875,20909700
2023-10-11,KO,54.220001220703125,54.279998779296875,53.02000045776367,53.709999084472656,21138900
2023-10-12,KO,53.7599983215332,53.83000183105469,52.43000030517578,52.810001373291016,19330400
2023-10-13,KO,52.7400016784668,53.41999816894531,52.63999938964844,52.88999938964844,14494600
2023-10-16,KO,53.02000045776367,53.560001373291016,52.84000015258789,53.43000030517578,12816800
2023-10-17,KO,53.310001373291016,54.099998474121094,53.209999084472656,54.06999969482422,16457200
2023-10-18,KO,54.099998474121094,54.529998779296875,53.91999816894531,54.04999923706055,12809500
2023-10-19,KO,54.15999984741211,54.7599983215332,53.86000061035156,54.349998474121094,16202200
2023-10-20,KO,54.529998779296875,55.02000045776367,54.439998626708984,54.56999969482422,15686400
2023-10-23,KO,54.380001068115234,54.88999938964844,54.04999923706055,54.08000183105469,21212700
2023-10-24,KO,55.650001525878906,56.16999816894531,55.29999923706055,55.63999938964844,25290800
2023-10-25,KO,55.7599983215332,56.220001220703125,55.560001373291016,56.119998931884766,16701000
2023-10-26,KO,56.369998931884766,56.630001068115234,55.720001220703125,55.779998779296875,16228400
2023-10-27,KO,55.54999923706055,56.13999938964844,55.099998474121094,55.2400016784668,13626500
2023-10-30,KO,55.43000030517578,56.279998779296875,55.41999816894531,56.150001525878906,15014300
2023-10-31,KO,56.56999969482422,56.720001220703125,56.150001525878906,56.4900016784668,16639400
2023-11-01,KO,56.79999923706055,56.880001068115234,56.2599983215332,56.439998626708984,14110800
2023-11-02,KO,56.5,57.150001525878906,56.36000061035156,57.09000015258789,13087200
2023-11-03,KO,57.400001525878906,57.59000015258789,56.70000076293945,56.7400016784668,13958700
2023-11-06,KO,56.779998779296875,57.279998779296875,56.7400016784668,56.970001220703125,12673200
2023-11-07,KO,56.91999816894531,57.400001525878906,56.72999954223633,57.18000030517578,10449300
2023-11-08,KO,57.31999969482422,57.470001220703125,56.91999816894531,57.09000015258789,13744000
2023-11-09,KO,57.029998779296875,57.13999938964844,56.369998931884766,56.65999984741211,12021100
2023-11-10,KO,56.869998931884766,56.93000030517578,56.060001373291016,56.720001220703125,11678900
2023-11-13,KO,56.619998931884766,57.099998474121094,56.599998474121094,56.93000030517578,12798200
2023-11-14,KO,57.02000045776367,57.2400016784668,56.810001373291016,57.099998474121094,12697100
2023-11-15,KO,57.29999923706055,57.34000015258789,56.75,57.209999084472656,10201900
2023-11-16,KO,57.25,57.529998779296875,56.810001373291016,57.150001525878906,16010400
2023-11-17,KO,57.189998626708984,57.34000015258789,56.70000076293945,57.2599983215332,14475800
2023-11-20,KO,57.04999923706055,57.58000183105469,56.959999084472656,57.400001525878906,13051000
2023-11-21,KO,57.459999084472656,58.040000915527344,57.33000183105469,58.029998779296875,13891600
2023-11-22,KO,58.2599983215332,58.540000915527344,58.130001068115234,58.41999816894531,11320600
2023-11-24,KO,58.459999084472656,58.75,58.34000015258789,58.56999969482422,4816000
2023-11-27,KO,58.540000915527344,58.689998626708984,58.27000045776367,58.459999084472656,16246500
2023-11-28,KO,58.400001525878906,58.83000183105469,58.36000061035156,58.58000183105469,13739600
2023-11-29,KO,58.58000183105469,58.66999816894531,58.099998474121094,58.22999954223633,11263600
2023-11-30,KO,57.959999084472656,58.459999084472656,57.599998474121094,58.439998626708984,22727500
2023-12-01,KO,58.27000045776367,58.689998626708984,58.2400016784668,58.63999938964844,15371200
2023-12-04,KO,58.59000015258789,58.959999084472656,58.439998626708984,58.56999969482422,14942200
2023-12-05,KO,58.54999923706055,58.83000183105469,58.41999816894531,58.65999984741211,11891500
2023-12-06,KO,58.560001373291016,58.72999954223633,58.209999084472656,58.599998474121094,14868500
2023-12-07,KO,58.66999816894531,58.88999938964844,58.38999938964844,58.7400016784668,11587900
2023-12-08,KO,58.7400016784668,58.75,58.369998931884766,58.61000061035156,11178700
2023-12-11,KO,58.83000183105469,59.09000015258789,58.5,59.040000915527344,14524800
2023-12-12,KO,59.20000076293945,59.41999816894531,58.900001525878906,59.41999816894531,12899000
2023-12-13,KO,59.45000076293945,60.02000045776367,59.2599983215332,59.93000030517578,16196800
2023-12-14,KO,59.970001220703125,60.040000915527344,58.77000045776367,59.040000915527344,22478300
2023-12-15,KO,58.83000183105469,59.16999816894531,57.79999923706055,58.599998474121094,65177400
2023-12-18,KO,58.79999923706055,59.4900016784668,58.619998931884766,59.02000045776367,16717700
2023-12-19,KO,59.0,59.20000076293945,58.63999938964844,58.83000183105469,14612200
2023-12-20,KO,58.5,58.66999816894531,57.56999969482422,57.61000061035156,17701000
2023-12-21,KO,57.849998474121094,58.06999969482422,57.470001220703125,57.9900016784668,11725100
2023-12-22,KO,58.119998931884766,58.459999084472656,58.02000045776367,58.31999969482422,9029400
2023-12-26,KO,58.060001373291016,58.709999084472656,58.060001373291016,58.560001373291016,6422500
2023-12-27,KO,58.63999938964844,58.77000045776367,58.400001525878906,58.709999084472656,8560100
2023-12-28,KO,58.650001525878906,58.869998931884766,58.529998779296875,58.75,8400100
2023-12-29,KO,58.7400016784668,58.97999954223633,58.630001068115234,58.93000030517578,9244300
2024-01-02,KO,58.79999923706055,59.880001068115234,58.66999816894531,59.81999969482422,16322600
2024-01-03,KO,59.93000030517578,60.20000076293945,59.7599983215332,59.959999084472656,14830600
2024-01-04,KO,60.04999923706055,60.2599983215332,59.65999984741211,59.7599983215332,12912900
2024-01-05,KO,59.79999923706055,59.95000076293945,59.09000015258789,59.66999816894531,10412800
2024-01-08,KO,59.68000030517578,60.18000030517578,59.41999816894531,60.11000061035156,11554600
2024-01-09,KO,59.9900016784668,60.13999938964844,59.619998931884766,60.0,10493700
2024-01-10,KO,60.220001220703125,60.40999984741211,59.97999954223633,60.20000076293945,12258000
2024-01-11,KO,60.25,60.2599983215332,59.689998626708984,59.810001373291016,13754200
2024-01-12,KO,60.08000183105469,60.459999084472656,59.869998931884766,60.38999938964844,13218000
2024-01-16,KO,60.38999938964844,60.43000030517578,59.849998474121094,59.9900016784668,11826900
2024-01-17,KO,59.86000061035156,60.209999084472656,59.81999969482422,59.9900016784668,8982100
2024-01-18,KO,59.689998626708984,60.22999954223633,59.529998779296875,60.15999984741211,10397700
2024-01-19,KO,60.2599983215332,60.279998779296875,59.63999938964844,59.83000183105469,14392600
2024-01-22,KO,59.7599983215332,60.06999969482422,59.439998626708984,59.56999969482422,14314300
2024-01-23,KO,59.529998779296875,60.0,59.459999084472656,59.849998474121094,14481600
2024-01-24,KO,59.79999923706055,59.810001373291016,58.88999938964844,58.90999984741211,16370500
2024-01-25,KO,59.0099983215332,59.16999816894531,58.65999984741211,59.15999984741211,14899700
2024-01-26,KO,59.25,59.4900016784668,59.130001068115234,59.369998931884766,13025100
2024-01-29,KO,59.34000015258789,59.790000915527344,59.16999816894531,59.72999954223633,14547100
2024-01-30,KO,59.849998474121094,60.02000045776367,59.45000076293945,59.900001525878906,22061500
2024-01-31,KO,60.099998474121094,60.45000076293945,59.290000915527344,59.4900016784668,22837000
2024-02-01,KO,59.56999969482422,61.0099983215332,59.36000061035156,60.97999954223633,15870900
2024-02-02,KO,60.81999969482422,60.869998931884766,60.22999954223633,60.540000915527344,17544900
2024-02-05,KO,60.380001068115234,60.380001068115234,59.880001068115234,60.040000915527344,12759600
2024-02-06,KO,59.959999084472656,60.04999923706055,59.68000030517578,59.939998626708984,12775200
2024-02-07,KO,60.06999969482422,60.209999084472656,59.939998626708984,59.9900016784668,10259900
2024-02-08,KO,59.88999938964844,59.970001220703125,59.40999984741211,59.83000183105469,12874800
2024-02-09,KO,59.470001220703125,59.58000183105469,59.029998779296875,59.560001373291016,15235300
2024-02-12,KO,59.65999984741211,59.7599983215332,58.959999084472656,59.70000076293945,13516800
2024-02-13,KO,59.5,60.65999984741211,58.790000915527344,59.349998474121094,24195700
2024-02-14,KO,59.16999816894531,59.59000015258789,59.040000915527344,59.290000915527344,15872500
2024-02-15,KO,59.41999816894531,59.59000015258789,59.130001068115234,59.400001525878906,13695800
2024-02-16,KO,59.349998474121094,59.619998931884766,58.959999084472656,59.38999938964844,13947100
2024-02-20,KO,59.599998474121094,60.84000015258789,59.5099983215332,60.70000076293945,18339300
2024-02-21,KO,60.9900016784668,61.279998779296875,60.83000183105469,61.2400016784668,14373000
2024-02-22,KO,60.9900016784668,61.25,60.5,61.150001525878906,12982800
2024-02-23,KO,61.09000015258789,61.619998931884766,61.0,61.20000076293945,13612900
2024-02-26,KO,61.2400016784668,61.27000045776367,60.65999984741211,60.709999084472656,10336100
2024-02-27,KO,60.540000915527344,60.779998779296875,60.119998931884766,60.34000015258789,9931100
2024-02-28,KO,60.369998931884766,60.4900016784668,60.060001373291016,60.400001525878906,8076500
2024-02-29,KO,60.349998474121094,60.63999938964844,59.900001525878906,60.02000045776367,18152700
2024-03-01,KO,59.900001525878906,59.900001525878906,59.34000015258789,59.529998779296875,10927600
2024-03-04,KO,59.22999954223633,59.95000076293945,59.220001220703125,59.810001373291016,10150200
2024-03-05,KO,59.90999984741211,60.11000061035156,59.41999816894531,59.52000045776367,12310000
2024-03-06,KO,59.52000045776367,60.0,59.380001068115234,59.54999923706055,12378800
2024-03-07,KO,59.689998626708984,59.77000045776367,59.2400016784668,59.439998626708984,13686900
2024-03-08,KO,59.29999923706055,59.790000915527344,58.970001220703125,59.52000045776367,13239000
2024-03-11,KO,59.779998779296875,60.290000915527344,59.58000183105469,60.2400016784668,14114300
2024-03-12,KO,60.31999969482422,60.75,60.209999084472656,60.5,12684600
2024-03-13,KO,60.880001068115234,61.209999084472656,60.79999923706055,61.119998931884766,13909500
2024-03-14,KO,60.58000183105469,60.79999923706055,60.400001525878906,60.5,13996600
2024-03-15,KO,60.02000045776367,60.45000076293945,59.63999938964844,59.880001068115234,36849900
2024-03-18,KO,59.88999938964844,60.400001525878906,59.79999923706055,60.130001068115234,15856700
2024-03-19,KO,60.2400016784668,60.349998474121094,60.060001373291016,60.22999954223633,15030600
2024-03-20,KO,60.18000030517578,60.810001373291016,60.15999984741211,60.75,15258800
2024-03-21,KO,60.560001373291016,60.9900016784668,60.31999969482422,60.470001220703125,13067100
2024-03-22,KO,60.52000045776367,60.790000915527344,60.43000030517578,60.4900016784668,11502800
2024-03-25,KO,60.47999954223633,60.709999084472656,60.119998931884766,60.400001525878906,13144700
2024-03-26,KO,60.5,60.709999084472656,60.380001068115234,60.540000915527344,13277400
2024-03-27,KO,60.790000915527344,61.43000030517578,60.70000076293945,61.029998779296875,12551200
2024-03-28,KO,61.13999938964844,61.2599983215332,61.0,61.18000030517578,13683500
2024-04-01,KO,61.18000030517578,61.29999923706055,60.630001068115234,60.68000030517578,11668700
2024-04-02,KO,60.45000076293945,60.72999954223633,60.11000061035156,60.150001525878906,13017300
2024-04-03,KO,60.04999923706055,60.38999938964844,59.779998779296875,59.83000183105469,13672900
2024-04-04,KO,60.09000015258789,60.150001525878906,59.16999816894531,59.29999923706055,14320700
2024-04-05,KO,59.25,59.68000030517578,58.90999984741211,59.5099983215332,10157800
2024-04-08,KO,59.400001525878906,59.470001220703125,59.06999969482422,59.27000045776367,10284500
2024-04-09,KO,59.47999954223633,59.7400016784668,59.130001068115234,59.720001220703125,10779100
2024-04-10,KO,59.31999969482422,59.38999938964844,58.689998626708984,58.91999816894531,11861900
2024-04-11,KO,59.150001525878906,59.369998931884766,58.790000915527344,59.04999923706055,11109000
2024-04-12,KO,58.95000076293945,59.0099983215332,58.130001068115234,58.279998779296875,12250900
2024-04-15,KO,58.61000061035156,58.810001373291016,58.040000915527344,58.13999938964844,12425000
2024-04-16,KO,58.25,58.380001068115234,57.93000030517578,58.060001373291016,11236800
2024-04-17,KO,58.279998779296875,58.560001373291016,58.099998474121094,58.5099983215332,13805100
2024-04-18,KO,58.619998931884766,58.97999954223633,58.540000915527344,58.90999984741211,11125900
2024-04-19,KO,59.099998474121094,60.36000061035156,59.0,60.16999816894531,21207900
2024-04-22,KO,60.13999938964844,60.630001068115234,59.720001220703125,60.54999923706055,15624500
2024-04-23,KO,60.529998779296875,60.68000030517578,60.130001068115234,60.63999938964844,13689100
2024-04-24,KO,60.31999969482422,61.650001525878906,59.84000015258789,61.54999923706055,19548300
2024-04-25,KO,61.869998931884766,62.59000015258789,61.369998931884766,61.7400016784668,19048500
2024-04-26,KO,61.54999923706055,61.93000030517578,61.349998474121094,61.7400016784668,10994300
2024-04-29,KO,61.91999816894531,62.04999923706055,61.529998779296875,62.040000915527344,13409300
2024-04-30,KO,62.13999938964844,62.83000183105469,61.470001220703125,61.77000045776367,19349200
2024-05-01,KO,61.79999923706055,62.56999969482422,61.209999084472656,61.93000030517578,16729800
2024-05-02,KO,62.18000030517578,62.400001525878906,61.720001220703125,61.9900016784668,10991300
2024-05-03,KO,61.9900016784668,62.33000183105469,61.63999938964844,62.16999816894531,11628700
2024-05-06,KO,62.29999923706055,62.380001068115234,61.900001525878906,62.349998474121094,9310700
2024-05-07,KO,62.7599983215332,62.81999969482422,62.25,62.619998931884766,9807000
2024-05-08,KO,62.849998474121094,62.970001220703125,62.47999954223633,62.849998474121094,10484400
2024-05-09,KO,62.810001373291016,63.150001525878906,62.75,62.880001068115234,9113700
2024-05-10,KO,62.91999816894531,63.36000061035156,62.790000915527344,63.2599983215332,8371700
2024-05-13,KO,63.2400016784668,63.619998931884766,63.18000030517578,63.58000183105469,10137600
2024-05-14,KO,63.58000183105469,63.7599983215332,62.79999923706055,63.099998474121094,10852200
2024-05-15,KO,63.060001373291016,63.38999938964844,63.0,63.130001068115234,9838900
2024-05-16,KO,63.2400016784668,63.72999954223633,63.06999969482422,63.31999969482422,10228000
2024-05-17,KO,63.34000015258789,63.369998931884766,62.939998626708984,63.029998779296875,11539000
2024-05-20,KO,62.93000030517578,63.0099983215332,62.459999084472656,62.56999969482422,11000900
2024-05-21,KO,62.81999969482422,62.97999954223633,62.439998626708984,62.90999984741211,9796200
2024-05-22,KO,62.709999084472656,63.02000045776367,62.65999984741211,63.0,7419400
2024-05-23,KO,62.4900016784668,62.880001068115234,62.04999923706055,62.09000015258789,9834300
2024-05-24,KO,62.220001220703125,62.41999816894531,61.970001220703125,62.0,8203100
2024-05-28,KO,61.790000915527344,62.130001068115234,61.400001525878906,61.81999969482422,12347000
2024-05-29,KO,61.470001220703125,61.880001068115234,61.06999969482422,61.70000076293945,11861800
2024-05-30,KO,61.849998474121094,62.08000183105469,61.599998474121094,61.970001220703125,9433800
2024-05-31,KO,61.9900016784668,63.029998779296875,61.689998626708984,62.93000030517578,19816600
2024-06-03,KO,62.709999084472656,63.09000015258789,62.45000076293945,62.93000030517578,9369000
2024-06-04,KO,63.20000076293945,63.970001220703125,62.939998626708984,63.939998626708984,11895600
2024-06-05,KO,63.9900016784668,64.06999969482422,63.349998474121094,63.91999816894531,9632500
2024-06-06,KO,63.91999816894531,64.36000061035156,63.84000015258789,64.1500015258789,8658500
2024-06-07,KO,64.08999633789062,64.22000122070312,63.810001373291016,63.90999984741211,9523100
2024-06-10,KO,63.939998626708984,63.9900016784668,63.369998931884766,63.59000015258789,15685300
2024-06-11,KO,63.59000015258789,63.650001525878906,63.06999969482422,63.54999923706055,8396000
2024-06-12,KO,63.689998626708984,63.689998626708984,62.689998626708984,62.880001068115234,9569600
2024-06-13,KO,62.86000061035156,63.040000915527344,62.45000076293945,62.9900016784668,9668900
2024-06-14,KO,62.380001068115234,62.689998626708984,62.09000015258789,62.54999923706055,8179200
2024-06-17,KO,62.369998931884766,62.900001525878906,62.18000030517578,62.619998931884766,10532700
2024-06-18,KO,62.529998779296875,62.81999969482422,62.439998626708984,62.630001068115234,10651700
2024-06-20,KO,62.400001525878906,62.7400016784668,61.95000076293945,62.18000030517578,13306300
2024-06-21,KO,62.18000030517578,63.099998474121094,62.18000030517578,62.77000045776367,28278100
2024-06-24,KO,62.9900016784668,64.05999755859375,62.90999984741211,63.970001220703125,13212500
2024-06-25,KO,63.939998626708984,64.06999969482422,63.5099983215332,63.84000015258789,10235300
2024-06-26,KO,63.400001525878906,64.11000061035156,63.22999954223633,64.05000305175781,9402500
2024-06-27,KO,64.05000305175781,64.2699966430664,63.619998931884766,63.90999984741211,8494100
2024-06-28,KO,63.900001525878906,64.05999755859375,63.52000045776367,63.650001525878906,17358800
2024-07-01,KO,64.02999877929688,64.30000305175781,63.119998931884766,63.279998779296875,10033400
2024-07-02,KO,63.2599983215332,63.380001068115234,62.86000061035156,63.150001525878906,8878200
2024-07-03,KO,63.189998626708984,63.66999816894531,62.93000030517578,63.33000183105469,9154200
2024-07-05,KO,63.33000183105469,63.790000915527344,63.0,63.7599983215332,11735500
2024-07-08,KO,63.59000015258789,63.59000015258789,62.84000015258789,62.959999084472656,11235100
2024-07-09,KO,63.060001373291016,63.22999954223633,62.59000015258789,62.689998626708984,11657500
2024-07-10,KO,62.720001220703125,62.86000061035156,62.290000915527344,62.83000183105469,11930400
2024-07-11,KO,62.63999938964844,63.459999084472656,62.400001525878906,63.099998474121094,11431600
2024-07-12,KO,63.459999084472656,64.11000061035156,63.38999938964844,63.70000076293945,9201500
2024-07-15,KO,63.790000915527344,63.939998626708984,63.349998474121094,63.40999984741211,8207500
2024-07-16,KO,63.43000030517578,64.30999755859375,63.38999938964844,64.2699966430664,9025100
2024-07-17,KO,64.47000122070312,65.38999938964844,64.41000366210938,65.20999908447266,12508200
2024-07-18,KO,64.80000305175781,65.80999755859375,64.72000122070312,65.19000244140625,11128200
2024-07-19,KO,65.63999938964844,65.63999938964844,64.81999969482422,65.29000091552734,13775700
2024-07-22,KO,65.25,65.29000091552734,64.31999969482422,64.7699966430664,11794200
2024-07-23,KO,65.43000030517578,66.04000091552734,64.8499984741211,64.95999908447266,11810300
2024-07-24,KO,65.08999633789062,65.97000122070312,64.83000183105469,65.80999755859375,13244600
2024-07-25,KO,66.04000091552734,66.88999938964844,65.86000061035156,66.06999969482422,16328600
2024-07-26,KO,66.06999969482422,67.11000061035156,66.01000213623047,67.05000305175781,13530100
2024-07-29,KO,66.87999725341797,67.02999877929688,66.38999938964844,66.83000183105469,12140200
2024-07-30,KO,66.4800033569336,67.83000183105469,66.36000061035156,67.68000030517578,13258000
2024-07-31,KO,67.5,67.61000061035156,66.61000061035156,66.73999786376953,15576800
2024-08-01,KO,67.0,68.11000061035156,66.69999694824219,67.95999908447266,16495900
2024-08-02,KO,68.52999877929688,69.66999816894531,67.69000244140625,69.33000183105469,22514800
2024-08-05,KO,68.98999786376953,69.55000305175781,67.7300033569336,68.0999984741211,25484300
2024-08-06,KO,68.1500015258789,68.83999633789062,67.7699966430664,68.05000305175781,12969100
2024-08-07,KO,68.05000305175781,69.18000030517578,67.83000183105469,68.45999908447266,13365300
2024-08-08,KO,68.0,68.86000061035156,67.8499984741211,68.7300033569336,15240900
2024-08-09,KO,68.69999694824219,68.79000091552734,68.25,68.68000030517578,12080400
2024-08-12,KO,68.44999694824219,68.54000091552734,67.83000183105469,68.16999816894531,11012300
2024-08-13,KO,68.08000183105469,68.61000061035156,68.01000213623047,68.45999908447266,9877600
2024-08-14,KO,68.2300033569336,68.88999938964844,68.12999725341797,68.58000183105469,14328000
2024-08-15,KO,68.62000274658203,68.91999816894531,68.5,68.6500015258789,11285100
2024-08-16,KO,68.83999633789062,69.30000305175781,68.63999938964844,69.18000030517578,12651200
2024-08-19,KO,69.3499984741211,69.41999816894531,68.8499984741211,68.9800033569336,9843900
2024-08-20,KO,68.98999786376953,69.38999938964844,68.7699966430664,69.37999725341797,11957400
2024-08-21,KO,69.4800033569336,70.12999725341797,69.33000183105469,69.56999969482422,8792400
2024-08-22,KO,69.91999816894531,69.91999816894531,68.79000091552734,69.33000183105469,12509200
2024-08-23,KO,69.4000015258789,69.8499984741211,68.94000244140625,69.79000091552734,11834700
2024-08-26,KO,69.83000183105469,70.91999816894531,69.7300033569336,70.83999633789062,12912200
2024-08-27,KO,71.31999969482422,71.52999877929688,71.05000305175781,71.5,16988400
2024-08-28,KO,71.61000061035156,71.80999755859375,71.30000305175781,71.75,13272600
2024-08-29,KO,71.9000015258789,72.22000122070312,71.2300033569336,72.05000305175781,17201700
2024-08-30,KO,72.19999694824219,72.56999969482422,71.77999877929688,72.47000122070312,18624200
2024-09-03,KO,72.44000244140625,73.29000091552734,72.25,73.01000213623047,14755800
2024-09-04,KO,73.30000305175781,73.52999877929688,71.91000366210938,72.55999755859375,18140800
2024-09-05,KO,72.62000274658203,72.68000030517578,70.9800033569336,71.16999816894531,23866100
2024-09-06,KO,70.98999786376953,71.66999816894531,70.88999938964844,71.13999938964844,17485700
2024-09-09,KO,71.2300033569336,72.30999755859375,70.9800033569336,71.8499984741211,12939300
2024-09-10,KO,71.97000122070312,72.41999816894531,71.5199966430664,71.55000305175781,10277600
2024-09-11,KO,71.36000061035156,71.37000274658203,70.56999969482422,71.08000183105469,11418200
2024-09-12,KO,71.0,71.37999725341797,70.66000366210938,71.2300033569336,12337800
2024-09-13,KO,70.83999633789062,71.47000122070312,70.4800033569336,71.41000366210938,11073800
2024-09-16,KO,71.7699966430664,72.23999786376953,71.62000274658203,72.0999984741211,10786500
2024-09-17,KO,71.9000015258789,72.3499984741211,71.72000122070312,71.80000305175781,12974400
2024-09-18,KO,71.88999938964844,72.37999725341797,71.2699966430664,71.75,10719700
2024-09-19,KO,71.55999755859375,71.94000244140625,70.5999984741211,70.62000274658203,13635600
2024-09-20,KO,70.41000366210938,71.80000305175781,70.37999725341797,71.63999938964844,48578500
2024-09-23,KO,71.55000305175781,72.19999694824219,71.18000030517578,71.7300033569336,11613000
2024-09-24,KO,71.22000122070312,71.81999969482422,70.5999984741211,71.33000183105469,13330600
2024-09-25,KO,71.70999908447266,71.91999816894531,71.30999755859375,71.44999694824219,12329100
2024-09-26,KO,70.86000061035156,71.61000061035156,70.83999633789062,71.4000015258789,10815200
2024-09-27,KO,71.54000091552734,72.19999694824219,71.45999908447266,71.79000091552734,11175700
2024-09-30,KO,72.0,72.19999694824219,71.69000244140625,71.86000061035156,18015300
2024-10-01,KO,72.0999984741211,72.75,71.62999725341797,71.70999908447266,13294500
2024-10-02,KO,71.38999938964844,71.43000030517578,70.41000366210938,71.01000213623047,11155500
2024-10-03,KO,70.86000061035156,70.98999786376953,70.19999694824219,70.5199966430664,9374800
2024-10-04,KO,69.95999908447266,70.27999877929688,69.72000122070312,70.16999816894531,12684800
2024-10-07,KO,70.05000305175781,70.0999984741211,68.87000274658203,69.01000213623047,14512000
2024-10-08,KO,69.04000091552734,69.44000244140625,68.86000061035156,69.18000030517578,13549700
2024-10-09,KO,69.19000244140625,69.73999786376953,69.06999969482422,69.56999969482422,9037700
2024-10-10,KO,69.83000183105469,69.91000366210938,68.98999786376953,69.25,8635200
2024-10-11,KO,69.45999908447266,69.58999633789062,69.0,69.56999969482422,8786300
2024-10-14,KO,69.56999969482422,70.47000122070312,69.47000122070312,70.33999633789062,7659300
2024-10-15,KO,70.45999908447266,71.20999908447266,70.16000366210938,70.33999633789062,10358700
2024-10-16,KO,70.08999633789062,70.69999694824219,69.97000122070312,70.56999969482422,7937300
2024-10-17,KO,70.62999725341797,70.69000244140625,69.58000183105469,69.9000015258789,14674600
2024-10-18,KO,69.87000274658203,70.55000305175781,69.61000061035156,70.44000244140625,15087500
2024-10-21,KO,70.0,70.33000183105469,69.30999755859375,69.44999694824219,11981200
2024-10-22,KO,69.0,69.75,68.68000030517578,69.44999694824219,18603300
2024-10-23,KO,66.98999786376953,68.69999694824219,66.58000183105469,68.01000213623047,24655200
2024-10-24,KO,67.6500015258789,68.04000091552734,66.94999694824219,67.30000305175781,17568800
2024-10-25,KO,67.06999969482422,67.69999694824219,66.79000091552734,66.91999816894531,11138100
2024-10-28,KO,66.95999908447266,67.4000015258789,66.5999984741211,66.66999816894531,10761400
2024-10-29,KO,66.29000091552734,66.33999633789062,65.5199966430664,65.55999755859375,16525900
2024-10-30,KO,65.51000213623047,66.54000091552734,65.31999969482422,65.91999816894531,14177800
2024-10-31,KO,65.80999755859375,65.98999786376953,65.26000213623047,65.30999755859375,13383700
2024-11-01,KO,65.47000122070312,65.66000366210938,64.88999938964844,65.01000213623047,12163100
2024-11-04,KO,65.08000183105469,65.41999816894531,64.6500015258789,65.11000061035156,10984500
2024-11-05,KO,64.63999938964844,65.47000122070312,64.63999938964844,65.37000274658203,8780200
2024-11-06,KO,64.41999816894531,64.86000061035156,63.18000030517578,63.70000076293945,22899300
2024-11-07,KO,64.29000091552734,64.38999938964844,63.599998474121094,63.65999984741211,14856100
2024-11-08,KO,63.90999984741211,64.23999786376953,63.7400016784668,63.91999816894531,14719300
2024-11-11,KO,63.9900016784668,64.12000274658203,63.25,63.36000061035156,13980900
2024-11-12,KO,63.68000030517578,63.75,63.119998931884766,63.20000076293945,15021000
2024-11-13,KO,63.04999923706055,63.2599983215332,62.4900016784668,63.0,13177600
2024-11-14,KO,63.11000061035156,63.11000061035156,62.43000030517578,62.54999923706055,15910800
2024-11-15,KO,62.4900016784668,62.630001068115234,61.38999938964844,61.7400016784668,26284300
2024-11-18,KO,61.849998474121094,62.13999938964844,61.560001373291016,61.86000061035156,16062100
2024-11-19,KO,61.900001525878906,62.619998931884766,61.630001068115234,62.59000015258789,16254800
2024-11-20,KO,62.70000076293945,63.0099983215332,62.02000045776367,62.9900016784668,18904900
2024-11-21,KO,63.150001525878906,63.810001373291016,62.95000076293945,63.7599983215332,17292300
2024-11-22,KO,64.23999786376953,64.4800033569336,63.650001525878906,63.91999816894531,19562200
2024-11-25,KO,64.31999969482422,64.70999908447266,63.84000015258789,64.37999725341797,36805300
2024-11-26,KO,64.30999755859375,64.63999938964844,64.05999755859375,64.55000305175781,14473300
2024-11-27,KO,64.95999908447266,65.0999984741211,64.25,64.43000030517578,13263400
2024-11-29,KO,64.0199966430664,64.25,63.77000045776367,64.08000183105469,10648400
2024-12-02,KO,64.05000305175781,64.19000244140625,63.349998474121094,63.650001525878906,16500100
2024-12-03,KO,63.720001220703125,64.08000183105469,63.029998779296875,63.52000045776367,24874500
2024-12-04,KO,63.279998779296875,63.349998474121094,61.900001525878906,62.209999084472656,28137700
2024-12-05,KO,62.470001220703125,63.119998931884766,62.099998474121094,62.91999816894531,21040400
2024-12-06,KO,62.83000183105469,63.36000061035156,62.5099983215332,62.529998779296875,15581100
2024-12-09,KO,62.689998626708984,62.93000030517578,61.900001525878906,62.599998474121094,22348300
2024-12-10,KO,62.70000076293945,63.040000915527344,61.790000915527344,62.90999984741211,14949400
2024-12-11,KO,63.0,63.630001068115234,62.400001525878906,62.63999938964844,32819000
2024-12-12,KO,63.54999923706055,63.91999816894531,63.220001220703125,63.84000015258789,17542100
2024-12-13,KO,63.56999969482422,63.84000015258789,63.11000061035156,63.119998931884766,13429000
2024-12-16,KO,63.22999954223633,63.86000061035156,62.349998474121094,62.54999923706055,24559700
2024-12-17,KO,62.45000076293945,63.54999923706055,62.31999969482422,63.400001525878906,21902400
2024-12-18,KO,62.810001373291016,63.63999938964844,62.790000915527344,62.849998474121094,20946100
2024-12-19,KO,62.70000076293945,63.16999816894531,62.400001525878906,62.45000076293945,21300600
2024-12-20,KO,62.470001220703125,63.060001373291016,62.279998779296875,62.54999923706055,42458100
2024-12-23,KO,62.5,62.7599983215332,61.529998779296875,62.380001068115234,13010800
2024-12-24,KO,62.20000076293945,62.84000015258789,62.0099983215332,62.84000015258789,5019100
2024-12-26,KO,62.619998931884766,62.7400016784668,62.400001525878906,62.56999969482422,7943800
2024-12-27,KO,62.45000076293945,62.95000076293945,62.209999084472656,62.45000076293945,8542800
2024-12-30,KO,62.34000015258789,62.34000015258789,61.68000030517578,62.029998779296875,8972200
2024-12-31,KO,62.02000045776367,62.43000030517578,61.79999923706055,62.2599983215332,9256700
2025-01-02,KO,62.349998474121094,62.75,61.619998931884766,61.84000015258789,12991000
2025-01-03,KO,61.900001525878906,62.08000183105469,61.619998931884766,61.75,10403200
2025-01-06,KO,61.5,61.56999969482422,60.65999984741211,60.810001373291016,17924200
2025-01-07,KO,61.11000061035156,61.720001220703125,60.619998931884766,60.84000015258789,17799600
2025-01-08,KO,60.9900016784668,61.77000045776367,60.93000030517578,61.709999084472656,14412400
2025-01-10,KO,61.58000183105469,61.650001525878906,60.72999954223633,61.06999969482422,22425000
2025-01-13,KO,61.130001068115234,61.849998474121094,60.709999084472656,61.650001525878906,18016200
2025-01-14,KO,61.65999984741211,62.06999969482422,61.29999923706055,62.040000915527344,16658300
2025-01-15,KO,62.33000183105469,62.619998931884766,61.68000030517578,61.77000045776367,16187200
2025-01-16,KO,61.41999816894531,62.29999923706055,61.31999969482422,62.25,12585500
2025-01-17,KO,62.310001373291016,62.77000045776367,62.16999816894531,62.709999084472656,17948900
2025-01-21,KO,62.900001525878906,63.22999954223633,62.29999923706055,62.41999816894531,19817100
2025-01-22,KO,62.119998931884766,62.290000915527344,61.65999984741211,61.779998779296875,18191900
2025-01-23,KO,61.79999923706055,61.97999954223633,61.369998931884766,61.529998779296875,16528400
2025-01-24,KO,61.720001220703125,62.0099983215332,61.439998626708984,61.91999816894531,19244600
2025-01-27,KO,62.869998931884766,64.18000030517578,62.470001220703125,63.869998931884766,20742900
2025-01-28,KO,63.5099983215332,64.04000091552734,62.279998779296875,62.36000061035156,14956000
2025-01-29,KO,62.560001373291016,63.36000061035156,62.54999923706055,62.83000183105469,11325600
2025-01-30,KO,63.849998474121094,64.29000091552734,63.22999954223633,64.05000305175781,13201000
2025-01-31,KO,63.70000076293945,63.93000030517578,63.38999938964844,63.47999954223633,12096800
2025-02-03,KO,63.18000030517578,63.630001068115234,62.43000030517578,63.349998474121094,12067900
2025-02-04,KO,63.61000061035156,63.630001068115234,62.349998474121094,62.66999816894531,15678000
2025-02-05,KO,62.720001220703125,63.290000915527344,62.59000015258789,63.119998931884766,10686800
2025-02-06,KO,63.619998931884766,63.7400016784668,62.90999984741211,63.36000061035156,13423400
2025-02-07,KO,63.43000030517578,63.91999816894531,63.27000045776367,63.84000015258789,13184700
2025-02-10,KO,64.0999984741211,64.6500015258789,63.65999984741211,64.55000305175781,16154300
2025-02-11,KO,67.5,67.66999816894531,66.41000366210938,67.5999984741211,30589100
2025-02-12,KO,66.87000274658203,68.81999969482422,66.87000274658203,68.70999908447266,26033800
2025-02-13,KO,69.0,69.61000061035156,68.76000213623047,69.5,24393100
2025-02-14,KO,69.36000061035156,70.02999877929688,68.76000213623047,68.87000274658203,20779100
2025-02-18,KO,68.55000305175781,69.37000274658203,68.41999816894531,69.05000305175781,15569100
2025-02-19,KO,69.20999908447266,70.12999725341797,69.16999816894531,70.06999969482422,16032300
2025-02-20,KO,69.70999908447266,70.06999969482422,69.41999816894531,70.04000091552734,13398000
2025-02-21,KO,70.31999969482422,71.5999984741211,70.12999725341797,71.3499984741211,21662300
2025-02-24,KO,70.83999633789062,71.7300033569336,70.33000183105469,70.58999633789062,21418400
2025-02-25,KO,70.86000061035156,71.7699966430664,70.7300033569336,71.48999786376953,21555600
2025-02-26,KO,71.2699966430664,71.27999877929688,70.52999877929688,70.80000305175781,14531200
2025-02-27,KO,70.72000122070312,71.54000091552734,70.41999816894531,70.87000274658203,16789500
2025-02-28,KO,71.44999694824219,71.56999969482422,70.55999755859375,71.20999908447266,22167400
2025-03-03,KO,70.23999786376953,72.36000061035156,69.7300033569336,72.31999969482422,21717600
2025-03-04,KO,72.06999969482422,72.6500015258789,69.87999725341797,70.19000244140625,25411900
2025-03-05,KO,69.9000015258789,70.73999786376953,69.83999633789062,70.08000183105469,23933600
2025-03-06,KO,70.41000366210938,70.52999877929688,69.44999694824219,70.45999908447266,21694000
2025-03-07,KO,69.6500015258789,71.81999969482422,69.6500015258789,71.43000030517578,28393300
2025-03-10,KO,71.95999908447266,73.22000122070312,71.31999969482422,71.44999694824219,25251200
2025-03-11,KO,71.87999725341797,72.04000091552734,70.61000061035156,71.04000091552734,28076400
2025-03-12,KO,70.37000274658203,70.7300033569336,69.73999786376953,69.94000244140625,18923300
2025-03-13,KO,70.25,70.25,69.27999877929688,69.62000274658203,15746600
2025-03-14,KO,68.51000213623047,69.26000213623047,68.37999725341797,69.16000366210938,14205100
2025-03-17,KO,69.23999786376953,70.16999816894531,69.08000183105469,70.12000274658203,15634800
2025-03-18,KO,70.11000061035156,70.19000244140625,69.30000305175781,69.37999725341797,12657600
2025-03-19,KO,68.55000305175781,69.37999725341797,68.54000091552734,69.27999877929688,14780000
2025-03-20,KO,69.30999755859375,69.80999755859375,69.08999633789062,69.70999908447266,16295300
2025-03-21,KO,69.70999908447266,69.97000122070312,68.18000030517578,68.66999816894531,47479500
2025-03-24,KO,68.80000305175781,69.08000183105469,68.33000183105469,68.94999694824219,12575400
2025-03-25,KO,68.94999694824219,69.08000183105469,68.5999984741211,68.80999755859375,12513900
2025-03-26,KO,68.91999816894531,70.3499984741211,68.9000015258789,70.0199966430664,14478200
2025-03-27,KO,70.18000030517578,70.98999786376953,70.06999969482422,70.73999786376953,11663400
2025-03-28,KO,70.80999755859375,71.31999969482422,69.52999877929688,70.37000274658203,17412900
2025-03-31,KO,70.7300033569336,71.94000244140625,70.48999786376953,71.62000274658203,24016900
2025-04-01,KO,71.68000030517578,71.91000366210938,71.19000244140625,71.87000274658203,15309100
2025-04-02,KO,71.95999908447266,72.36000061035156,71.05000305175781,71.33000183105469,14606500
2025-04-03,KO,72.4800033569336,73.94999694824219,72.31999969482422,73.18000030517578,24959600
2025-04-04,KO,72.41999816894531,73.01000213623047,69.79000091552734,69.93000030517578,26517300
2025-04-07,KO,66.2300033569336,69.37999725341797,66.05000305175781,68.37000274658203,34258400
2025-04-08,KO,68.95999908447266,69.9800033569336,67.76000213623047,68.41999816894531,22774400
2025-04-09,KO,67.91999816894531,70.47000122070312,67.27999877929688,69.94999694824219,27918700
2025-04-10,KO,70.19000244140625,71.20999908447266,68.9800033569336,70.76000213623047,22450200
2025-04-11,KO,70.91000366210938,71.8499984741211,70.54000091552734,71.43000030517578,19988200
2025-04-14,KO,71.30000305175781,72.66000366210938,70.93000030517578,72.44999694824219,13930200
2025-04-15,KO,72.62000274658203,72.62999725341797,71.72000122070312,71.86000061035156,14965500
2025-04-16,KO,72.36000061035156,72.66999816894531,71.38999938964844,71.68000030517578,15276200
2025-04-17,KO,71.9000015258789,73.43000030517578,71.72000122070312,73.0,20754500
2025-04-21,KO,73.37999725341797,73.47000122070312,71.81999969482422,72.7699966430664,16037200
2025-04-22,KO,73.0,74.37999725341797,72.91999816894531,73.9000015258789,15613500
2025-04-23,KO,73.29000091552734,73.94999694824219,72.37999725341797,73.30000305175781,16353900
2025-04-24,KO,73.0199966430664,73.43000030517578,72.30000305175781,72.5199966430664,16893900
2025-04-25,KO,72.6500015258789,72.91999816894531,71.12999725341797,71.91000366210938,16316000
2025-04-28,KO,72.08000183105469,72.26000213623047,71.30999755859375,71.79000091552734,15997500
2025-04-29,KO,71.19000244140625,72.70999908447266,70.27999877929688,72.3499984741211,16244100
2025-04-30,KO,73.3499984741211,73.4800033569336,71.69000244140625,72.55000305175781,21074700
2025-05-01,KO,72.0,72.04000091552734,71.2300033569336,71.29000091552734,18034200
2025-05-02,KO,71.5,71.81999969482422,71.0999984741211,71.6500015258789,12629600
2025-05-05,KO,71.66999816894531,71.80000305175781,71.01000213623047,71.69999694824219,11932700
2025-05-06,KO,71.68000030517578,71.9000015258789,71.16000366210938,71.72000122070312,12705500
2025-05-07,KO,71.72000122070312,72.69000244140625,71.66999816894531,72.4000015258789,15018200
2025-05-08,KO,72.19999694824219,72.47000122070312,71.12999725341797,71.16999816894531,14371100
2025-05-09,KO,70.98999786376953,71.1500015258789,70.45999908447266,70.5199966430664,11228900
2025-05-12,KO,70.1500015258789,70.33000183105469,68.69999694824219,69.52999877929688,21539000
2025-05-13,KO,69.58999633789062,69.69000244140625,68.87000274658203,68.95999908447266,14389100
2025-05-14,KO,68.87999725341797,69.33999633789062,68.58000183105469,69.16000366210938,16286800
2025-05-15,KO,69.69999694824219,71.7300033569336,69.5999984741211,71.61000061035156,19817100
2025-05-16,KO,71.86000061035156,72.26000213623047,71.43000030517578,72.0,18441200
2025-05-19,KO,72.02999877929688,72.16999816894531,71.63999938964844,71.93000030517578,13282800
2025-05-20,KO,71.80000305175781,72.12999725341797,71.43000030517578,71.69000244140625,12137800
2025-05-21,KO,71.69000244140625,72.08000183105469,71.58000183105469,71.8499984741211,12094400
2025-05-22,KO,71.83999633789062,71.98999786376953,70.95999908447266,71.13999938964844,11101800
2025-05-23,KO,71.54000091552734,71.9800033569336,70.69000244140625,71.7699966430664,12822100
2025-05-27,KO,71.73999786376953,72.22000122070312,71.55999755859375,71.77999877929688,10666100
2025-05-28,KO,71.69999694824219,71.9000015258789,71.05000305175781,71.1500015258789,8710900
2025-05-29,KO,71.0,71.66000366210938,70.45999908447266,71.48999786376953,10291100
2025-05-30,KO,71.61000061035156,72.47000122070312,71.61000061035156,72.0999984741211,28019500
2025-06-02,KO,72.02999877929688,72.04000091552734,71.36000061035156,72.0,10202700
2025-06-03,KO,71.70999908447266,71.77999877929688,70.47000122070312,71.16000366210938,20139800
2025-06-04,KO,71.26000213623047,71.8499984741211,70.68000030517578,71.37000274658203,13565900
2025-06-05,KO,71.37999725341797,71.45999908447266,70.83000183105469,70.91000366210938,13531400
2025-06-06,KO,71.08000183105469,71.4800033569336,70.94000244140625,71.3499984741211,9524000
2025-06-09,KO,71.3499984741211,71.83000183105469,71.08999633789062,71.7699966430664,12281300
2025-06-10,KO,71.9000015258789,72.69000244140625,71.76000213623047,72.3499984741211,12265000
2025-06-11,KO,72.2699966430664,72.36000061035156,71.76000213623047,72.06999969482422,12718500
2025-06-12,KO,72.25,72.4000015258789,71.5999984741211,72.23999786376953,12806900
2025-06-13,KO,71.7699966430664,71.87999725341797,70.7300033569336,71.0199966430664,17467200
2025-06-16,KO,71.19999694824219,71.62000274658203,70.23999786376953,70.5199966430664,15045900
2025-06-17,KO,70.37999725341797,70.45999908447266,69.58000183105469,69.62000274658203,15437000
2025-06-18,KO,70.0,70.0,69.08999633789062,69.20999908447266,16227600
2025-06-20,KO,69.08999633789062,69.55999755859375,68.77999877929688,68.83999633789062,40859400
2025-06-23,KO,69.13999938964844,69.80999755859375,68.97000122070312,69.73999786376953,21822800
2025-06-24,KO,69.94000244140625,70.3499984741211,69.69000244140625,70.20999908447266,15216100
2025-06-25,KO,69.93000030517578,70.0199966430664,69.43000030517578,69.62999725341797,12540400
2025-06-26,KO,69.69999694824219,69.91999816894531,69.1500015258789,69.47000122070312,14454100
2025-06-27,KO,69.58999633789062,70.55999755859375,69.47000122070312,70.33000183105469,23470700
2025-06-30,KO,70.12999725341797,70.79000091552734,70.08999633789062,70.75,15429000
2025-07-01,KO,70.98999786376953,72.44999694824219,70.9000015258789,71.66999816894531,21729300
2025-07-02,KO,71.69000244140625,71.83000183105469,70.73999786376953,70.91000366210938,13050200
2025-07-03,KO,71.04000091552734,71.4000015258789,70.44999694824219,71.3499984741211,9440500
2025-07-07,KO,71.37000274658203,71.37000274658203,70.80000305175781,71.01000213623047,16984700
2025-07-08,KO,70.68000030517578,70.68000030517578,69.87999725341797,70.23999786376953,17115500
2025-07-09,KO,70.16000366210938,70.25,68.97000122070312,69.4800033569336,33704100
2025-07-10,KO,69.29000091552734,69.8499984741211,69.16000366210938,69.7699966430664,14608400
2025-07-11,KO,69.56999969482422,70.16000366210938,69.25,69.87000274658203,12916700
2025-07-14,KO,69.80000305175781,70.08000183105469,69.2699966430664,69.47000122070312,13983200
2025-07-15,KO,69.51000213623047,69.55000305175781,69.1500015258789,69.36000061035156,12639800
2025-07-16,KO,69.3499984741211,69.5,68.79000091552734,69.2699966430664,13178300
2025-07-17,KO,69.80999755859375,70.69000244140625,69.51000213623047,70.58999633789062,20464700
2025-07-18,KO,70.44000244140625,70.69999694824219,69.83000183105469,69.8499984741211,14928000
2025-07-21,KO,70.19000244140625,70.62000274658203,69.93000030517578,70.06999969482422,17811700
2025-07-22,KO,69.44999694824219,70.26000213623047,68.69000244140625,69.66000366210938,22339900
2025-07-23,KO,69.66000366210938,69.73999786376953,68.5999984741211,69.16000366210938,21030000
2025-07-24,KO,69.26000213623047,69.55000305175781,68.98999786376953,69.0999984741211,12511400
2025-07-25,KO,69.12999725341797,69.2300033569336,68.75,69.16999816894531,12574800
2025-07-28,KO,68.73999786376953,68.9000015258789,68.05999755859375,68.08999633789062,13668800
2025-07-29,KO,68.33999633789062,69.41999816894531,68.1500015258789,69.37999725341797,16223400
2025-07-30,KO,69.11000061035156,69.33000183105469,68.52999877929688,68.75,10448200
2025-07-31,KO,68.1500015258789,68.6500015258789,67.73999786376953,67.88999938964844,17193400
2025-08-01,KO,68.5999984741211,69.04000091552734,68.2699966430664,68.86000061035156,16107500
2025-08-04,KO,68.72000122070312,69.08000183105469,68.30999755859375,68.95999908447266,10701500
2025-08-05,KO,68.9000015258789,69.48999786376953,68.75,69.05000305175781,11993400
2025-08-06,KO,69.12000274658203,69.80000305175781,68.62999725341797,69.51000213623047,10783000
2025-08-07,KO,69.45999908447266,70.72000122070312,69.33000183105469,70.43000030517578,15790800
2025-08-08,KO,70.36000061035156,70.87000274658203,70.08000183105469,70.33999633789062,9232700
2025-08-11,KO,70.30000305175781,70.86000061035156,69.95999908447266,70.75,10909400
2025-08-12,KO,70.81999969482422,71.05999755859375,70.22000122070312,70.70999908447266,11061100
2025-08-13,KO,70.69000244140625,70.7699966430664,70.2300033569336,70.45999908447266,10356500
2025-08-14,KO,70.37999725341797,70.45999908447266,69.38999938964844,69.55000305175781,10722400
2025-08-15,KO,69.73999786376953,70.38999938964844,69.56999969482422,69.91999816894531,12381100
2025-08-18,KO,69.9800033569336,70.05000305175781,69.05000305175781,69.12999725341797,14094900
2025-08-19,KO,69.30000305175781,70.22000122070312,69.23999786376953,70.12999725341797,13862200
2025-08-20,KO,70.73999786376953,71.70999908447266,70.41000366210938,70.69999694824219,17530800
2025-08-21,KO,70.5999984741211,70.91000366210938,70.33000183105469,70.66000366210938,8840400
2025-08-22,KO,70.95999908447266,71.0199966430664,69.91999816894531,70.12999725341797,12999600
2025-08-25,KO,70.11000061035156,70.2300033569336,68.72000122070312,68.93000030517578,13634600
2025-08-26,KO,69.04000091552734,69.08000183105469,68.58000183105469,68.7300033569336,17964200
2025-08-27,KO,68.81999969482422,68.87000274658203,68.47000122070312,68.83000183105469,11562700
2025-08-28,KO,68.87999725341797,68.9000015258789,68.27999877929688,68.36000061035156,16209900
2025-08-29,KO,68.66999816894531,69.13999938964844,68.43000030517578,68.98999786376953,14601100
2025-09-02,KO,68.95999908447266,69.33999633789062,68.26000213623047,69.05999755859375,24770100
2025-09-03,KO,68.66000366210938,69.0999984741211,67.37000274658203,68.98999786376953,33581500
2025-09-04,KO,69.11000061035156,69.45999908447266,68.11000061035156,68.25,16736000
2025-09-05,KO,68.01000213623047,68.58000183105469,67.87000274658203,67.95999908447266,23978000
2025-09-08,KO,67.86000061035156,67.87999725341797,67.16000366210938,67.43000030517578,21671700
2025-09-09,KO,67.27999877929688,68.11000061035156,67.27999877929688,67.86000061035156,14120600
2025-09-10,KO,67.79000091552734,68.08999633789062,67.20999908447266,67.81999969482422,16041900
2025-09-11,KO,67.91999816894531,68.16999816894531,67.58000183105469,67.62000274658203,15128700
2025-09-12,KO,67.5999984741211,67.72000122070312,66.94000244140625,67.01000213623047,18712400
2025-09-15,KO,66.68000030517578,66.77999877929688,66.0999984741211,66.20999908447266,15986100
2025-09-16,KO,66.3499984741211,66.51000213623047,66.05999755859375,66.23999786376953,18555900
2025-09-17,KO,66.41000366210938,67.12999725341797,66.41000366210938,67.04000091552734,17372300
2025-09-18,KO,66.80000305175781,67.04000091552734,66.3499984741211,66.45999908447266,17722900
2025-09-19,KO,66.48999786376953,66.7300033569336,66.05000305175781,66.43000030517578,31192900
2025-09-22,KO,66.16000366210938,66.58999633789062,66.08000183105469,66.20999908447266,13298700
2025-09-23,KO,66.3499984741211,66.76000213623047,65.9000015258789,66.70999908447266,15072800
2025-09-24,KO,66.41000366210938,66.77999877929688,65.95999908447266,66.44999694824219,14759300
2025-09-25,KO,66.75,66.91999816894531,65.94999694824219,65.9800033569336,14395000
2025-09-26,KO,66.06999969482422,66.33000183105469,65.5,65.66999816894531,17821600
2025-09-29,KO,65.66999816894531,66.0999984741211,65.3499984741211,66.04000091552734,14818500
2025-09-30,KO,66.06999969482422,66.63999938964844,65.95999908447266,66.31999969482422,13815000
2025-10-01,KO,66.51000213623047,66.83000183105469,66.29000091552734,66.77999877929688,14877500
2025-10-02,KO,66.52999877929688,66.6500015258789,65.86000061035156,66.0999984741211,14350700
2025-10-03,KO,66.0999984741211,66.98999786376953,66.04000091552734,66.6500015258789,12249200
2025-10-06,KO,66.48999786376953,66.5,65.83999633789062,66.0999984741211,14333300
2025-10-07,KO,66.22000122070312,67.26000213623047,65.87000274658203,66.79000091552734,13328300
2025-10-08,KO,66.66999816894531,66.87000274658203,66.05999755859375,66.12000274658203,12606700
2025-10-09,KO,66.29000091552734,66.80000305175781,66.12000274658203,66.37000274658203,12705200
2025-10-10,KO,66.5199966430664,67.4000015258789,66.37999725341797,67.04000091552734,17991700
2025-10-13,KO,66.2300033569336,66.80000305175781,66.0,66.80000305175781,13690000
2025-10-14,KO,66.87000274658203,67.56999969482422,66.75,67.51000213623047,14245600
2025-10-15,KO,67.2699966430664,67.72000122070312,66.91999816894531,67.08000183105469,11193700
2025-10-16,KO,67.18000030517578,68.11000061035156,67.16000366210938,67.58999633789062,15707200
2025-10-17,KO,68.0,68.5,67.80000305175781,68.44000244140625,15541800
2025-10-20,KO,68.43000030517578,68.63999938964844,67.91999816894531,68.44000244140625,17786800
2025-10-21,KO,70.56999969482422,71.38999938964844,70.2300033569336,71.22000122070312,33651300
2025-10-22,KO,71.36000061035156,71.62000274658203,70.51000213623047,70.80999755859375,18293000
2025-10-23,KO,70.80999755859375,70.93000030517578,69.72000122070312,69.94000244140625,13989400
2025-10-24,KO,69.91000366210938,70.05000305175781,69.6500015258789,69.70999908447266,15688200
2025-10-27,KO,69.77999877929688,70.12000274658203,69.25,70.05999755859375,13800000
2025-10-28,KO,70.05000305175781,70.9000015258789,69.94999694824219,70.16000366210938,12730500
2025-10-29,KO,69.91999816894531,70.02999877929688,68.16000366210938,68.3499984741211,19789600
2025-10-30,KO,68.44999694824219,69.29000091552734,68.38999938964844,68.9800033569336,14751700
2025-10-31,KO,68.55000305175781,69.06999969482422,67.9000015258789,68.9000015258789,16742700
2025-11-03,KO,68.80000305175781,68.88999938964844,67.66000366210938,67.97000122070312,15660400
2025-11-04,KO,68.47000122070312,68.7300033569336,68.16000366210938,68.66000366210938,12743800
2025-11-05,KO,68.66000366210938,68.83000183105469,68.18000030517578,68.51000213623047,12850100
2025-11-06,KO,68.30000305175781,69.13999938964844,67.91999816894531,69.05999755859375,15906700
2025-11-07,KO,69.80999755859375,70.87000274658203,69.41000366210938,70.55000305175781,25108300
2025-11-10,KO,70.01000213623047,70.66000366210938,69.44000244140625,70.5199966430664,15318000
2025-11-11,KO,70.9800033569336,71.75,70.66000366210938,71.61000061035156,16160200
2025-11-12,KO,71.48999786376953,71.88999938964844,71.33999633789062,71.51000213623047,13612600
2025-11-13,KO,71.41999816894531,71.66999816894531,71.0,71.06999969482422,14002800
2025-11-14,KO,71.41000366210938,71.63999938964844,70.5999984741211,71.16000366210938,13172000
2025-11-17,KO,71.19999694824219,71.52999877929688,70.62000274658203,70.68000030517578,14772300
2025-11-18,KO,70.98999786376953,71.33999633789062,70.56999969482422,71.22000122070312,12838900
2025-11-19,KO,71.19999694824219,71.44999694824219,70.80999755859375,71.11000061035156,12401500
2025-11-20,KO,70.94999694824219,71.4800033569336,70.61000061035156,71.20999908447266,15396500
2025-11-21,KO,71.68000030517578,73.19000244140625,71.48999786376953,72.94999694824219,26492500
2025-11-24,KO,73.16000366210938,73.16000366210938,71.56999969482422,72.58999633789062,39818600
2025-11-25,KO,72.80000305175781,72.93000030517578,72.13999938964844,72.61000061035156,17451200
2025-11-26,KO,72.5999984741211,73.08999633789062,72.38999938964844,72.87999725341797,11795100
2025-11-28,KO,73.0,73.2300033569336,72.76000213623047,73.12000274658203,7423000
2025-12-01,KO,72.5999984741211,72.91000366210938,71.93000030517578,71.94999694824219,14388100
2025-12-02,KO,71.80000305175781,71.80000305175781,70.43000030517578,70.66999816894531,19871300
2025-12-03,KO,70.87999725341797,71.4000015258789,70.61000061035156,70.80999755859375,17001700
2025-12-04,KO,70.83000183105469,71.33999633789062,70.37000274658203,70.44999694824219,17710000
2025-12-05,KO,70.31999969482422,70.70999908447266,69.87000274658203,70.0,13978200
2025-12-08,KO,69.83999633789062,70.37999725341797,69.48999786376953,70.25,17775100
2025-12-09,KO,70.37000274658203,70.62999725341797,69.83000183105469,70.08999633789062,13010600
2025-12-10,KO,70.38999938964844,70.52999877929688,69.77999877929688,70.20999908447266,29789400
2025-12-11,KO,70.55000305175781,70.69000244140625,68.79000091552734,69.11000061035156,23124200
2025-12-12,KO,69.11000061035156,70.62000274658203,69.04000091552734,70.5199966430664,18444500
2025-12-15,KO,70.43000030517578,71.31999969482422,70.31999969482422,70.97000122070312,18660100
2025-12-16,KO,71.30000305175781,71.30000305175781,70.31999969482422,70.37000274658203,17370000
2025-12-17,KO,70.56999969482422,70.91999816894531,70.30999755859375,70.66999816894531,13672700
2025-12-18,KO,70.2699966430664,70.80000305175781,70.16999816894531,70.36000061035156,15524800
2025-12-19,KO,70.05999755859375,70.7699966430664,70.02999877929688,70.05999755859375,36911100
2025-12-22,KO,69.93000030517578,70.22000122070312,69.66000366210938,70.20999908447266,12828500
2025-12-23,KO,70.19999694824219,70.26000213623047,69.69000244140625,69.87000274658203,9471000
2025-12-24,KO,69.9000015258789,70.16000366210938,69.75,70.11000061035156,4515300
2025-12-26,KO,69.94999694824219,70.16000366210938,69.7300033569336,69.87000274658203,5711400
2025-12-29,KO,70.0,70.41999816894531,69.8499984741211,70.16000366210938,9686900
2025-12-30,KO,70.0,70.23999786376953,69.80000305175781,70.06999969482422,8610900
2023-01-03,XOM,109.77999877929688,110.0199966430664,105.48999786376953,106.51000213623047,15146200
2023-01-04,XOM,104.80000305175781,107.16000366210938,104.76000213623047,106.81999969482422,18058400
2023-01-05,XOM,106.33999633789062,109.94999694824219,106.30999755859375,109.20999908447266,15946600
2023-01-06,XOM,110.08000183105469,111.98999786376953,109.66999816894531,110.52999877929688,16348100
2023-01-09,XOM,111.63999938964844,111.63999938964844,107.80999755859375,108.47000122070312,17964600
2023-01-10,XOM,109.79000091552734,110.33000183105469,108.01000213623047,110.08999633789062,15104600
2023-01-11,XOM,110.98999786376953,111.44999694824219,109.08999633789062,111.37000274658203,16710400
2023-01-12,XOM,111.81999969482422,113.73999786376953,111.73999786376953,113.22000122070312,15357300
2023-01-13,XOM,113.11000061035156,113.48999786376953,112.16000366210938,113.1500015258789,12011400
2023-01-17,XOM,113.41000366210938,114.08000183105469,112.66999816894531,112.93000030517578,16542200
2023-01-18,XOM,113.26000213623047,114.12000274658203,110.4000015258789,110.61000061035156,16399700
2023-01-19,XOM,110.06999969482422,112.12999725341797,109.58000183105469,111.31999969482422,12928000
2023-01-20,XOM,111.36000061035156,113.44000244140625,110.61000061035156,113.3499984741211,16515600
2023-01-23,XOM,113.63999938964844,114.58999633789062,112.63999938964844,112.76000213623047,16584400
2023-01-24,XOM,109.16000366210938,114.0199966430664,104.87000274658203,113.80999755859375,13583000
2023-01-25,XOM,113.2300033569336,113.6500015258789,111.38999938964844,113.20999908447266,11914700
2023-01-26,XOM,114.72000122070312,117.77999877929688,114.33999633789062,117.76000213623047,21019700
2023-01-27,XOM,116.94999694824219,117.66999816894531,115.38999938964844,115.61000061035156,15179200
2023-01-30,XOM,115.08999633789062,115.48999786376953,113.1500015258789,113.55999755859375,18672100
2023-01-31,XOM,112.0999984741211,116.4000015258789,110.43000030517578,116.01000213623047,27861800
2023-02-01,XOM,115.83000183105469,117.37999725341797,113.33999633789062,114.73999786376953,19464900
2023-02-02,XOM,114.8499984741211,115.06999969482422,109.83000183105469,111.1500015258789,24562100
2023-02-03,XOM,111.9000015258789,114.11000061035156,111.55999755859375,111.91999816894531,20226600
2023-02-06,XOM,112.36000061035156,113.08999633789062,110.31999969482422,111.7300033569336,13855200
2023-02-07,XOM,112.38999938964844,115.30999755859375,112.0199966430664,114.91999816894531,16013300
2023-02-08,XOM,115.05000305175781,115.83000183105469,113.8499984741211,113.91999816894531,18459700
2023-02-09,XOM,114.62000274658203,116.23999786376953,114.18000030517578,114.3499984741211,17439300
2023-02-10,XOM,116.51000213623047,119.62999725341797,116.16000366210938,119.16999816894531,24918600
2023-02-13,XOM,117.72000122070312,118.18000030517578,115.9000015258789,117.80000305175781,14536200
2023-02-14,XOM,117.01000213623047,117.80999755859375,116.0199966430664,116.41999816894531,12079000
2023-02-15,XOM,115.72000122070312,116.08999633789062,114.13999938964844,116.06999969482422,13663400
2023-02-16,XOM,115.30999755859375,116.77999877929688,114.80000305175781,115.7300033569336,11360600
2023-02-17,XOM,114.19000244140625,114.19000244140625,110.9800033569336,111.27999877929688,20758300
2023-02-21,XOM,110.80999755859375,112.37999725341797,110.80999755859375,111.16999816894531,14469400
2023-02-22,XOM,110.4800033569336,110.97000122070312,108.63999938964844,109.7300033569336,13973800
2023-02-23,XOM,110.7300033569336,111.83000183105469,109.9000015258789,110.73999786376953,11289400
2023-02-24,XOM,109.33000183105469,110.95999908447266,109.0199966430664,110.75,14351000
2023-02-27,XOM,110.80000305175781,111.26000213623047,109.95999908447266,110.55000305175781,11710500
2023-02-28,XOM,111.23999786376953,111.36000061035156,109.22000122070312,109.91000366210938,18107000
2023-03-01,XOM,109.30999755859375,111.86000061035156,109.23999786376953,110.88999938964844,13200000
2023-03-02,XOM,110.62000274658203,111.69999694824219,110.16999816894531,111.4000015258789,10339900
2023-03-03,XOM,110.05000305175781,113.37000274658203,109.94999694824219,112.80999755859375,13006700
2023-03-06,XOM,111.98999786376953,113.83999633789062,111.87000274658203,113.80999755859375,14347400
2023-03-07,XOM,112.80999755859375,113.16999816894531,111.16999816894531,111.61000061035156,11525300
2023-03-08,XOM,111.2300033569336,112.41999816894531,109.06999969482422,109.9800033569336,13509800
2023-03-09,XOM,110.87000274658203,112.2300033569336,109.02999877929688,109.12999725341797,12961200
2023-03-10,XOM,109.55999755859375,111.04000091552734,107.1500015258789,107.77999877929688,15795700
2023-03-13,XOM,105.33999633789062,107.86000061035156,103.72000122070312,106.54000091552734,20745600
2023-03-14,XOM,106.3499984741211,109.01000213623047,104.95999908447266,106.94000244140625,18263500
2023-03-15,XOM,102.81999969482422,104.19999694824219,100.22000122070312,101.62000274658203,25733800
2023-03-16,XOM,99.11000061035156,101.68000030517578,98.0199966430664,101.02999877929688,27465200
2023-03-17,XOM,100.5999984741211,101.61000061035156,99.13999938964844,99.83999633789062,43199500
2023-03-20,XOM,99.62999725341797,102.4800033569336,99.5,102.44999694824219,32042100
2023-03-21,XOM,104.16999816894531,107.27999877929688,104.12999725341797,107.04000091552734,31592300
2023-03-22,XOM,106.80000305175781,107.18000030517578,104.55999755859375,104.58999633789062,14952700
2023-03-23,XOM,105.36000061035156,106.33999633789062,102.44000244140625,103.41000366210938,14385900
2023-03-24,XOM,101.47000122070312,103.8499984741211,100.91000366210938,103.52999877929688,13401600
2023-03-27,XOM,104.73999786376953,106.4800033569336,103.91000366210938,105.80000305175781,14805900
2023-03-28,XOM,105.44000244140625,107.6500015258789,105.19000244140625,107.12000274658203,11047600
2023-03-29,XOM,108.05999755859375,109.16000366210938,107.48999786376953,108.95999908447266,14219100
2023-03-30,XOM,109.55000305175781,109.56999969482422,108.5199966430664,109.48999786376953,11578200
2023-03-31,XOM,109.68000030517578,110.16999816894531,109.05000305175781,109.66000366210938,14418000
2023-04-03,XOM,113.38999938964844,116.8499984741211,113.12000274658203,116.12999725341797,28087700
2023-04-04,XOM,116.26000213623047,116.69999694824219,114.16999816894531,115.0199966430664,16365500
2023-04-05,XOM,115.3499984741211,117.0,114.30999755859375,116.98999786376953,16479500
2023-04-06,XOM,116.86000061035156,117.18000030517578,114.7699966430664,115.05000305175781,15778000
2023-04-10,XOM,114.77999877929688,116.18000030517578,114.16999816894531,114.54000091552734,13006600
2023-04-11,XOM,114.95999908447266,116.19999694824219,114.37999725341797,115.3499984741211,11758500
2023-04-12,XOM,116.16000366210938,116.58999633789062,114.93000030517578,115.2300033569336,10919000
2023-04-13,XOM,114.5999984741211,115.88999938964844,114.12999725341797,115.7699966430664,12399700
2023-04-14,XOM,115.9000015258789,116.66000366210938,115.12000274658203,116.05000305175781,11530800
2023-04-17,XOM,115.48999786376953,116.51000213623047,114.41999816894531,114.69999694824219,13260400
2023-04-18,XOM,114.38999938964844,117.20999908447266,114.30000305175781,116.94000244140625,17436100
2023-04-19,XOM,116.08000183105469,116.9000015258789,115.7699966430664,116.56999969482422,10682600
2023-04-20,XOM,115.12999725341797,115.68000030517578,113.2300033569336,115.63999938964844,17038700
2023-04-21,XOM,116.48999786376953,116.87999725341797,115.26000213623047,116.01000213623047,14315300
2023-04-24,XOM,115.91999816894531,118.88999938964844,115.87999725341797,118.19999694824219,15831300
2023-04-25,XOM,117.55000305175781,117.73999786376953,115.62999725341797,116.5199966430664,12179800
2023-04-26,XOM,116.02999877929688,117.08999633789062,114.68000030517578,115.44999694824219,15566100
2023-04-27,XOM,115.62000274658203,117.01000213623047,114.87999725341797,116.83000183105469,16279200
2023-04-28,XOM,117.25,119.91999816894531,116.83000183105469,118.33999633789062,24381900
2023-05-01,XOM,115.98999786376953,117.30000305175781,114.44999694824219,114.66999816894531,17355000
2023-05-02,XOM,113.94000244140625,113.94000244140625,109.29000091552734,110.0999984741211,24324100
2023-05-03,XOM,109.08000183105469,109.80999755859375,107.76000213623047,107.93000030517578,16212300
2023-05-04,XOM,107.9000015258789,108.75,105.91000366210938,106.04000091552734,17177200
2023-05-05,XOM,108.55000305175781,109.43000030517578,107.52999877929688,108.68000030517578,14968200
2023-05-08,XOM,110.5,110.97000122070312,109.04000091552734,109.11000061035156,11187800
2023-05-09,XOM,108.33999633789062,110.2300033569336,108.20999908447266,109.13999938964844,11370800
2023-05-10,XOM,109.73999786376953,110.01000213623047,106.70999908447266,107.73999786376953,14884800
2023-05-11,XOM,106.48999786376953,106.81999969482422,104.93000030517578,105.79000091552734,17165900
2023-05-12,XOM,106.30999755859375,107.01000213623047,104.77999877929688,105.77999877929688,12613300
2023-05-15,XOM,105.51000213623047,105.93000030517578,104.58000183105469,105.06999969482422,13715600
2023-05-16,XOM,104.62999725341797,104.80999755859375,102.0199966430664,102.5199966430664,14795200
2023-05-17,XOM,103.38999938964844,105.2300033569336,102.8499984741211,104.81999969482422,14064700
2023-05-18,XOM,104.55000305175781,105.91000366210938,104.12999725341797,105.7699966430664,12005600
2023-05-19,XOM,106.56999969482422,107.05000305175781,105.81999969482422,106.26000213623047,13359600
2023-05-22,XOM,105.83999633789062,107.04000091552734,104.87999725341797,104.97000122070312,12882000
2023-05-23,XOM,105.98999786376953,108.22000122070312,105.75,106.4000015258789,14394400
2023-05-24,XOM,107.37999725341797,108.51000213623047,106.7300033569336,107.58999633789062,16340300
2023-05-25,XOM,105.94000244140625,106.43000030517578,104.70999908447266,105.66000366210938,14316500
2023-05-26,XOM,106.47000122070312,106.94999694824219,104.83000183105469,104.97000122070312,12370300
2023-05-30,XOM,103.29000091552734,104.12000274658203,102.61000061035156,104.04000091552734,11938000
2023-05-31,XOM,102.29000091552734,103.04000091552734,101.73999786376953,102.18000030517578,24926100
2023-06-01,XOM,101.75,105.58000183105469,101.26000213623047,103.36000061035156,13551900
2023-06-02,XOM,105.16000366210938,106.12999725341797,104.52999877929688,105.76000213623047,14112000
2023-06-05,XOM,107.19000244140625,107.19000244140625,105.08999633789062,105.29000091552734,10628000
2023-06-06,XOM,104.1500015258789,106.2699966430664,103.9800033569336,106.1500015258789,12209800
2023-06-07,XOM,106.79000091552734,108.88999938964844,106.7300033569336,108.52999877929688,16027100
2023-06-08,XOM,108.7699966430664,109.13999938964844,105.9000015258789,108.19000244140625,13517100
2023-06-09,XOM,108.45999908447266,108.61000061035156,107.16000366210938,107.38999938964844,12251600
2023-06-12,XOM,105.80999755859375,107.05999755859375,105.55999755859375,106.41999816894531,14112000
2023-06-13,XOM,107.37999725341797,108.33999633789062,106.27999877929688,106.44000244140625,13533800
2023-06-14,XOM,107.44999694824219,108.11000061035156,104.38999938964844,105.16000366210938,16627700
2023-06-15,XOM,105.5,107.02999877929688,105.44000244140625,105.88999938964844,16224100
2023-06-16,XOM,106.36000061035156,106.7699966430664,104.95999908447266,105.12999725341797,43128900
2023-06-20,XOM,104.68000030517578,104.7699966430664,102.12000274658203,102.72000122070312,17514100
2023-06-21,XOM,102.5,104.62999725341797,102.33000183105469,103.87000274658203,13285700
2023-06-22,XOM,102.83999633789062,103.88999938964844,102.6500015258789,103.30000305175781,12455300
2023-06-23,XOM,102.58999633789062,102.81999969482422,101.62000274658203,102.4000015258789,17933600
2023-06-26,XOM,102.19999694824219,104.91000366210938,102.19999694824219,104.29000091552734,14283400
2023-06-27,XOM,104.05000305175781,104.61000061035156,103.2699966430664,104.55000305175781,13227500
2023-06-28,XOM,104.30999755859375,105.81999969482422,103.19999694824219,105.4000015258789,13084100
2023-06-29,XOM,105.66000366210938,106.7300033569336,105.12999725341797,106.69999694824219,11364400
2023-06-30,XOM,107.31999969482422,107.87999725341797,106.80999755859375,107.25,13544700
2023-07-03,XOM,107.48999786376953,108.45999908447266,107.06999969482422,107.45999908447266,7397000
2023-07-05,XOM,107.62999725341797,107.91999816894531,106.0999984741211,106.91000366210938,12491200
2023-07-06,XOM,105.08999633789062,105.72000122070312,102.43000030517578,102.91999816894531,17961400
2023-07-07,XOM,101.91999816894531,104.0,101.55999755859375,103.16000366210938,21929200
2023-07-10,XOM,102.97000122070312,104.75,102.75,104.69000244140625,14877600
2023-07-11,XOM,105.26000213623047,106.16000366210938,104.80999755859375,105.97000122070312,12576500
2023-07-12,XOM,107.0,107.6500015258789,106.12999725341797,106.48999786376953,13238200
2023-07-13,XOM,105.97000122070312,106.2300033569336,103.31999969482422,104.54000091552734,26826800
2023-07-14,XOM,104.05000305175781,104.05000305175781,100.52999877929688,100.94000244140625,28181900
2023-07-17,XOM,100.72000122070312,101.66999816894531,100.22000122070312,101.37999725341797,18051300
2023-07-18,XOM,100.91999816894531,102.19999694824219,100.33999633789062,100.91999816894531,24617800
2023-07-19,XOM,101.05000305175781,102.4000015258789,100.80000305175781,101.62000274658203,15556500
2023-07-20,XOM,102.54000091552734,103.66000366210938,102.36000061035156,103.41000366210938,15740200
2023-07-21,XOM,104.16000366210938,104.37999725341797,103.26000213623047,103.88999938964844,17121500
2023-07-24,XOM,104.36000061035156,106.16000366210938,103.95999908447266,105.5199966430664,15090900
2023-07-25,XOM,105.05999755859375,106.08999633789062,104.54000091552734,105.68000030517578,14116100
2023-07-26,XOM,105.11000061035156,105.72000122070312,104.63999938964844,105.08999633789062,15159600
2023-07-27,XOM,106.0,106.98999786376953,104.73999786376953,105.41999816894531,17677900
2023-07-28,XOM,105.11000061035156,105.16000366210938,102.31999969482422,104.16000366210938,17566400
2023-07-31,XOM,105.19000244140625,107.86000061035156,105.19000244140625,107.23999786376953,24197000
2023-08-01,XOM,106.94999694824219,107.31999969482422,105.52999877929688,106.62000274658203,14177400
2023-08-02,XOM,106.26000213623047,106.37999725341797,104.56999969482422,105.29000091552734,13484100
2023-08-03,XOM,105.88999938964844,107.87999725341797,105.30000305175781,107.12000274658203,16280400
2023-08-04,XOM,107.95999908447266,109.23999786376953,107.33000183105469,107.41999816894531,14279600
2023-08-07,XOM,107.9000015258789,108.41999816894531,106.51000213623047,107.19999694824219,12410800
2023-08-08,XOM,106.04000091552734,107.75,104.83999633789062,107.7300033569336,14065600
2023-08-09,XOM,108.70999908447266,110.41999816894531,108.30999755859375,109.55999755859375,19919600
2023-08-10,XOM,110.19000244140625,111.62999725341797,109.44000244140625,110.12000274658203,15837200
2023-08-11,XOM,110.37000274658203,112.06999969482422,110.05000305175781,111.83000183105469,14047000
2023-08-14,XOM,111.68000030517578,111.9800033569336,110.77999877929688,111.91999816894531,12973400
2023-08-15,XOM,110.75,110.86000061035156,107.97000122070312,108.16000366210938,14909600
2023-08-16,XOM,108.27999877929688,109.33000183105469,106.27999877929688,106.33999633789062,13695100
2023-08-17,XOM,107.41999816894531,110.1500015258789,107.41999816894531,108.4000015258789,16709500
2023-08-18,XOM,107.63999938964844,110.19999694824219,107.62000274658203,110.04000091552734,16224000
2023-08-21,XOM,110.36000061035156,110.9800033569336,108.13999938964844,108.70999908447266,11092400
2023-08-22,XOM,109.16999816894531,109.72000122070312,107.94999694824219,108.0999984741211,10518800
2023-08-23,XOM,107.04000091552734,107.30000305175781,105.72000122070312,107.1500015258789,11435600
2023-08-24,XOM,106.41999816894531,107.7699966430664,106.06999969482422,106.3499984741211,10818500
2023-08-25,XOM,107.43000030517578,108.93000030517578,106.62000274658203,108.25,13579300
2023-08-28,XOM,108.44999694824219,110.04000091552734,108.44000244140625,109.16000366210938,10382100
2023-08-29,XOM,109.66000366210938,110.0199966430664,108.41999816894531,109.80999755859375,9665000
2023-08-30,XOM,110.44000244140625,111.13999938964844,109.9800033569336,110.87999725341797,11922100
2023-08-31,XOM,111.12000274658203,111.41999816894531,110.62000274658203,111.19000244140625,17479800
2023-09-01,XOM,112.19999694824219,113.81999969482422,112.19999694824219,113.5199966430664,14843500
2023-09-05,XOM,114.0999984741211,115.83000183105469,113.5,113.52999877929688,18304000
2023-09-06,XOM,113.4800033569336,114.58999633789062,113.2300033569336,114.51000213623047,13325500
2023-09-07,XOM,114.6500015258789,115.8499984741211,113.69999694824219,113.94999694824219,13248500
2023-09-08,XOM,114.52999877929688,116.05000305175781,114.31999969482422,115.61000061035156,14283200
2023-09-11,XOM,116.18000030517578,116.68000030517578,113.56999969482422,114.16000366210938,14383600
2023-09-12,XOM,115.33999633789062,117.66999816894531,115.2699966430664,117.48999786376953,20145800
2023-09-13,XOM,117.41000366210938,117.95999908447266,115.9000015258789,116.44000244140625,13472800
2023-09-14,XOM,117.55000305175781,118.66000366210938,117.33000183105469,118.5199966430664,15210700
2023-09-15,XOM,117.9000015258789,118.51000213623047,116.5,116.69999694824219,34568400
2023-09-18,XOM,117.52999877929688,118.23999786376953,116.69999694824219,117.63999938964844,14045300
2023-09-19,XOM,118.62000274658203,118.83999633789062,116.61000061035156,117.33000183105469,12562900
2023-09-20,XOM,116.54000091552734,118.0199966430664,116.31999969482422,116.4000015258789,11879900
2023-09-21,XOM,116.9800033569336,117.37000274658203,114.5999984741211,114.76000213623047,14400600
2023-09-22,XOM,115.70999908447266,116.68000030517578,114.80999755859375,114.94000244140625,13197300
2023-09-25,XOM,115.08999633789062,116.6500015258789,114.83000183105469,116.2300033569336,11316000
2023-09-26,XOM,115.5,116.7300033569336,115.37000274658203,116.41000366210938,11805400
2023-09-27,XOM,117.88999938964844,120.5,117.4000015258789,120.19999694824219,23976200
2023-09-28,XOM,119.9800033569336,120.69999694824219,118.19000244140625,119.47000122070312,16808100
2023-09-29,XOM,119.0999984741211,119.18000030517578,116.7300033569336,117.58000183105469,18813600
2023-10-02,XOM,117.52999877929688,117.79000091552734,114.55000305175781,115.62999725341797,14395000
2023-10-03,XOM,115.44000244140625,116.44000244140625,115.02999877929688,115.83000183105469,13297100
2023-10-04,XOM,114.05000305175781,114.08999633789062,110.5,111.5,19622200
2023-10-05,XOM,109.80000305175781,110.9000015258789,108.69999694824219,108.98999786376953,20128800
2023-10-06,XOM,105.7300033569336,108.2699966430664,105.11000061035156,107.16999816894531,25367500
2023-10-09,XOM,110.44000244140625,112.06999969482422,109.5199966430664,110.91999816894531,22369900
2023-10-10,XOM,111.0199966430664,111.44999694824219,110.12000274658203,110.44999694824219,13892000
2023-10-11,XOM,106.95999908447266,107.16999816894531,104.83000183105469,106.48999786376953,57939000
2023-10-12,XOM,107.58999633789062,107.83999633789062,106.08999633789062,106.47000122070312,31183000
2023-10-13,XOM,108.02999877929688,110.19999694824219,107.83999633789062,109.87000274658203,30276500
2023-10-16,XOM,110.5,110.68000030517578,109.12999725341797,109.94999694824219,18452000
2023-10-17,XOM,109.7300033569336,111.80000305175781,109.68000030517578,111.38999938964844,19775400
2023-10-18,XOM,111.81999969482422,113.38999938964844,111.69999694824219,112.94999694824219,23380300
2023-10-19,XOM,112.72000122070312,113.97000122070312,111.33000183105469,113.0199966430664,20972500
2023-10-20,XOM,112.91999816894531,113.31999969482422,110.79000091552734,111.08000183105469,22445300
2023-10-23,XOM,110.62999725341797,110.95999908447266,108.68000030517578,109.44999694824219,18185000
2023-10-24,XOM,109.69999694824219,109.81999969482422,108.12000274658203,108.38999938964844,16786100
2023-10-25,XOM,108.5199966430664,109.5,108.12999725341797,108.58999633789062,22047300
2023-10-26,XOM,107.44999694824219,108.33999633789062,106.5,107.5999984741211,18768300
2023-10-27,XOM,108.88999938964844,109.86000061035156,104.95999908447266,105.55000305175781,23092000
2023-10-30,XOM,105.73999786376953,106.41999816894531,105.20999908447266,105.87999725341797,19379900
2023-10-31,XOM,105.58000183105469,106.16000366210938,104.54000091552734,105.8499984741211,22185200
2023-11-01,XOM,106.52999877929688,107.16999816894531,105.45999908447266,105.63999938964844,28984900
2023-11-02,XOM,105.87999725341797,109.19000244140625,105.5,109.11000061035156,25212700
2023-11-03,XOM,108.4000015258789,108.77999877929688,106.54000091552734,107.77999877929688,30555600
2023-11-06,XOM,108.16999816894531,108.2699966430664,105.7699966430664,105.87000274658203,19097300
2023-11-07,XOM,104.47000122070312,104.86000061035156,103.29000091552734,104.20999908447266,20272500
2023-11-08,XOM,103.7300033569336,104.9000015258789,102.88999938964844,102.93000030517578,19184100
2023-11-09,XOM,103.66999816894531,103.97000122070312,102.86000061035156,102.95999908447266,18380500
2023-11-10,XOM,103.93000030517578,104.41000366210938,102.91000366210938,103.75,17825500
2023-11-13,XOM,104.05000305175781,105.13999938964844,103.80999755859375,104.83999633789062,15308400
2023-11-14,XOM,104.30000305175781,104.81999969482422,103.87000274658203,104.29000091552734,18260500
2023-11-15,XOM,103.95999908447266,105.1500015258789,103.5,103.66000366210938,20137600
2023-11-16,XOM,102.9000015258789,103.2699966430664,101.1500015258789,102.45999908447266,22469100
2023-11-17,XOM,103.05999755859375,105.43000030517578,102.75,104.95999908447266,22984900
2023-11-20,XOM,105.37999725341797,105.87999725341797,104.43000030517578,104.5,17458800
2023-11-21,XOM,104.20999908447266,104.69999694824219,103.22000122070312,104.45999908447266,14989000
2023-11-22,XOM,102.58000183105469,104.12000274658203,101.94000244140625,104.01000213623047,18072000
2023-11-24,XOM,104.0199966430664,105.47000122070312,103.91000366210938,104.56999969482422,9480800
2023-11-27,XOM,104.0999984741211,104.4000015258789,103.18000030517578,103.95999908447266,18013500
2023-11-28,XOM,104.23999786376953,104.91000366210938,103.87999725341797,103.9000015258789,20629500
2023-11-29,XOM,104.2699966430664,104.58000183105469,101.63999938964844,102.33999633789062,26802100
2023-11-30,XOM,103.11000061035156,104.4800033569336,101.80999755859375,102.73999786376953,29254700
2023-12-01,XOM,102.5,104.22000122070312,102.22000122070312,102.98999786376953,17845300
2023-12-04,XOM,102.12999725341797,103.36000061035156,101.58999633789062,102.43000030517578,21523900
2023-12-05,XOM,102.2699966430664,102.33999633789062,100.29000091552734,100.44000244140625,22250300
2023-12-06,XOM,100.0,100.72000122070312,98.33999633789062,99.11000061035156,31154800
2023-12-07,XOM,99.86000061035156,100.83999633789062,98.08999633789062,98.41999816894531,29990700
2023-12-08,XOM,99.0199966430664,99.79000091552734,98.75,99.55000305175781,22074900
2023-12-11,XOM,99.80000305175781,99.86000061035156,98.58000183105469,99.62000274658203,22252300
2023-12-12,XOM,98.68000030517578,98.68000030517578,97.4800033569336,98.05000305175781,26084000
2023-12-13,XOM,98.04000091552734,99.02999877929688,97.66000366210938,98.91999816894531,19915400
2023-12-14,XOM,99.8499984741211,102.13999938964844,99.72000122070312,101.58000183105469,26165700
2023-12-15,XOM,100.58999633789062,101.0,100.30999755859375,100.9000015258789,55527000
2023-12-18,XOM,102.12999725341797,103.11000061035156,101.5199966430664,101.6500015258789,21610400
2023-12-19,XOM,102.0,103.19000244140625,101.79000091552734,102.98999786376953,18904700
2023-12-20,XOM,103.5,103.94000244140625,101.12999725341797,101.2699966430664,20988900
2023-12-21,XOM,101.47000122070312,102.01000213623047,100.80999755859375,101.7300033569336,19250900
2023-12-22,XOM,102.30999755859375,102.94000244140625,101.81999969482422,101.91000366210938,12927800
2023-12-26,XOM,102.73999786376953,103.02999877929688,102.12000274658203,102.13999938964844,16835100
2023-12-27,XOM,102.04000091552734,102.55000305175781,101.33999633789062,101.66000366210938,14558800
2023-12-28,XOM,101.38999938964844,101.61000061035156,100.12999725341797,100.19000244140625,16329300
2023-12-29,XOM,100.37000274658203,100.58999633789062,99.62000274658203,99.9800033569336,17746400
2024-01-02,XOM,100.91999816894531,103.0999984741211,100.8499984741211,102.36000061035156,23483000
2024-01-03,XOM,102.2699966430664,103.62000274658203,101.66000366210938,103.22000122070312,23490800
2024-01-04,XOM,104.08000183105469,104.56999969482422,102.05000305175781,102.31999969482422,19395200
2024-01-05,XOM,103.16999816894531,103.4000015258789,102.12999725341797,102.62999725341797,15827400
2024-01-08,XOM,100.7300033569336,101.04000091552734,98.9000015258789,100.91999816894531,23370100
2024-01-09,XOM,101.29000091552734,101.29000091552734,99.19000244140625,99.66999816894531,19496600
2024-01-10,XOM,99.80000305175781,99.80000305175781,98.16000366210938,98.69000244140625,18206100
2024-01-11,XOM,99.04000091552734,99.5,98.55999755859375,98.66999816894531,15833400
2024-01-12,XOM,100.13999938964844,100.6500015258789,99.16999816894531,99.94999694824219,18041700
2024-01-16,XOM,99.81999969482422,100.01000213623047,97.52999877929688,97.69000244140625,20235700
2024-01-17,XOM,96.5999984741211,97.95999908447266,96.58000183105469,96.9800033569336,18384000
2024-01-18,XOM,97.0,97.08999633789062,95.81999969482422,96.80000305175781,20940300
2024-01-19,XOM,96.72000122070312,97.0199966430664,96.41000366210938,96.94999694824219,20088400
2024-01-22,XOM,96.69999694824219,97.0999984741211,95.7699966430664,96.81999969482422,19955900
2024-01-23,XOM,96.80999755859375,98.5,96.7300033569336,97.91000366210938,15863400
2024-01-24,XOM,98.31999969482422,99.6500015258789,97.73999786376953,99.5999984741211,17330600
2024-01-25,XOM,100.30999755859375,102.18000030517578,99.62000274658203,102.12999725341797,22089500
2024-01-26,XOM,101.97000122070312,103.08000183105469,101.19000244140625,103.0,20817200
2024-01-29,XOM,102.9800033569336,103.19999694824219,101.86000061035156,103.12999725341797,18317500
2024-01-30,XOM,102.41000366210938,104.87999725341797,102.0999984741211,104.8499984741211,19610900
2024-01-31,XOM,104.73999786376953,104.87999725341797,102.7699966430664,102.80999755859375,22415300
2024-02-01,XOM,103.56999969482422,104.01000213623047,101.62000274658203,102.38999938964844,19240700
2024-02-02,XOM,103.75,104.0,101.61000061035156,101.97000122070312,21973400
2024-02-05,XOM,101.44999694824219,102.37999725341797,100.5,101.55000305175781,17190900
2024-02-06,XOM,102.06999969482422,103.04000091552734,101.56999969482422,102.25,13347900
2024-02-07,XOM,102.25,102.7300033569336,101.18000030517578,102.22000122070312,13826800
2024-02-08,XOM,102.33999633789062,104.41999816894531,102.11000061035156,103.97000122070312,19636900
2024-02-09,XOM,104.0999984741211,104.83999633789062,101.69999694824219,101.7699966430664,20410500
2024-02-12,XOM,102.16000366210938,103.4000015258789,102.0,103.16999816894531,18173100
2024-02-13,XOM,102.76000213623047,103.08999633789062,100.5999984741211,101.33999633789062,18917400
2024-02-14,XOM,101.87000274658203,102.62000274658203,100.41999816894531,100.83999633789062,17651300
2024-02-15,XOM,100.5999984741211,103.94000244140625,100.5999984741211,103.7300033569336,23196300
2024-02-16,XOM,104.01000213623047,104.62999725341797,103.5199966430664,103.7300033569336,20151400
2024-02-20,XOM,103.83999633789062,104.12000274658203,102.6500015258789,102.75,17650000
2024-02-21,XOM,103.0199966430664,104.9800033569336,102.98999786376953,104.8499984741211,20991300
2024-02-22,XOM,104.16000366210938,105.41000366210938,103.44999694824219,104.76000213623047,20470700
2024-02-23,XOM,103.87999725341797,104.08999633789062,102.87999725341797,103.83999633789062,15975900
2024-02-26,XOM,103.72000122070312,104.94000244140625,103.05000305175781,104.25,13360800
2024-02-27,XOM,104.68000030517578,105.1500015258789,103.8499984741211,104.02999877929688,16360000
2024-02-28,XOM,104.47000122070312,105.43000030517578,104.0,104.31999969482422,14810500
2024-02-29,XOM,104.68000030517578,105.06999969482422,104.22000122070312,104.5199966430664,17566100
2024-03-01,XOM,105.72000122070312,106.38999938964844,105.37999725341797,105.83999633789062,18460100
2024-03-04,XOM,105.66000366210938,105.8499984741211,104.02999877929688,104.36000061035156,18138000
2024-03-05,XOM,104.52999877929688,106.2699966430664,104.31999969482422,105.63999938964844,19952700
2024-03-06,XOM,106.62000274658203,107.56999969482422,106.1500015258789,106.7699966430664,20472800
2024-03-07,XOM,106.5999984741211,107.9800033569336,106.5999984741211,107.37000274658203,15195400
2024-03-08,XOM,107.2300033569336,108.4000015258789,106.7699966430664,108.37999725341797,16281500
2024-03-11,XOM,108.25,109.12000274658203,107.33999633789062,109.0199966430664,17577300
2024-03-12,XOM,109.05999755859375,109.27999877929688,108.02999877929688,108.31999969482422,14957200
2024-03-13,XOM,109.13999938964844,110.3499984741211,109.11000061035156,109.52999877929688,17122200
2024-03-14,XOM,109.83000183105469,111.55000305175781,109.69000244140625,111.47000122070312,22121000
2024-03-15,XOM,110.8499984741211,112.30000305175781,110.8499984741211,111.2699966430664,38264400
2024-03-18,XOM,111.79000091552734,112.86000061035156,111.0999984741211,112.30000305175781,16770500
2024-03-19,XOM,112.22000122070312,113.48999786376953,112.05999755859375,113.08999633789062,14878800
2024-03-20,XOM,112.72000122070312,113.4000015258789,112.12999725341797,112.98999786376953,16119700
2024-03-21,XOM,112.91999816894531,113.91000366210938,112.56999969482422,113.48999786376953,14878000
2024-03-22,XOM,113.4800033569336,113.69000244140625,112.81999969482422,113.48999786376953,14701900
2024-03-25,XOM,113.83000183105469,115.77999877929688,113.83000183105469,114.6500015258789,14011700
2024-03-26,XOM,114.66000366210938,114.9800033569336,113.41000366210938,113.79000091552734,13152300
2024-03-27,XOM,113.4800033569336,115.05999755859375,113.41000366210938,114.97000122070312,12415700
2024-03-28,XOM,115.52999877929688,116.44999694824219,115.05999755859375,116.23999786376953,18482100
2024-04-01,XOM,116.41000366210938,117.23999786376953,115.37999725341797,116.98999786376953,13817000
2024-04-02,XOM,117.91999816894531,119.5999984741211,117.33000183105469,119.27999877929688,19919600
2024-04-03,XOM,119.4800033569336,119.75,118.7300033569336,119.30000305175781,16504300
2024-04-04,XOM,119.05000305175781,119.87999725341797,118.63999938964844,119.72000122070312,18467400
2024-04-05,XOM,119.9800033569336,122.1500015258789,119.63999938964844,121.37000274658203,21720600
2024-04-08,XOM,121.08000183105469,121.73999786376953,120.20999908447266,120.55000305175781,17513900
2024-04-09,XOM,121.0,121.6500015258789,120.33999633789062,121.18000030517578,14132300
2024-04-10,XOM,121.22000122070312,122.47000122070312,120.7300033569336,122.19999694824219,17409200
2024-04-11,XOM,122.69000244140625,122.69000244140625,120.33999633789062,121.79000091552734,17555900
2024-04-12,XOM,122.94999694824219,123.75,119.66999816894531,120.37000274658203,21556200
2024-04-15,XOM,121.08999633789062,121.69000244140625,119.44999694824219,119.68000030517578,15029500
2024-04-16,XOM,119.55999755859375,120.22000122070312,117.91999816894531,118.69000244140625,18082200
2024-04-17,XOM,118.55000305175781,119.3499984741211,117.12000274658203,118.62999725341797,14538600
2024-04-18,XOM,119.0,119.72000122070312,117.97000122070312,118.5199966430664,13821400
2024-04-19,XOM,119.16000366210938,120.93000030517578,118.94999694824219,119.87999725341797,21572400
2024-04-22,XOM,119.26000213623047,121.56999969482422,118.43000030517578,120.55999755859375,16340700
2024-04-23,XOM,120.0,121.05999755859375,119.44999694824219,121.02999877929688,13929800
2024-04-24,XOM,120.30000305175781,121.26000213623047,119.38999938964844,121.05000305175781,12101200
2024-04-25,XOM,121.02999877929688,121.76000213623047,119.4000015258789,121.33000183105469,16041000
2024-04-26,XOM,119.0,119.0999984741211,116.22000122070312,117.95999908447266,27289500
2024-04-29,XOM,117.76000213623047,120.05000305175781,117.76000213623047,119.63999938964844,17309900
2024-04-30,XOM,119.11000061035156,120.19999694824219,117.9800033569336,118.2699966430664,21083300
2024-05-01,XOM,118.27999877929688,118.47000122070312,115.66000366210938,116.02999877929688,27777700
2024-05-02,XOM,116.26000213623047,117.26000213623047,115.9000015258789,116.23999786376953,25513600
2024-05-03,XOM,116.0,116.06999969482422,114.12999725341797,116.0,28023300
2024-05-06,XOM,116.66999816894531,118.33999633789062,116.4000015258789,116.75,31401300
2024-05-07,XOM,117.27999877929688,117.58000183105469,115.93000030517578,116.16999816894531,30122000
2024-05-08,XOM,115.70999908447266,116.94999694824219,115.41000366210938,116.1500015258789,18957200
2024-05-09,XOM,116.19999694824219,118.52999877929688,116.19000244140625,118.44000244140625,17564000
2024-05-10,XOM,118.54000091552734,118.66000366210938,117.58000183105469,117.95999908447266,13648100
2024-05-13,XOM,118.41999816894531,119.04000091552734,117.12000274658203,117.91000366210938,15060600
2024-05-14,XOM,116.79000091552734,117.73999786376953,116.4800033569336,117.66999816894531,15079100
2024-05-15,XOM,117.61000061035156,118.83999633789062,116.08000183105469,118.58000183105469,18244300
2024-05-16,XOM,118.54000091552734,119.30000305175781,117.54000091552734,117.87000274658203,15745200
2024-05-17,XOM,118.30000305175781,119.83000183105469,117.95999908447266,119.63999938964844,15104500
2024-05-20,XOM,119.7300033569336,119.88999938964844,118.55000305175781,118.66999816894531,11551300
2024-05-21,XOM,118.4000015258789,119.44999694824219,117.77999877929688,117.8499984741211,14495000
2024-05-22,XOM,117.45999908447266,117.45999908447266,114.95999908447266,115.4800033569336,17879300
2024-05-23,XOM,115.5999984741211,117.51000213623047,113.36000061035156,113.51000213623047,15979800
2024-05-24,XOM,114.83999633789062,115.08000183105469,113.04000091552734,113.41999816894531,12212900
2024-05-28,XOM,113.5199966430664,115.11000061035156,113.06999969482422,114.86000061035156,13978300
2024-05-29,XOM,114.52999877929688,114.55000305175781,112.80999755859375,113.62999725341797,13902000
2024-05-30,XOM,113.2699966430664,114.12999725341797,112.95999908447266,113.98999786376953,14683700
2024-05-31,XOM,114.12000274658203,117.48999786376953,113.98999786376953,117.26000213623047,29037400
2024-06-03,XOM,116.30000305175781,116.36000061035156,113.76000213623047,114.44999694824219,19589300
2024-06-04,XOM,113.0,113.08999633789062,110.91999816894531,112.66999816894531,19412200
2024-06-05,XOM,112.88999938964844,113.19000244140625,111.4800033569336,113.12000274658203,14863500
2024-06-06,XOM,112.75,114.04000091552734,112.11000061035156,113.97000122070312,13154100
2024-06-07,XOM,113.79000091552734,114.9000015258789,112.66999816894531,112.75,13289200
2024-06-10,XOM,113.05999755859375,114.22000122070312,112.69999694824219,113.08000183105469,15239700
2024-06-11,XOM,112.48999786376953,112.66999816894531,111.30999755859375,112.16999816894531,12462400
2024-06-12,XOM,113.30000305175781,113.30000305175781,110.54000091552734,110.93000030517578,13606800
2024-06-13,XOM,110.83999633789062,110.86000061035156,109.72000122070312,110.04000091552734,14466900
2024-06-14,XOM,110.0199966430664,110.20999908447266,108.58999633789062,109.11000061035156,13313400
2024-06-17,XOM,109.16999816894531,109.45999908447266,108.18000030517578,108.36000061035156,21147900
2024-06-18,XOM,109.02999877929688,110.72000122070312,108.80000305175781,109.37999725341797,17762900
2024-06-20,XOM,109.91000366210938,112.62000274658203,109.58999633789062,111.73999786376953,17433200
2024-06-21,XOM,111.9000015258789,112.69999694824219,110.76000213623047,110.76000213623047,52212500
2024-06-24,XOM,111.63999938964844,114.52999877929688,111.63999938964844,114.05000305175781,16266700
2024-06-25,XOM,114.11000061035156,114.55000305175781,113.45999908447266,114.37000274658203,14188900
2024-06-26,XOM,114.38999938964844,114.81999969482422,113.13999938964844,114.41000366210938,15771800
2024-06-27,XOM,114.98999786376953,114.98999786376953,114.11000061035156,114.9000015258789,16812700
2024-06-28,XOM,115.86000061035156,116.54000091552734,114.68000030517578,115.12000274658203,24565900
2024-07-01,XOM,115.70999908447266,116.73999786376953,114.52999877929688,114.95999908447266,11972900
2024-07-02,XOM,115.9000015258789,115.94000244140625,113.48999786376953,114.18000030517578,13326700
2024-07-03,XOM,114.2699966430664,115.66000366210938,114.2699966430664,114.76000213623047,7732900
2024-07-05,XOM,114.61000061035156,114.62999725341797,112.69000244140625,113.37000274658203,12631000
2024-07-08,XOM,112.38999938964844,113.55000305175781,111.41999816894531,112.18000030517578,13350500
2024-07-09,XOM,111.11000061035156,112.54000091552734,110.62000274658203,110.94000244140625,11727000
2024-07-10,XOM,110.91999816894531,111.95999908447266,110.41999816894531,111.91999816894531,10004100
2024-07-11,XOM,111.43000030517578,113.31999969482422,110.93000030517578,113.25,13082700
2024-07-12,XOM,113.98999786376953,114.1500015258789,112.62999725341797,113.2699966430664,11684900
2024-07-15,XOM,114.2699966430664,116.16000366210938,113.58000183105469,115.20999908447266,13032500
2024-07-16,XOM,114.3499984741211,116.3499984741211,113.70999908447266,116.04000091552734,13614100
2024-07-17,XOM,116.73999786376953,118.18000030517578,116.55000305175781,117.63999938964844,13602800
2024-07-18,XOM,117.94999694824219,119.91999816894531,117.44000244140625,118.80000305175781,13033600
2024-07-19,XOM,118.58999633789062,118.87999725341797,115.87000274658203,116.06999969482422,16157700
2024-07-22,XOM,115.18000030517578,115.94000244140625,114.58000183105469,115.2699966430664,12065900
2024-07-23,XOM,114.80999755859375,115.16999816894531,113.16999816894531,113.41000366210938,11251700
2024-07-24,XOM,113.7699966430664,115.19999694824219,113.06999969482422,115.01000213623047,14925200
2024-07-25,XOM,115.16999816894531,118.02999877929688,114.55999755859375,117.43000030517578,17021700
2024-07-26,XOM,116.7699966430664,118.02999877929688,116.47000122070312,117.33000183105469,11252500
2024-07-29,XOM,117.31999969482422,117.38999938964844,115.37999725341797,116.0999984741211,8861800
2024-07-30,XOM,116.36000061035156,118.5999984741211,116.2300033569336,118.16999816894531,12483900
2024-07-31,XOM,119.63999938964844,119.76000213623047,118.55999755859375,118.58999633789062,15137700
2024-08-01,XOM,118.3499984741211,119.48999786376953,116.36000061035156,116.94999694824219,15051500
2024-08-02,XOM,115.97000122070312,118.87000274658203,115.41999816894531,116.87999725341797,20403800
2024-08-05,XOM,115.54000091552734,116.02999877929688,113.25,114.7699966430664,18025900
2024-08-06,XOM,114.44999694824219,115.62999725341797,113.62999725341797,114.16000366210938,13647800
2024-08-07,XOM,115.44999694824219,117.12000274658203,115.26000213623047,115.68000030517578,13660700
2024-08-08,XOM,116.08000183105469,118.11000061035156,115.7300033569336,117.88999938964844,13851000
2024-08-09,XOM,117.88999938964844,119.30999755859375,117.36000061035156,118.8499984741211,12151900
2024-08-12,XOM,119.55000305175781,120.16999816894531,118.0199966430664,119.0,13228900
2024-08-13,XOM,118.27999877929688,118.51000213623047,117.5,117.86000061035156,11585100
2024-08-14,XOM,118.0999984741211,119.9000015258789,117.62999725341797,118.94999694824219,12194500
2024-08-15,XOM,118.25,119.62999725341797,118.12000274658203,118.7300033569336,11579400
2024-08-16,XOM,117.98999786376953,118.4800033569336,117.66000366210938,118.16999816894531,10056000
2024-08-19,XOM,118.4000015258789,120.5,118.16999816894531,118.52999877929688,12417500
2024-08-20,XOM,118.6500015258789,118.6500015258789,114.51000213623047,114.58000183105469,15632000
2024-08-21,XOM,115.01000213623047,115.56999969482422,113.76000213623047,113.8499984741211,11752400
2024-08-22,XOM,113.77999877929688,115.01000213623047,113.63999938964844,114.7300033569336,10609500
2024-08-23,XOM,115.02999877929688,116.72000122070312,115.02999877929688,116.31999969482422,10381400
2024-08-26,XOM,117.76000213623047,118.94000244140625,116.91999816894531,118.80999755859375,13671000
2024-08-27,XOM,118.95999908447266,119.41000366210938,117.4000015258789,117.68000030517578,9991600
2024-08-28,XOM,117.0,117.58000183105469,116.26000213623047,116.5199966430664,10742900
2024-08-29,XOM,117.19999694824219,118.79000091552734,116.3499984741211,118.12999725341797,10753900
2024-08-30,XOM,116.79000091552734,118.0199966430664,116.29000091552734,117.94000244140625,13284700
2024-09-03,XOM,115.83999633789062,116.08999633789062,114.04000091552734,115.47000122070312,15725100
2024-09-04,XOM,115.29000091552734,116.1500015258789,113.9800033569336,114.05999755859375,12620600
2024-09-05,XOM,115.06999969482422,115.27999877929688,113.06999969482422,113.16999816894531,17200800
2024-09-06,XOM,113.58999633789062,114.18000030517578,111.7300033569336,112.63999938964844,13467700
2024-09-09,XOM,112.87000274658203,116.1500015258789,112.66000366210938,115.01000213623047,21645300
2024-09-10,XOM,115.0999984741211,115.4000015258789,110.16999816894531,110.81999969482422,20913400
2024-09-11,XOM,110.77999877929688,110.94999694824219,107.7699966430664,109.72000122070312,19571900
2024-09-12,XOM,109.9000015258789,111.33000183105469,109.76000213623047,111.2300033569336,15919500
2024-09-13,XOM,111.47000122070312,112.47000122070312,110.93000030517578,111.1500015258789,10035400
2024-09-16,XOM,112.05000305175781,113.08999633789062,111.69000244140625,112.70999908447266,11729000
2024-09-17,XOM,112.31999969482422,114.37000274658203,112.12000274658203,114.18000030517578,12202600
2024-09-18,XOM,114.11000061035156,115.62999725341797,113.80999755859375,114.58000183105469,12569900
2024-09-19,XOM,116.16000366210938,117.58000183105469,115.19000244140625,116.0,12660600
2024-09-20,XOM,115.45999908447266,115.51000213623047,114.25,115.2699966430664,36206200
2024-09-23,XOM,115.33000183105469,117.79000091552734,115.12000274658203,117.36000061035156,16066300
2024-09-24,XOM,117.83999633789062,118.16000366210938,116.83000183105469,117.05000305175781,11984900
2024-09-25,XOM,116.48999786376953,117.05000305175781,114.04000091552734,114.7699966430664,13816000
2024-09-26,XOM,111.13999938964844,113.4800033569336,111.13999938964844,112.80000305175781,16887900
2024-09-27,XOM,113.76000213623047,116.08999633789062,113.25,115.81999969482422,15964000
2024-09-30,XOM,115.45999908447266,117.38999938964844,114.95999908447266,117.22000122070312,13247600
2024-10-01,XOM,116.04000091552734,120.5999984741211,115.93000030517578,119.93000030517578,23235900
2024-10-02,XOM,121.93000030517578,122.81999969482422,120.19999694824219,121.5199966430664,17129700
2024-10-03,XOM,121.9000015258789,123.16999816894531,120.93000030517578,122.58000183105469,16524300
2024-10-04,XOM,123.19999694824219,125.19000244140625,122.43000030517578,124.83000183105469,19752300
2024-10-07,XOM,125.25,126.33999633789062,124.86000061035156,125.37000274658203,15714400
2024-10-08,XOM,123.87999725341797,124.0199966430664,121.26000213623047,122.04000091552734,14818500
2024-10-09,XOM,120.9000015258789,122.58000183105469,120.80000305175781,122.08999633789062,11144900
2024-10-10,XOM,123.16000366210938,123.69999694824219,122.29000091552734,123.13999938964844,10243300
2024-10-11,XOM,123.0999984741211,124.02999877929688,122.94000244140625,123.61000061035156,8294800
2024-10-14,XOM,123.23999786376953,124.26000213623047,122.62000274658203,124.08000183105469,9808100
2024-10-15,XOM,120.81999969482422,121.94999694824219,119.77999877929688,120.3499984741211,15771300
2024-10-16,XOM,120.88999938964844,121.44000244140625,120.5999984741211,120.66000366210938,8426800
2024-10-17,XOM,120.76000213623047,121.58000183105469,119.70999908447266,120.3499984741211,11204900
2024-10-18,XOM,120.44000244140625,120.63999938964844,119.1500015258789,120.01000213623047,12898600
2024-10-21,XOM,120.9800033569336,121.4800033569336,119.72000122070312,120.08000183105469,10177800
2024-10-22,XOM,120.26000213623047,121.19000244140625,119.94000244140625,120.69999694824219,9201400
2024-10-23,XOM,119.97000122070312,120.75,119.4000015258789,120.2699966430664,8320300
2024-10-24,XOM,120.0,120.44000244140625,119.12999725341797,119.58999633789062,9905600
2024-10-25,XOM,120.19999694824219,120.43000030517578,119.31999969482422,119.48999786376953,10714600
2024-10-28,XOM,116.79000091552734,119.01000213623047,116.7699966430664,118.9000015258789,11844500
2024-10-29,XOM,118.58000183105469,119.16999816894531,117.06999969482422,117.27999877929688,14731000
2024-10-30,XOM,117.66000366210938,118.2699966430664,116.4800033569336,116.69000244140625,12303700
2024-10-31,XOM,117.1500015258789,118.66999816894531,116.68000030517578,116.77999877929688,20512000
2024-11-01,XOM,119.93000030517578,119.94999694824219,114.83999633789062,114.94999694824219,20939300
2024-11-04,XOM,116.06999969482422,118.69999694824219,115.93000030517578,118.61000061035156,14965400
2024-11-05,XOM,119.08000183105469,119.20999908447266,118.01000213623047,118.95999908447266,10436700
2024-11-06,XOM,121.1500015258789,121.91000366210938,119.30000305175781,121.0,20807700
2024-11-07,XOM,121.30000305175781,121.5,119.61000061035156,121.1500015258789,12184400
2024-11-08,XOM,120.9800033569336,121.41999816894531,119.66000366210938,121.11000061035156,12836000
2024-11-11,XOM,121.0,121.62000274658203,120.06999969482422,120.47000122070312,11969700
2024-11-12,XOM,121.12999725341797,121.30999755859375,119.83999633789062,120.3499984741211,11972800
2024-11-13,XOM,120.56999969482422,122.05000305175781,118.80000305175781,121.47000122070312,15127900
2024-11-14,XOM,121.66000366210938,121.87999725341797,120.33000183105469,120.55999755859375,13041800
2024-11-15,XOM,120.4000015258789,121.23999786376953,119.12999725341797,119.30999755859375,19051700
2024-11-18,XOM,119.79000091552734,120.62000274658203,119.2699966430664,120.30999755859375,14239700
2024-11-19,XOM,119.75,119.75,118.19999694824219,118.62999725341797,11584400
2024-11-20,XOM,119.16999816894531,120.47000122070312,118.63999938964844,120.31999969482422,11360900
2024-11-21,XOM,121.08000183105469,122.55000305175781,120.2699966430664,121.93000030517578,14675400
2024-11-22,XOM,121.81999969482422,123.20999908447266,121.63999938964844,121.79000091552734,13323400
2024-11-25,XOM,121.43000030517578,121.87999725341797,119.61000061035156,119.97000122070312,26580300
2024-11-26,XOM,119.52999877929688,119.68000030517578,117.8499984741211,117.97000122070312,14827300
2024-11-27,XOM,118.08999633789062,118.7300033569336,117.43000030517578,117.66000366210938,11079100
2024-11-29,XOM,117.44000244140625,118.5,116.94999694824219,117.95999908447266,9426500
2024-12-02,XOM,118.05000305175781,118.19999694824219,116.81999969482422,117.8499984741211,12687300
2024-12-03,XOM,118.72000122070312,118.72000122070312,117.26000213623047,117.66999816894531,11756600
2024-12-04,XOM,117.5,117.55000305175781,113.86000061035156,114.27999877929688,19520600
2024-12-05,XOM,114.70999908447266,115.62000274658203,114.05999755859375,114.77999877929688,15751200
2024-12-06,XOM,114.54000091552734,114.7699966430664,113.5,113.56999969482422,16171100
2024-12-09,XOM,114.63999938964844,114.94000244140625,112.75,112.9000015258789,17412600
2024-12-10,XOM,113.58999633789062,113.87999725341797,111.75,112.66999816894531,20990900
2024-12-11,XOM,112.0,112.38999938964844,111.11000061035156,111.91999816894531,32392200
2024-12-12,XOM,111.58999633789062,112.37999725341797,110.77999877929688,111.81999969482422,14543300
2024-12-13,XOM,111.9000015258789,111.9000015258789,110.25,110.83999633789062,13106100
2024-12-16,XOM,110.19999694824219,110.4000015258789,108.16000366210938,108.47000122070312,20256100
2024-12-17,XOM,107.23999786376953,108.16999816894531,106.79000091552734,108.01000213623047,17554000
2024-12-18,XOM,107.56999969482422,108.83000183105469,106.30999755859375,106.41999816894531,17114500
2024-12-19,XOM,107.38999938964844,107.66999816894531,105.20999908447266,105.51000213623047,20565600
2024-12-20,XOM,105.44999694824219,106.13999938964844,104.83999633789062,105.87000274658203,40141200
2024-12-23,XOM,105.30999755859375,106.5999984741211,104.91999816894531,106.30000305175781,12285100
2024-12-24,XOM,106.5199966430664,107.19000244140625,105.69999694824219,106.4000015258789,7807000
2024-12-26,XOM,106.5199966430664,107.02999877929688,105.94000244140625,106.48999786376953,9652400
2024-12-27,XOM,106.30000305175781,107.98999786376953,105.7699966430664,106.4800033569336,11943900
2024-12-30,XOM,106.30000305175781,106.55999755859375,105.51000213623047,105.76000213623047,11080800
2024-12-31,XOM,106.16999816894531,107.9000015258789,105.77999877929688,107.56999969482422,12387800
2025-01-02,XOM,108.27999877929688,109.0,106.87999725341797,107.30999755859375,12685400
2025-01-03,XOM,108.0,108.48999786376953,107.45999908447266,107.86000061035156,14237900
2025-01-06,XOM,108.23999786376953,109.77999877929688,107.5199966430664,107.73999786376953,15623700
2025-01-07,XOM,108.94000244140625,110.05999755859375,108.27999877929688,108.75,12625900
2025-01-08,XOM,107.30999755859375,107.70999908447266,106.01000213623047,106.93000030517578,17858100
2025-01-10,XOM,108.69999694824219,110.0999984741211,105.77999877929688,106.54000091552734,19304500
2025-01-13,XOM,107.12999725341797,109.62999725341797,107.12999725341797,109.29000091552734,17073400
2025-01-14,XOM,108.79000091552734,109.76000213623047,107.83000183105469,109.72000122070312,11191200
2025-01-15,XOM,110.05000305175781,111.7300033569336,109.47000122070312,111.51000213623047,14521100
2025-01-16,XOM,111.19000244140625,111.69000244140625,110.55000305175781,111.31999969482422,10366600
2025-01-17,XOM,111.02999877929688,112.87000274658203,110.81999969482422,112.31999969482422,19298500
2025-01-21,XOM,112.05000305175781,112.18000030517578,111.12999725341797,111.47000122070312,20416300
2025-01-22,XOM,111.19999694824219,111.56999969482422,109.4000015258789,109.52999877929688,15718000
2025-01-23,XOM,110.30999755859375,111.13999938964844,109.61000061035156,110.1500015258789,13726800
2025-01-24,XOM,110.23999786376953,110.70999908447266,108.41000366210938,108.66000366210938,14235900
2025-01-27,XOM,109.01000213623047,110.44999694824219,108.38999938964844,110.16999816894531,15926700
2025-01-28,XOM,110.41000366210938,110.87000274658203,107.79000091552734,108.04000091552734,15862000
2025-01-29,XOM,107.70999908447266,108.77999877929688,107.47000122070312,108.66999816894531,12345500
2025-01-30,XOM,109.23999786376953,109.8499984741211,108.69999694824219,109.56999969482422,14346300
2025-01-31,XOM,110.55000305175781,110.55000305175781,106.0999984741211,106.83000183105469,20376500
2025-02-03,XOM,106.63999938964844,107.30000305175781,105.31999969482422,107.08999633789062,14623200
2025-02-04,XOM,106.70999908447266,110.27999877929688,106.52999877929688,109.95999908447266,14835700
2025-02-05,XOM,109.73999786376953,110.01000213623047,109.0999984741211,109.87999725341797,13364400
2025-02-06,XOM,110.7699966430664,111.05000305175781,107.98999786376953,108.43000030517578,13411400
2025-02-07,XOM,108.77999877929688,109.7300033569336,108.31999969482422,108.88999938964844,10051600
2025-02-10,XOM,110.01000213623047,111.02999877929688,109.87999725341797,110.97000122070312,12142200
2025-02-11,XOM,111.5999984741211,112.51000213623047,110.81999969482422,111.66999816894531,12713100
2025-02-12,XOM,110.05000305175781,110.2300033569336,107.18000030517578,107.3499984741211,18244100
2025-02-13,XOM,107.1500015258789,108.41000366210938,106.5199966430664,108.12999725341797,15460000
2025-02-14,XOM,108.5199966430664,110.2300033569336,108.0999984741211,108.23999786376953,15733500
2025-02-18,XOM,108.62999725341797,110.98999786376953,108.31999969482422,110.13999938964844,20060300
2025-02-19,XOM,110.76000213623047,112.12999725341797,110.05999755859375,110.30000305175781,10964700
2025-02-20,XOM,110.56999969482422,112.41999816894531,109.94999694824219,112.0,16325800
2025-02-21,XOM,111.31999969482422,111.8499984741211,110.55999755859375,110.69000244140625,14710000
2025-02-24,XOM,110.93000030517578,111.86000061035156,110.31999969482422,111.2699966430664,13153500
2025-02-25,XOM,111.30000305175781,112.12999725341797,108.88999938964844,109.7300033569336,14497000
2025-02-26,XOM,109.73999786376953,109.87000274658203,108.5199966430664,109.45999908447266,10446400
2025-02-27,XOM,110.01000213623047,111.29000091552734,109.27999877929688,110.1500015258789,15293200
2025-02-28,XOM,110.11000061035156,111.58000183105469,109.33999633789062,111.33000183105469,18821700
2025-03-03,XOM,111.69999694824219,112.16000366210938,106.51000213623047,107.76000213623047,18706900
2025-03-04,XOM,106.36000061035156,108.95999908447266,105.94000244140625,107.54000091552734,19394900
2025-03-05,XOM,105.83999633789062,106.33000183105469,103.66999816894531,105.44000244140625,24822200
2025-03-06,XOM,105.43000030517578,108.11000061035156,104.36000061035156,107.62000274658203,17150200
2025-03-07,XOM,108.41000366210938,110.4000015258789,108.30000305175781,109.0199966430664,19625000
2025-03-10,XOM,109.27999877929688,112.56999969482422,109.08000183105469,111.80000305175781,22749100
2025-03-11,XOM,111.91999816894531,112.0999984741211,108.79000091552734,109.16000366210938,19904700
2025-03-12,XOM,109.05000305175781,110.12999725341797,108.41999816894531,109.12999725341797,14051500
2025-03-13,XOM,108.33000183105469,110.81999969482422,107.62999725341797,108.66999816894531,17767800
2025-03-14,XOM,108.94000244140625,112.18000030517578,108.30999755859375,111.9000015258789,15890100
2025-03-17,XOM,111.80000305175781,114.5,111.7300033569336,113.76000213623047,19908800
2025-03-18,XOM,114.08999633789062,114.54000091552734,112.56999969482422,113.63999938964844,15998700
2025-03-19,XOM,114.19999694824219,115.81999969482422,113.83000183105469,115.41000366210938,17315000
2025-03-20,XOM,114.72000122070312,116.47000122070312,114.20999908447266,115.9000015258789,16230800
2025-03-21,XOM,115.5,115.98999786376953,114.3499984741211,115.5,41102800
2025-03-24,XOM,115.68000030517578,116.91000366210938,115.58000183105469,115.80000305175781,14207500
2025-03-25,XOM,116.43000030517578,117.63999938964844,115.95999908447266,116.58999633789062,12081800
2025-03-26,XOM,117.68000030517578,119.18000030517578,117.68000030517578,118.2699966430664,14110800
2025-03-27,XOM,118.0999984741211,119.06999969482422,117.26000213623047,117.88999938964844,12740800
2025-03-28,XOM,118.0999984741211,118.45999908447266,117.23999786376953,117.7300033569336,10233400
2025-03-31,XOM,117.79000091552734,119.91000366210938,117.79000091552734,118.93000030517578,21652300
2025-04-01,XOM,119.22000122070312,119.27999877929688,117.93000030517578,119.04000091552734,12425400
2025-04-02,XOM,118.38999938964844,118.83999633789062,117.66000366210938,118.66999816894531,12614600
2025-04-03,XOM,114.37000274658203,115.44999694824219,112.2300033569336,112.43000030517578,21204600
2025-04-04,XOM,109.87000274658203,110.83000183105469,103.83000183105469,104.33999633789062,30841300
2025-04-07,XOM,100.38999938964844,105.80000305175781,98.45999908447266,102.94000244140625,35068500
2025-04-08,XOM,105.45999908447266,105.5999984741211,99.01000213623047,100.7699966430664,27147800
2025-04-09,XOM,99.37000274658203,106.58000183105469,98.12999725341797,105.80000305175781,30063300
2025-04-10,XOM,103.70999908447266,103.77999877929688,97.80000305175781,99.93000030517578,33999300
2025-04-11,XOM,100.30000305175781,103.93000030517578,98.79000091552734,103.13999938964844,22884600
2025-04-14,XOM,105.02999877929688,105.08999633789062,102.72000122070312,103.38999938964844,18020000
2025-04-15,XOM,103.63999938964844,105.41000366210938,103.0,103.0999984741211,13164900
2025-04-16,XOM,103.94999694824219,105.58999633789062,103.69999694824219,104.19000244140625,13607000
2025-04-17,XOM,104.69000244140625,108.55000305175781,104.45999908447266,106.91999816894531,17916500
2025-04-21,XOM,105.61000061035156,105.62999725341797,104.12000274658203,105.3499984741211,16926500
2025-04-22,XOM,106.13999938964844,108.94000244140625,106.13999938964844,108.30000305175781,13147000
2025-04-23,XOM,108.80999755859375,109.30000305175781,106.47000122070312,107.37000274658203,14235700
2025-04-24,XOM,107.97000122070312,108.87999725341797,106.95999908447266,108.62999725341797,9849600
2025-04-25,XOM,108.13999938964844,108.76000213623047,107.41999816894531,108.56999969482422,11245800
2025-04-28,XOM,108.75,109.25,107.68000030517578,108.62999725341797,13890900
2025-04-29,XOM,107.73999786376953,108.83000183105469,107.5199966430664,108.36000061035156,9483100
2025-04-30,XOM,107.41999816894531,107.41999816894531,104.1500015258789,105.62999725341797,20379300
2025-05-01,XOM,105.0999984741211,106.91999816894531,104.9800033569336,105.77999877929688,18610300
2025-05-02,XOM,107.72000122070312,109.0,104.55000305175781,106.20999908447266,16581900
2025-05-05,XOM,104.6500015258789,104.66000366210938,103.06999969482422,103.2699966430664,19624000
2025-05-06,XOM,103.88999938964844,105.9800033569336,103.4800033569336,104.70999908447266,16303400
2025-05-07,XOM,104.98999786376953,105.29000091552734,104.06999969482422,104.61000061035156,12332200
2025-05-08,XOM,105.33999633789062,107.38999938964844,105.33999633789062,106.06999969482422,19196500
2025-05-09,XOM,107.13999938964844,107.75,106.37999725341797,107.30999755859375,10992100
2025-05-12,XOM,110.2699966430664,110.44000244140625,108.31999969482422,109.16000366210938,14244600
2025-05-13,XOM,109.31999969482422,110.51000213623047,109.0199966430664,109.45999908447266,13350800
2025-05-14,XOM,108.86000061035156,108.86000061035156,107.93000030517578,108.4800033569336,15494900
2025-05-15,XOM,106.48999786376953,108.6500015258789,105.97000122070312,108.58000183105469,15004300
2025-05-16,XOM,108.6500015258789,108.88999938964844,107.44999694824219,108.19000244140625,14042500
2025-05-19,XOM,107.56999969482422,107.56999969482422,105.72000122070312,106.47000122070312,16802700
2025-05-20,XOM,106.38999938964844,106.72000122070312,104.77999877929688,104.94999694824219,12429300
2025-05-21,XOM,104.52999877929688,104.97000122070312,103.63999938964844,103.66000366210938,16716100
2025-05-22,XOM,103.05999755859375,103.47000122070312,101.88999938964844,102.97000122070312,13417400
2025-05-23,XOM,102.5999984741211,103.47000122070312,102.06999969482422,103.02999877929688,12061600
2025-05-27,XOM,103.48999786376953,103.86000061035156,102.9000015258789,103.5199966430664,13043600
2025-05-28,XOM,104.29000091552734,104.43000030517578,101.79000091552734,102.11000061035156,14292400
2025-05-29,XOM,102.27999877929688,102.8499984741211,101.75,102.69000244140625,13825300
2025-05-30,XOM,102.16000366210938,102.38999938964844,101.19000244140625,102.30000305175781,28645800
2025-06-02,XOM,103.75,103.8499984741211,102.22000122070312,103.05000305175781,17290500
2025-06-03,XOM,102.9000015258789,104.66000366210938,102.20999908447266,103.80000305175781,19194300
2025-06-04,XOM,103.91999816894531,104.91999816894531,102.30000305175781,102.30000305175781,15648500
2025-06-05,XOM,102.9800033569336,103.05000305175781,101.7300033569336,101.83000183105469,13924800
2025-06-06,XOM,102.76000213623047,104.5,102.68000030517578,104.2699966430664,15487800
2025-06-09,XOM,104.33000183105469,105.8499984741211,103.83000183105469,104.97000122070312,17087300
2025-06-10,XOM,106.08000183105469,107.6500015258789,105.93000030517578,107.22000122070312,17634800
2025-06-11,XOM,107.76000213623047,109.38999938964844,106.45999908447266,109.30999755859375,22648200
2025-06-12,XOM,108.91999816894531,110.19000244140625,108.22000122070312,109.7300033569336,17469400
2025-06-13,XOM,112.3499984741211,112.52999877929688,110.68000030517578,112.12000274658203,28540200
2025-06-16,XOM,111.81999969482422,113.16000366210938,111.12999725341797,112.4800033569336,22986100
2025-06-17,XOM,113.94999694824219,114.93000030517578,113.11000061035156,114.0,19451700
2025-06-18,XOM,114.61000061035156,115.23999786376953,112.94000244140625,113.19000244140625,17968900
2025-06-20,XOM,113.44999694824219,115.04000091552734,113.18000030517578,114.69999694824219,36273300
2025-06-23,XOM,116.69999694824219,116.94999694824219,111.16000366210938,111.73999786376953,26631100
2025-06-24,XOM,109.25,110.94000244140625,107.91000366210938,108.33999633789062,24828300
2025-06-25,XOM,108.11000061035156,109.23999786376953,107.69999694824219,108.37000274658203,17483200
2025-06-26,XOM,108.94000244140625,110.44000244140625,108.55000305175781,109.98999786376953,18304800
2025-06-27,XOM,109.94000244140625,110.0999984741211,108.37000274658203,109.37999725341797,22002100
2025-06-30,XOM,108.63999938964844,108.83999633789062,107.72000122070312,107.80000305175781,19199000
2025-07-01,XOM,108.12999725341797,109.63999938964844,107.1500015258789,109.23999786376953,15536900
2025-07-02,XOM,110.0,111.36000061035156,108.83000183105469,111.05000305175781,11892200
2025-07-03,XOM,110.86000061035156,112.47000122070312,110.62000274658203,112.19999694824219,11223600
2025-07-07,XOM,111.54000091552734,112.05000305175781,110.22000122070312,111.11000061035156,15415900
2025-07-08,XOM,110.88999938964844,114.45999908447266,110.8499984741211,114.19000244140625,17913400
2025-07-09,XOM,113.91999816894531,114.2699966430664,113.2699966430664,113.80000305175781,10652100
2025-07-10,XOM,113.70999908447266,115.2699966430664,113.06999969482422,114.93000030517578,14901700
2025-07-11,XOM,114.8499984741211,115.76000213623047,114.51000213623047,115.43000030517578,11683900
2025-07-14,XOM,115.2300033569336,115.2300033569336,113.22000122070312,113.91999816894531,13220300
2025-07-15,XOM,113.66000366210938,114.05999755859375,112.5999984741211,112.91000366210938,10959300
2025-07-16,XOM,112.87999725341797,113.5,112.0999984741211,112.2300033569336,11158900
2025-07-17,XOM,111.48999786376953,112.2300033569336,111.08999633789062,111.66000366210938,13151400
2025-07-18,XOM,111.11000061035156,111.7300033569336,107.33999633789062,107.7699966430664,32366600
2025-07-21,XOM,107.5999984741211,108.7699966430664,107.44000244140625,108.05000305175781,17010400
2025-07-22,XOM,107.9800033569336,109.44000244140625,107.61000061035156,108.54000091552734,13970900
2025-07-23,XOM,108.93000030517578,110.0,108.8499984741211,109.93000030517578,12002700
2025-07-24,XOM,109.66000366210938,110.94999694824219,109.12999725341797,110.79000091552734,15647200
2025-07-25,XOM,110.7300033569336,110.9800033569336,109.69999694824219,110.4000015258789,10548900
2025-07-28,XOM,111.0,112.11000061035156,110.83999633789062,111.44000244140625,12353000
2025-07-29,XOM,111.9000015258789,113.0,111.41000366210938,112.87999725341797,15928000
2025-07-30,XOM,112.41000366210938,112.61000061035156,111.26000213623047,111.9000015258789,12996900
2025-07-31,XOM,110.36000061035156,112.5,110.36000061035156,111.63999938964844,17233700
2025-08-01,XOM,112.0,112.54000091552734,108.86000061035156,109.63999938964844,19652000
2025-08-04,XOM,109.22000122070312,109.91999816894531,107.08999633789062,107.37000274658203,19129500
2025-08-05,XOM,107.22000122070312,107.81999969482422,106.06999969482422,107.23999786376953,21314300
2025-08-06,XOM,108.30999755859375,109.05000305175781,106.37000274658203,106.51000213623047,15321800
2025-08-07,XOM,107.13999938964844,108.05999755859375,105.88999938964844,105.94999694824219,13468300
2025-08-08,XOM,106.5,107.51000213623047,105.94999694824219,106.80000305175781,14417700
2025-08-11,XOM,107.11000061035156,107.52999877929688,105.52999877929688,105.83000183105469,13570700
2025-08-12,XOM,106.33999633789062,107.27999877929688,105.77999877929688,106.12999725341797,14109400
2025-08-13,XOM,106.0,107.5999984741211,105.73999786376953,107.5999984741211,17958700
2025-08-14,XOM,107.55000305175781,107.58999633789062,106.44000244140625,107.37999725341797,13683500
2025-08-15,XOM,106.19000244140625,107.55999755859375,105.94999694824219,106.48999786376953,19271900
2025-08-18,XOM,106.0999984741211,107.2300033569336,105.66999816894531,106.72000122070312,13040000
2025-08-19,XOM,106.19999694824219,107.45999908447266,106.1500015258789,107.41999816894531,16113600
2025-08-20,XOM,107.87999725341797,109.33000183105469,107.68000030517578,108.52999877929688,18959700
2025-08-21,XOM,108.41999816894531,109.56999969482422,107.95999908447266,109.2300033569336,12194900
2025-08-22,XOM,109.5999984741211,111.41000366210938,109.5999984741211,111.27999877929688,13586700
2025-08-25,XOM,110.9000015258789,111.91999816894531,110.54000091552734,111.73999786376953,9744900
2025-08-26,XOM,111.37000274658203,111.80999755859375,110.36000061035156,111.48999786376953,18143900
2025-08-27,XOM,111.41999816894531,112.9800033569336,111.41999816894531,112.75,15262600
2025-08-28,XOM,112.87000274658203,113.6500015258789,112.06999969482422,113.3499984741211,14189800
2025-08-29,XOM,113.72000122070312,114.79000091552734,113.58000183105469,114.29000091552734,14597900
2025-09-02,XOM,114.18000030517578,115.23999786376953,113.33000183105469,114.69000244140625,15206700
2025-09-03,XOM,113.97000122070312,114.43000030517578,111.45999908447266,111.91000366210938,14920100
2025-09-04,XOM,112.11000061035156,113.12999725341797,111.37999725341797,112.4000015258789,12864400
2025-09-05,XOM,111.5999984741211,111.77999877929688,109.0199966430664,109.2300033569336,16826700
2025-09-08,XOM,109.7300033569336,110.05000305175781,108.3499984741211,109.8499984741211,15440500
2025-09-09,XOM,110.52999877929688,112.51000213623047,110.52999877929688,110.6500015258789,14899500
2025-09-10,XOM,111.16000366210938,112.55999755859375,110.83999633789062,112.5,15837600
2025-09-11,XOM,111.4000015258789,112.7699966430664,110.87000274658203,112.13999938964844,11534500
2025-09-12,XOM,112.86000061035156,113.22000122070312,111.87999725341797,112.16000366210938,11105700
2025-09-15,XOM,112.18000030517578,112.45999908447266,111.31999969482422,112.3499984741211,12880500
2025-09-16,XOM,112.95999908447266,115.31999969482422,112.77999877929688,114.68000030517578,17208000
2025-09-17,XOM,114.52999877929688,115.48999786376953,114.05000305175781,115.29000091552734,13302000
2025-09-18,XOM,115.16999816894531,115.3499984741211,113.4000015258789,113.93000030517578,14628700
2025-09-19,XOM,113.9000015258789,113.9800033569336,112.63999938964844,112.81999969482422,38746500
2025-09-22,XOM,112.44999694824219,112.80000305175781,111.55999755859375,112.0199966430664,15611500
2025-09-23,XOM,112.72000122070312,114.75,112.4800033569336,113.94999694824219,25369100
2025-09-24,XOM,114.56999969482422,115.76000213623047,114.47000122070312,114.55999755859375,14756100
2025-09-25,XOM,114.63999938964844,115.9000015258789,114.41000366210938,115.58999633789062,15012600
2025-09-26,XOM,115.95999908447266,118.36000061035156,115.91999816894531,117.22000122070312,18568900
2025-09-29,XOM,116.05999755859375,116.5,113.66999816894531,114.22000122070312,19189300
2025-09-30,XOM,113.3499984741211,113.48999786376953,111.94000244140625,112.75,18076200
2025-10-01,XOM,112.55999755859375,113.0199966430664,111.29000091552734,111.98999786376953,16614000
2025-10-02,XOM,111.97000122070312,113.08999633789062,111.02999877929688,111.29000091552734,13062600
2025-10-03,XOM,111.9000015258789,113.75,111.9000015258789,113.26000213623047,12950100
2025-10-06,XOM,113.29000091552734,114.7699966430664,113.18000030517578,114.19999694824219,12036800
2025-10-07,XOM,114.06999969482422,114.51000213623047,111.73999786376953,114.26000213623047,11945000
2025-10-08,XOM,114.37999725341797,115.01000213623047,113.41000366210938,114.0199966430664,12301000
2025-10-09,XOM,114.43000030517578,115.51000213623047,112.73999786376953,112.91000366210938,10976200
2025-10-10,XOM,112.26000213623047,112.62000274658203,110.70999908447266,110.7300033569336,13811600
2025-10-13,XOM,111.54000091552734,112.30000305175781,111.31999969482422,112.23999786376953,10296500
2025-10-14,XOM,110.76000213623047,112.95999908447266,110.70999908447266,112.29000091552734,11167200
2025-10-15,XOM,112.80000305175781,113.56999969482422,110.97000122070312,111.61000061035156,12182900
2025-10-16,XOM,111.87999725341797,112.19000244140625,110.38999938964844,110.63999938964844,11782200
2025-10-17,XOM,111.62999725341797,112.91000366210938,111.18000030517578,112.23999786376953,13460100
2025-10-20,XOM,112.0,113.1500015258789,111.9800033569336,112.69999694824219,9523600
2025-10-21,XOM,112.88999938964844,113.36000061035156,111.98999786376953,112.70999908447266,9202300
2025-10-22,XOM,113.44999694824219,115.18000030517578,113.08000183105469,114.70999908447266,12938800
2025-10-23,XOM,116.62999725341797,116.8499984741211,115.36000061035156,115.9800033569336,15001100
2025-10-24,XOM,116.3499984741211,116.47000122070312,115.18000030517578,115.38999938964844,9919400
2025-10-27,XOM,115.69999694824219,115.98999786376953,115.0999984741211,115.94000244140625,10975400
2025-10-28,XOM,115.48999786376953,116.18000030517578,114.98999786376953,115.02999877929688,9535200
2025-10-29,XOM,114.91999816894531,117.05000305175781,114.80999755859375,116.44999694824219,12570600
2025-10-30,XOM,116.43000030517578,116.5199966430664,114.52999877929688,114.69000244140625,16172900
2025-10-31,XOM,113.9800033569336,115.2300033569336,112.62000274658203,114.36000061035156,20213400
2025-11-03,XOM,114.5,114.98999786376953,113.63999938964844,113.76000213623047,12290300
2025-11-04,XOM,113.37999725341797,114.3499984741211,112.51000213623047,114.13999938964844,16860700
2025-11-05,XOM,114.08999633789062,115.18000030517578,113.66999816894531,113.68000030517578,12400900
2025-11-06,XOM,113.63999938964844,114.94000244140625,113.63999938964844,114.5,14219700
2025-11-07,XOM,115.20999908447266,117.51000213623047,114.9000015258789,117.22000122070312,17181100
2025-11-10,XOM,117.44000244140625,118.44999694824219,115.45999908447266,118.22000122070312,13048000
2025-11-11,XOM,118.83000183105469,120.80999755859375,118.83000183105469,119.77999877929688,16077100
2025-11-12,XOM,119.0999984741211,119.27999877929688,117.79000091552734,118.12000274658203,13790900
2025-11-13,XOM,118.62999725341797,119.76000213623047,118.27999877929688,118.79000091552734,17291900
2025-11-14,XOM,118.44999694824219,119.4800033569336,116.66000366210938,119.29000091552734,17064300
2025-11-17,XOM,118.97000122070312,119.5,117.11000061035156,117.68000030517578,16034900
2025-11-18,XOM,117.26000213623047,119.4800033569336,116.4800033569336,119.02999877929688,15808500
2025-11-19,XOM,116.8499984741211,118.18000030517578,115.93000030517578,117.3499984741211,15919200
2025-11-20,XOM,117.9800033569336,119.01000213623047,116.73999786376953,117.0199966430664,14401000
2025-11-21,XOM,116.98999786376953,117.37999725341797,115.6500015258789,117.08000183105469,15667600
2025-11-24,XOM,117.19999694824219,117.19999694824219,114.73999786376953,115.97000122070312,18034900
2025-11-25,XOM,115.18000030517578,115.9000015258789,114.19000244140625,114.51000213623047,14434600
2025-11-26,XOM,114.41000366210938,115.73999786376953,114.30999755859375,114.7699966430664,11650600
2025-11-28,XOM,114.94999694824219,118.73999786376953,114.81999969482422,115.91999816894531,7240800
2025-12-01,XOM,116.0999984741211,117.41000366210938,116.0999984741211,116.62999725341797,12658100
2025-12-02,XOM,116.44000244140625,116.5999984741211,114.69000244140625,115.37999725341797,14607700
2025-12-03,XOM,115.94999694824219,117.9800033569336,115.87999725341797,117.80000305175781,16819100
2025-12-04,XOM,117.5,118.33999633789062,116.66000366210938,117.13999938964844,13686900
2025-12-05,XOM,116.75,118.77999877929688,116.41000366210938,116.54000091552734,12516900
2025-12-08,XOM,115.83000183105469,117.0,115.04000091552734,115.9800033569336,14904200
2025-12-09,XOM,116.9000015258789,120.47000122070312,116.88999938964844,118.25,23790800
2025-12-10,XOM,118.7300033569336,119.87000274658203,118.37000274658203,119.54000091552734,19845200
2025-12-11,XOM,119.11000061035156,120.36000061035156,119.06999969482422,119.54000091552734,14781800
2025-12-12,XOM,119.44000244140625,119.91999816894531,118.30999755859375,118.81999969482422,14459500
2025-12-15,XOM,119.01000213623047,119.02999877929688,116.8499984741211,117.76000213623047,16358700
2025-12-16,XOM,116.7699966430664,116.83999633789062,114.61000061035156,114.68000030517578,17638700
2025-12-17,XOM,115.20999908447266,117.62000274658203,115.16999816894531,117.41000366210938,18502200
2025-12-18,XOM,116.98999786376953,116.98999786376953,115.62999725341797,116.54000091552734,13705600
2025-12-19,XOM,116.75,117.56999969482422,115.95999908447266,116.69000244140625,45412800
2025-12-22,XOM,117.33999633789062,118.45999908447266,117.33999633789062,118.1500015258789,11768600
2025-12-23,XOM,118.47000122070312,120.02999877929688,118.31999969482422,119.41999816894531,12567600
2025-12-24,XOM,119.33000183105469,120.05000305175781,119.12000274658203,119.22000122070312,6137400
2025-12-26,XOM,118.88999938964844,119.55000305175781,118.52999877929688,119.11000061035156,8066100
2025-12-29,XOM,120.1500015258789,121.30000305175781,119.4000015258789,120.52999877929688,14782500
2025-12-30,XOM,121.0999984741211,121.80000305175781,120.62999725341797,120.98999786376953,11150500
2023-01-03,PFE,51.0099983215332,51.33000183105469,50.81999969482422,51.2599983215332,15603800
2023-01-04,PFE,50.290000915527344,50.630001068115234,49.52000045776367,50.130001068115234,21808400
2023-01-05,PFE,49.72999954223633,49.9900016784668,48.91999816894531,49.65999984741211,20057400
2023-01-06,PFE,49.97999954223633,51.599998474121094,49.560001373291016,50.91999816894531,29635900
2023-01-09,PFE,50.04999923706055,50.2599983215332,48.310001373291016,48.38999938964844,30839100
2023-01-10,PFE,48.349998474121094,48.470001220703125,47.380001068115234,47.619998931884766,29212000
2023-01-11,PFE,47.70000076293945,47.7400016784668,46.86000061035156,47.45000076293945,23022200
2023-01-12,PFE,47.27000045776367,47.720001220703125,46.58000183105469,47.709999084472656,23345300
2023-01-13,PFE,47.5,48.15999984741211,47.4900016784668,47.849998474121094,18737500
2023-01-17,PFE,46.540000915527344,46.7400016784668,45.709999084472656,46.08000183105469,29391400
2023-01-18,PFE,45.54999923706055,45.849998474121094,44.970001220703125,45.0,33835000
2023-01-19,PFE,44.720001220703125,45.27000045776367,44.63999938964844,44.959999084472656,26614900
2023-01-20,PFE,45.279998779296875,45.43000030517578,44.72999954223633,45.11000061035156,25197600
2023-01-23,PFE,45.040000915527344,45.31999969482422,44.81999969482422,44.97999954223633,19398600
2023-01-24,PFE,44.91999816894531,44.95000076293945,44.150001525878906,44.709999084472656,18853100
2023-01-25,PFE,45.029998779296875,45.11000061035156,44.59000015258789,45.06999969482422,20828000
2023-01-26,PFE,44.20000076293945,44.29999923706055,43.61000061035156,44.25,38465500
2023-01-27,PFE,44.220001220703125,44.34000015258789,43.779998779296875,43.790000915527344,23798600
2023-01-30,PFE,43.790000915527344,44.13999938964844,43.400001525878906,43.54999923706055,24402200
2023-01-31,PFE,43.0,44.279998779296875,42.70000076293945,44.15999984741211,49722500
2023-02-01,PFE,43.90999984741211,44.18000030517578,43.40999984741211,43.970001220703125,24482300
2023-02-02,PFE,43.630001068115234,44.459999084472656,43.5,44.34000015258789,35279200
2023-02-03,PFE,44.36000061035156,44.38999938964844,43.880001068115234,44.060001373291016,23742000
2023-02-06,PFE,44.189998626708984,44.29999923706055,43.72999954223633,43.7599983215332,18071200
2023-02-07,PFE,43.81999969482422,43.900001525878906,43.25,43.59000015258789,22999500
2023-02-08,PFE,43.54999923706055,44.099998474121094,43.529998779296875,43.97999954223633,19362300
2023-02-09,PFE,44.119998931884766,44.33000183105469,43.2400016784668,43.34000015258789,20809200
2023-02-10,PFE,43.5,43.97999954223633,43.2599983215332,43.880001068115234,18619600
2023-02-13,PFE,43.68000030517578,44.0099983215332,43.5099983215332,43.9900016784668,17878000
2023-02-14,PFE,44.09000015258789,44.20000076293945,43.58000183105469,43.720001220703125,17506900
2023-02-15,PFE,43.41999816894531,43.61000061035156,43.11000061035156,43.31999969482422,18994700
2023-02-16,PFE,43.150001525878906,43.18000030517578,42.77000045776367,42.95000076293945,17832000
2023-02-17,PFE,42.88999938964844,43.369998931884766,42.58000183105469,43.209999084472656,18293400
2023-02-21,PFE,42.810001373291016,42.93000030517578,42.619998931884766,42.70000076293945,17356600
2023-02-22,PFE,42.720001220703125,42.88999938964844,42.310001373291016,42.380001068115234,17394200
2023-02-23,PFE,42.290000915527344,42.75,42.220001220703125,42.29999923706055,21104300
2023-02-24,PFE,42.029998779296875,42.04999923706055,41.5099983215332,41.75,16806100
2023-02-27,PFE,41.439998626708984,41.72999954223633,40.72999954223633,40.779998779296875,26370300
2023-02-28,PFE,40.5,40.709999084472656,40.09000015258789,40.56999969482422,31086900
2023-03-01,PFE,40.560001373291016,40.7599983215332,40.13999938964844,40.18000030517578,21104400
2023-03-02,PFE,40.060001373291016,40.779998779296875,39.810001373291016,40.619998931884766,19110600
2023-03-03,PFE,40.90999984741211,41.18000030517578,40.7400016784668,41.150001525878906,20922000
2023-03-06,PFE,41.09000015258789,41.2599983215332,40.81999969482422,41.11000061035156,19434800
2023-03-07,PFE,41.060001373291016,41.130001068115234,40.099998474121094,40.34000015258789,23205800
2023-03-08,PFE,40.31999969482422,40.56999969482422,39.90999984741211,40.119998931884766,16756100
2023-03-09,PFE,40.40999984741211,40.56999969482422,39.310001373291016,39.459999084472656,18585100
2023-03-10,PFE,39.290000915527344,39.93000030517578,39.22999954223633,39.38999938964844,26328100
2023-03-13,PFE,39.2599983215332,40.5099983215332,39.2599983215332,39.86000061035156,35299400
2023-03-14,PFE,40.04999923706055,40.150001525878906,39.52000045776367,39.900001525878906,24583600
2023-03-15,PFE,39.7599983215332,40.529998779296875,39.459999084472656,40.279998779296875,25498400
2023-03-16,PFE,40.060001373291016,40.4900016784668,39.720001220703125,40.369998931884766,21095900
2023-03-17,PFE,40.630001068115234,40.790000915527344,39.9900016784668,40.099998474121094,57457800
2023-03-20,PFE,40.13999938964844,40.86000061035156,39.939998626708984,40.810001373291016,20825400
2023-03-21,PFE,40.86000061035156,40.90999984741211,40.310001373291016,40.65999984741211,19982000
2023-03-22,PFE,40.70000076293945,40.849998474121094,39.9900016784668,40.0099983215332,15444200
2023-03-23,PFE,40.16999816894531,40.5,40.0,40.18000030517578,16958100
2023-03-24,PFE,40.09000015258789,40.459999084472656,39.869998931884766,40.38999938964844,17218100
2023-03-27,PFE,40.540000915527344,40.619998931884766,39.970001220703125,40.220001220703125,20262800
2023-03-28,PFE,40.20000076293945,40.29999923706055,39.86000061035156,39.9900016784668,13537500
2023-03-29,PFE,40.15999984741211,40.27000045776367,39.9900016784668,40.25,14429500
2023-03-30,PFE,40.41999816894531,40.4900016784668,40.25,40.380001068115234,12634500
2023-03-31,PFE,40.54999923706055,40.83000183105469,40.279998779296875,40.79999923706055,23393600
2023-04-03,PFE,40.689998626708984,41.470001220703125,40.650001525878906,41.349998474121094,20817200
2023-04-04,PFE,41.439998626708984,41.529998779296875,40.7599983215332,40.900001525878906,19514500
2023-04-05,PFE,41.290000915527344,42.220001220703125,41.16999816894531,41.54999923706055,29697600
2023-04-06,PFE,41.93000030517578,42.099998474121094,41.369998931884766,41.5,25931800
2023-04-10,PFE,41.150001525878906,41.7400016784668,41.119998931884766,41.72999954223633,15137300
2023-04-11,PFE,41.79999923706055,41.9900016784668,41.70000076293945,41.790000915527344,15304100
2023-04-12,PFE,41.630001068115234,41.790000915527344,41.27000045776367,41.369998931884766,17035100
2023-04-13,PFE,41.529998779296875,41.70000076293945,41.29999923706055,41.470001220703125,22880900
2023-04-14,PFE,41.5099983215332,41.709999084472656,40.93000030517578,41.189998626708984,20627500
2023-04-17,PFE,41.119998931884766,41.279998779296875,40.959999084472656,41.18000030517578,17608600
2023-04-18,PFE,41.279998779296875,41.33000183105469,40.529998779296875,40.54999923706055,18541500
2023-04-19,PFE,40.43000030517578,40.560001373291016,40.20000076293945,40.2400016784668,17214300
2023-04-20,PFE,40.08000183105469,40.189998626708984,39.790000915527344,39.849998474121094,20131600
2023-04-21,PFE,40.09000015258789,40.29999923706055,39.90999984741211,40.209999084472656,19227100
2023-04-24,PFE,40.189998626708984,40.20000076293945,39.709999084472656,39.90999984741211,17633700
2023-04-25,PFE,39.75,39.91999816894531,39.279998779296875,39.33000183105469,24492400
2023-04-26,PFE,39.15999984741211,39.189998626708984,38.400001525878906,38.630001068115234,22401400
2023-04-27,PFE,38.619998931884766,38.83000183105469,38.310001373291016,38.7400016784668,22434000
2023-04-28,PFE,38.70000076293945,38.90999984741211,38.619998931884766,38.88999938964844,21015300
2023-05-01,PFE,39.0,39.52000045776367,38.86000061035156,39.209999084472656,23917800
2023-05-02,PFE,39.290000915527344,40.119998931884766,38.630001068115234,39.060001373291016,38834100
2023-05-03,PFE,39.20000076293945,39.38999938964844,38.36000061035156,38.45000076293945,27721900
2023-05-04,PFE,38.16999816894531,38.43000030517578,38.02000045776367,38.22999954223633,23675100
2023-05-05,PFE,38.380001068115234,38.5,38.09000015258789,38.4900016784668,19225100
2023-05-08,PFE,38.529998779296875,38.72999954223633,38.349998474121094,38.66999816894531,20101700
2023-05-09,PFE,38.47999954223633,38.66999816894531,38.38999938964844,38.47999954223633,15987900
2023-05-10,PFE,38.66999816894531,38.720001220703125,38.08000183105469,38.29999923706055,15858200
2023-05-11,PFE,37.599998474121094,37.650001525878906,37.209999084472656,37.58000183105469,28566400
2023-05-12,PFE,37.61000061035156,37.720001220703125,37.22999954223633,37.349998474121094,16541300
2023-05-15,PFE,37.29999923706055,37.36000061035156,37.0099983215332,37.15999984741211,16650400
2023-05-16,PFE,37.02000045776367,37.2400016784668,36.83000183105469,37.0099983215332,25451700
2023-05-17,PFE,36.97999954223633,37.04999923706055,36.5099983215332,36.75,23206400
2023-05-18,PFE,36.709999084472656,36.779998779296875,36.16999816894531,36.47999954223633,27772400
2023-05-19,PFE,36.650001525878906,37.650001525878906,36.52000045776367,36.77000045776367,33068300
2023-05-22,PFE,36.86000061035156,38.869998931884766,36.75,38.75,85718600
2023-05-23,PFE,38.54999923706055,40.13999938964844,38.0,39.63999938964844,75379500
2023-05-24,PFE,40.099998474121094,40.13999938964844,38.599998474121094,38.630001068115234,39326400
2023-05-25,PFE,38.5099983215332,38.5099983215332,37.650001525878906,37.83000183105469,30266600
2023-05-26,PFE,38.040000915527344,38.439998626708984,37.560001373291016,37.599998474121094,20234600
2023-05-30,PFE,37.36000061035156,37.36000061035156,36.91999816894531,37.0099983215332,24371100
2023-05-31,PFE,37.099998474121094,38.220001220703125,36.869998931884766,38.02000045776367,46166300
2023-06-01,PFE,38.119998931884766,38.209999084472656,37.70000076293945,38.02000045776367,20256100
2023-06-02,PFE,38.25,38.65999984741211,38.15999984741211,38.36000061035156,22736400
2023-06-05,PFE,38.47999954223633,39.02000045776367,38.470001220703125,38.650001525878906,18392200
2023-06-06,PFE,38.810001373291016,38.86000061035156,38.290000915527344,38.369998931884766,19508200
2023-06-07,PFE,38.349998474121094,39.060001373291016,38.130001068115234,38.88999938964844,25295100
2023-06-08,PFE,39.040000915527344,39.189998626708984,38.72999954223633,39.09000015258789,17347600
2023-06-09,PFE,39.279998779296875,39.59000015258789,38.869998931884766,38.970001220703125,19775100
2023-06-12,PFE,39.0099983215332,40.06999969482422,38.9900016784668,39.900001525878906,28334600
2023-06-13,PFE,39.66999816894531,40.369998931884766,39.45000076293945,40.279998779296875,26533800
2023-06-14,PFE,40.31999969482422,40.34000015258789,39.31999969482422,39.36000061035156,22056400
2023-06-15,PFE,39.40999984741211,39.83000183105469,39.279998779296875,39.75,19905900
2023-06-16,PFE,39.86000061035156,40.36000061035156,39.849998474121094,40.060001373291016,60338600
2023-06-20,PFE,39.709999084472656,39.869998931884766,39.33000183105469,39.34000015258789,26881200
2023-06-21,PFE,39.20000076293945,39.2400016784668,38.7599983215332,38.900001525878906,17982900
2023-06-22,PFE,38.939998626708984,38.9900016784668,38.40999984741211,38.72999954223633,18039800
2023-06-23,PFE,38.709999084472656,38.869998931884766,38.279998779296875,38.29999923706055,23492200
2023-06-26,PFE,37.02000045776367,37.04999923706055,36.15999984741211,36.88999938964844,56135500
2023-06-27,PFE,36.959999084472656,37.0,36.279998779296875,36.41999816894531,32414900
2023-06-28,PFE,36.5,36.540000915527344,36.029998779296875,36.290000915527344,30062000
2023-06-29,PFE,35.9900016784668,36.220001220703125,35.7599983215332,36.119998931884766,26284900
2023-06-30,PFE,36.209999084472656,36.75,36.13999938964844,36.68000030517578,30867900
2023-07-03,PFE,36.5,36.7400016784668,36.349998474121094,36.650001525878906,14115800
2023-07-05,PFE,36.58000183105469,37.02000045776367,36.38999938964844,36.459999084472656,26829400
2023-07-06,PFE,36.20000076293945,36.27000045776367,35.619998931884766,35.630001068115234,30177300
2023-07-07,PFE,35.52000045776367,35.77000045776367,35.349998474121094,35.529998779296875,22903300
2023-07-10,PFE,35.56999969482422,36.0099983215332,35.540000915527344,35.68000030517578,17777500
2023-07-11,PFE,35.63999938964844,36.040000915527344,35.619998931884766,36.02000045776367,17731300
2023-07-12,PFE,36.20000076293945,36.25,35.91999816894531,35.9900016784668,17229700
2023-07-13,PFE,36.0099983215332,36.36000061035156,35.91999816894531,36.060001373291016,16664400
2023-07-14,PFE,36.29999923706055,36.4900016784668,36.0099983215332,36.31999969482422,17915100
2023-07-17,PFE,36.119998931884766,36.119998931884766,35.779998779296875,35.86000061035156,20557300
2023-07-18,PFE,35.91999816894531,36.47999954223633,35.880001068115234,36.2400016784668,22808300
2023-07-19,PFE,36.34000015258789,36.70000076293945,36.209999084472656,36.439998626708984,18589700
2023-07-20,PFE,36.400001525878906,37.06999969482422,36.36000061035156,36.77000045776367,22358400
2023-07-21,PFE,36.79999923706055,37.43000030517578,36.79999923706055,37.400001525878906,24149700
2023-07-24,PFE,37.40999984741211,37.79999923706055,37.369998931884766,37.5099983215332,19414700
2023-07-25,PFE,37.400001525878906,37.720001220703125,37.04999923706055,37.060001373291016,21771000
2023-07-26,PFE,36.869998931884766,37.349998474121094,36.7599983215332,37.209999084472656,20983700
2023-07-27,PFE,36.849998474121094,37.0099983215332,36.18000030517578,36.20000076293945,25346300
2023-07-28,PFE,36.349998474121094,36.45000076293945,36.02000045776367,36.06999969482422,24054100
2023-07-31,PFE,36.18000030517578,36.189998626708984,35.91999816894531,36.060001373291016,40265200
2023-08-01,PFE,35.880001068115234,36.91999816894531,35.369998931884766,35.61000061035156,40931600
2023-08-02,PFE,35.630001068115234,35.88999938964844,35.279998779296875,35.349998474121094,34301600
2023-08-03,PFE,35.18000030517578,35.279998779296875,34.91999816894531,35.0,25676500
2023-08-04,PFE,34.95000076293945,35.34000015258789,34.65999984741211,35.02000045776367,25746500
2023-08-07,PFE,35.0099983215332,35.849998474121094,34.900001525878906,35.68000030517578,31069100
2023-08-08,PFE,36.369998931884766,36.369998931884766,35.38999938964844,35.63999938964844,25225500
2023-08-09,PFE,35.599998474121094,36.060001373291016,35.5099983215332,35.84000015258789,17210500
2023-08-10,PFE,35.81999969482422,36.09000015258789,35.599998474121094,35.720001220703125,18955200
2023-08-11,PFE,35.619998931884766,36.279998779296875,35.59000015258789,36.040000915527344,16609400
2023-08-14,PFE,35.81999969482422,36.5099983215332,35.81999969482422,36.06999969482422,20295500
2023-08-15,PFE,35.880001068115234,35.90999984741211,35.36000061035156,35.38999938964844,20484300
2023-08-16,PFE,35.13999938964844,35.650001525878906,34.9900016784668,35.47999954223633,22215600
2023-08-17,PFE,35.599998474121094,36.720001220703125,35.59000015258789,36.5099983215332,31113600
2023-08-18,PFE,36.45000076293945,36.849998474121094,36.31999969482422,36.65999984741211,24145100
2023-08-21,PFE,36.709999084472656,37.189998626708984,36.63999938964844,37.0099983215332,28496500
2023-08-22,PFE,37.0099983215332,37.150001525878906,35.720001220703125,36.84000015258789,18524100
2023-08-23,PFE,37.09000015258789,37.130001068115234,36.560001373291016,36.65999984741211,19370900
2023-08-24,PFE,36.47999954223633,36.63999938964844,36.060001373291016,36.15999984741211,19380800
2023-08-25,PFE,36.13999938964844,36.689998626708984,35.959999084472656,36.380001068115234,16421300
2023-08-28,PFE,36.439998626708984,36.52000045776367,36.029998779296875,36.209999084472656,15101900
2023-08-29,PFE,36.2599983215332,36.939998626708984,36.0,36.150001525878906,21076500
2023-08-30,PFE,36.18000030517578,36.25,35.81999969482422,35.900001525878906,16833000
2023-08-31,PFE,35.939998626708984,35.9900016784668,35.380001068115234,35.380001068115234,27919500
2023-09-01,PFE,35.63999938964844,36.060001373291016,35.599998474121094,35.779998779296875,17522500
2023-09-05,PFE,35.959999084472656,36.290000915527344,35.349998474121094,35.380001068115234,25856100
2023-09-06,PFE,35.2599983215332,35.279998779296875,34.2599983215332,34.369998931884766,35370200
2023-09-07,PFE,34.470001220703125,34.63999938964844,34.040000915527344,34.279998779296875,26777700
2023-09-08,PFE,34.22999954223633,34.38999938964844,34.04999923706055,34.25,19467700
2023-09-11,PFE,34.2400016784668,34.29999923706055,33.540000915527344,33.939998626708984,27574400
2023-09-12,PFE,33.970001220703125,34.209999084472656,33.75,34.150001525878906,17987200
2023-09-13,PFE,34.209999084472656,34.619998931884766,34.0,34.08000183105469,23853300
2023-09-14,PFE,34.2400016784668,34.380001068115234,33.97999954223633,34.150001525878906,23759900
2023-09-15,PFE,34.060001373291016,34.41999816894531,33.810001373291016,34.06999969482422,58063800
2023-09-18,PFE,34.119998931884766,34.119998931884766,33.439998626708984,33.63999938964844,25421900
2023-09-19,PFE,33.54999923706055,34.0099983215332,33.52000045776367,33.9900016784668,30323300
2023-09-20,PFE,34.08000183105469,34.09000015258789,33.54999923706055,33.619998931884766,24651400
2023-09-21,PFE,33.470001220703125,33.59000015258789,32.83000183105469,32.849998474121094,26980600
2023-09-22,PFE,33.08000183105469,33.09000015258789,32.5,32.689998626708984,28570800
2023-09-25,PFE,32.689998626708984,32.97999954223633,32.40999984741211,32.97999954223633,19443700
2023-09-26,PFE,32.720001220703125,32.959999084472656,32.36000061035156,32.400001525878906,26015500
2023-09-27,PFE,32.43000030517578,32.5,31.899999618530273,32.099998474121094,26430100
2023-09-28,PFE,32.060001373291016,32.31999969482422,31.770000457763672,32.09000015258789,28197600
2023-09-29,PFE,32.349998474121094,33.22999954223633,32.29999923706055,33.16999816894531,42421400
2023-10-02,PFE,32.95000076293945,33.959999084472656,32.7599983215332,33.939998626708984,44620600
2023-10-03,PFE,33.84000015258789,34.11000061035156,33.709999084472656,33.900001525878906,31059900
2023-10-04,PFE,33.939998626708984,34.08000183105469,33.0099983215332,33.310001373291016,23722300
2023-10-05,PFE,33.45000076293945,33.779998779296875,33.04999923706055,33.470001220703125,21279400
2023-10-06,PFE,33.52000045776367,33.560001373291016,33.06999969482422,33.130001068115234,23760400
2023-10-09,PFE,33.060001373291016,33.470001220703125,32.77000045776367,33.20000076293945,17468100
2023-10-10,PFE,33.08000183105469,33.400001525878906,33.0099983215332,33.16999816894531,19212100
2023-10-11,PFE,33.2400016784668,33.33000183105469,32.81999969482422,33.11000061035156,24221200
2023-10-12,PFE,33.11000061035156,33.220001220703125,32.77000045776367,32.91999816894531,21809900
2023-10-13,PFE,32.939998626708984,32.9900016784668,32.02000045776367,32.11000061035156,32388100
2023-10-16,PFE,32.83000183105469,33.91999816894531,32.560001373291016,33.27000045776367,63317400
2023-10-17,PFE,33.0,33.189998626708984,32.20000076293945,32.75,40015800
2023-10-18,PFE,32.540000915527344,32.68000030517578,31.389999389648438,31.40999984741211,30307600
2023-10-19,PFE,31.3799991607666,31.5,30.90999984741211,31.190000534057617,26880300
2023-10-20,PFE,31.059999465942383,31.110000610351562,30.479999542236328,30.649999618530273,39407900
2023-10-23,PFE,30.770000457763672,31.389999389648438,30.530000686645508,30.84000015258789,29412100
2023-10-24,PFE,30.8799991607666,31.030000686645508,30.31999969482422,30.43000030517578,26923800
2023-10-25,PFE,30.459999084472656,31.0,30.219999313354492,30.729999542236328,28857900
2023-10-26,PFE,30.610000610351562,31.3700008392334,30.5,31.15999984741211,27162700
2023-10-27,PFE,31.059999465942383,31.1299991607666,30.020000457763672,30.110000610351562,33877100
2023-10-30,PFE,30.239999771118164,30.68000030517578,30.110000610351562,30.549999237060547,33063500
2023-10-31,PFE,30.290000915527344,30.81999969482422,29.700000762939453,30.559999465942383,42648200
2023-11-01,PFE,30.559999465942383,31.079999923706055,30.469999313354492,30.510000228881836,23568300
2023-11-02,PFE,30.510000228881836,30.649999618530273,30.209999084472656,30.5,29640900
2023-11-03,PFE,30.899999618530273,31.389999389648438,30.84000015258789,31.260000228881836,28071000
2023-11-06,PFE,31.31999969482422,31.40999984741211,30.959999084472656,31.18000030517578,27381200
2023-11-07,PFE,31.079999923706055,31.389999389648438,30.889999389648438,31.25,18086400
2023-11-08,PFE,30.920000076293945,31.299999237060547,30.549999237060547,30.81999969482422,29398300
2023-11-09,PFE,30.489999771118164,30.510000228881836,29.6299991607666,29.68000030517578,28737700
2023-11-10,PFE,29.75,29.81999969482422,29.030000686645508,29.479999542236328,33844100
2023-11-13,PFE,29.34000015258789,29.360000610351562,28.93000030517578,28.979999542236328,35519900
2023-11-14,PFE,29.09000015258789,29.709999084472656,28.989999771118164,29.260000228881836,40084300
2023-11-15,PFE,29.209999084472656,30.350000381469727,29.209999084472656,30.190000534057617,43614600
2023-11-16,PFE,30.270000457763672,30.450000762939453,29.469999313354492,29.770000457763672,32407200
2023-11-17,PFE,29.920000076293945,30.010000228881836,29.739999771118164,29.920000076293945,27009200
2023-11-20,PFE,29.899999618530273,30.139999389648438,29.760000228881836,29.979999542236328,26335700
2023-11-21,PFE,30.020000457763672,30.360000610351562,29.760000228881836,30.299999237060547,25988700
2023-11-22,PFE,30.389999389648438,30.579999923706055,30.139999389648438,30.31999969482422,19226800
2023-11-24,PFE,30.3799991607666,30.700000762939453,30.3799991607666,30.5,11129700
2023-11-27,PFE,30.75,30.75,30.030000686645508,30.139999389648438,26066700
2023-11-28,PFE,30.110000610351562,30.110000610351562,29.639999389648438,29.690000534057617,29497700
2023-11-29,PFE,29.770000457763672,30.219999313354492,29.729999542236328,30.079999923706055,26185200
2023-11-30,PFE,30.309999465942383,30.510000228881836,29.959999084472656,30.469999313354492,45356600
2023-12-01,PFE,28.969999313354492,29.399999618530273,28.299999237060547,28.90999984741211,103624000
2023-12-04,PFE,29.020000457763672,29.639999389648438,29.020000457763672,29.280000686645508,47410400
2023-12-05,PFE,29.209999084472656,29.600000381469727,29.06999969482422,29.09000015258789,39853000
2023-12-06,PFE,29.09000015258789,29.399999618530273,28.719999313354492,28.790000915527344,33410500
2023-12-07,PFE,28.81999969482422,28.899999618530273,28.5,28.6299991607666,35782900
2023-12-08,PFE,28.649999618530273,28.969999313354492,28.59000015258789,28.780000686645508,31890700
2023-12-11,PFE,28.780000686645508,28.809999465942383,28.440000534057617,28.639999389648438,37833900
2023-12-12,PFE,28.6200008392334,28.860000610351562,28.350000381469727,28.579999923706055,48587500
2023-12-13,PFE,26.280000686645508,26.729999542236328,25.760000228881836,26.65999984741211,158100700
2023-12-14,PFE,26.760000228881836,27.31999969482422,26.010000228881836,26.1299991607666,101889800
2023-12-15,PFE,26.1299991607666,26.989999771118164,26.079999923706055,26.6299991607666,138388400
2023-12-18,PFE,26.920000076293945,27.299999237060547,26.719999313354492,27.059999465942383,63329400
2023-12-19,PFE,27.280000686645508,28.239999771118164,27.270000457763672,28.15999984741211,70094700
2023-12-20,PFE,28.190000534057617,28.260000228881836,27.610000610351562,27.6299991607666,56184300
2023-12-21,PFE,27.860000610351562,28.360000610351562,27.780000686645508,28.309999465942383,51056600
2023-12-22,PFE,28.440000534057617,28.790000915527344,28.18000030517578,28.399999618530273,35162300
2023-12-26,PFE,28.43000030517578,28.530000686645508,28.25,28.40999984741211,30119100
2023-12-27,PFE,28.469999313354492,28.729999542236328,28.309999465942383,28.610000610351562,35000700
2023-12-28,PFE,28.610000610351562,29.030000686645508,28.579999923706055,28.790000915527344,30472900
2023-12-29,PFE,28.780000686645508,28.8700008392334,28.540000915527344,28.790000915527344,30363100
2024-01-02,PFE,28.8799991607666,30.280000686645508,28.829999923706055,29.729999542236328,57948700
2024-01-03,PFE,30.0,30.040000915527344,29.40999984741211,29.729999542236328,43426500
2024-01-04,PFE,29.790000915527344,29.950000762939453,29.030000686645508,29.09000015258789,45558200
2024-01-05,PFE,29.020000457763672,29.489999771118164,28.75,29.469999313354492,33612800
2024-01-08,PFE,29.360000610351562,29.68000030517578,29.170000076293945,29.579999923706055,32972100
2024-01-09,PFE,29.600000381469727,29.860000610351562,29.31999969482422,29.399999618530273,39856900
2024-01-10,PFE,29.360000610351562,29.389999389648438,28.8799991607666,28.989999771118164,37413300
2024-01-11,PFE,28.829999923706055,28.920000076293945,28.270000457763672,28.399999618530273,46884700
2024-01-12,PFE,28.459999084472656,28.940000534057617,28.440000534057617,28.700000762939453,30373500
2024-01-16,PFE,28.600000381469727,28.719999313354492,28.219999313354492,28.31999969482422,38826000
2024-01-17,PFE,28.15999984741211,28.530000686645508,27.93000030517578,28.149999618530273,33312600
2024-01-18,PFE,28.040000915527344,28.1299991607666,27.600000381469727,28.09000015258789,50321100
2024-01-19,PFE,28.030000686645508,28.3799991607666,27.93000030517578,28.280000686645508,35549300
2024-01-22,PFE,28.31999969482422,28.6200008392334,27.93000030517578,28.309999465942383,41663900
2024-01-23,PFE,28.440000534057617,28.649999618530273,28.149999618530273,28.43000030517578,33466700
2024-01-24,PFE,28.540000915527344,28.780000686645508,28.329999923706055,28.329999923706055,42720700
2024-01-25,PFE,27.81999969482422,27.920000076293945,27.450000762939453,27.469999313354492,47605500
2024-01-26,PFE,27.6299991607666,27.90999984741211,27.360000610351562,27.469999313354492,47073800
2024-01-29,PFE,27.520000457763672,27.6299991607666,27.309999465942383,27.479999542236328,67082700
2024-01-30,PFE,27.889999389648438,28.3700008392334,26.950000762939453,27.020000457763672,86072400
2024-01-31,PFE,27.170000076293945,27.510000228881836,26.780000686645508,27.079999923706055,81192100
2024-02-01,PFE,27.100000381469727,27.329999923706055,26.729999542236328,27.290000915527344,53883000
2024-02-02,PFE,27.18000030517578,27.200000762939453,26.690000534057617,26.93000030517578,51718500
2024-02-05,PFE,26.940000534057617,26.940000534057617,26.520000457763672,26.56999969482422,42633400
2024-02-06,PFE,26.65999984741211,27.729999542236328,26.56999969482422,27.5,56958700
2024-02-07,PFE,27.549999237060547,27.649999618530273,27.299999237060547,27.559999465942383,36843000
2024-02-08,PFE,27.559999465942383,27.690000534057617,27.40999984741211,27.56999969482422,29048400
2024-02-09,PFE,27.559999465942383,27.59000015258789,27.3799991607666,27.559999465942383,29062700
2024-02-12,PFE,27.540000915527344,28.020000457763672,27.520000457763672,27.65999984741211,30323700
2024-02-13,PFE,27.540000915527344,27.829999923706055,26.860000610351562,26.969999313354492,37927500
2024-02-14,PFE,27.010000228881836,27.170000076293945,26.90999984741211,27.110000610351562,25270200
2024-02-15,PFE,27.25,27.809999465942383,27.219999313354492,27.510000228881836,36111600
2024-02-16,PFE,27.549999237060547,27.889999389648438,27.209999084472656,27.6200008392334,35935300
2024-02-20,PFE,27.610000610351562,28.139999389648438,27.520000457763672,27.59000015258789,34232000
2024-02-21,PFE,27.600000381469727,27.68000030517578,27.360000610351562,27.670000076293945,27348300
2024-02-22,PFE,27.59000015258789,27.700000762939453,27.190000534057617,27.549999237060547,31957500
2024-02-23,PFE,27.75,28.09000015258789,27.690000534057617,27.760000228881836,33182600
2024-02-26,PFE,27.670000076293945,27.670000076293945,27.06999969482422,27.18000030517578,45685500
2024-02-27,PFE,27.1200008392334,27.200000762939453,26.809999465942383,26.889999389648438,38598400
2024-02-28,PFE,26.959999084472656,27.239999771118164,26.81999969482422,27.040000915527344,31010200
2024-02-29,PFE,27.06999969482422,27.190000534057617,26.549999237060547,26.559999465942383,54643200
2024-03-01,PFE,26.829999923706055,26.899999618530273,26.510000228881836,26.59000015258789,46392100
2024-03-04,PFE,26.299999237060547,26.459999084472656,25.610000610351562,25.889999389648438,86777700
2024-03-05,PFE,25.8700008392334,26.420000076293945,25.690000534057617,26.079999923706055,73646100
2024-03-06,PFE,26.899999618530273,27.299999237060547,26.790000915527344,27.190000534057617,84919500
2024-03-07,PFE,27.200000762939453,27.31999969482422,26.760000228881836,26.790000915527344,46423800
2024-03-08,PFE,26.8799991607666,27.299999237060547,26.850000381469727,27.219999313354492,45906600
2024-03-11,PFE,27.309999465942383,28.389999389648438,27.309999465942383,28.3700008392334,52600100
2024-03-12,PFE,28.309999465942383,28.34000015258789,27.760000228881836,28.010000228881836,48758200
2024-03-13,PFE,28.290000915527344,28.690000534057617,28.190000534057617,28.219999313354492,39273000
2024-03-14,PFE,28.25,28.280000686645508,27.770000457763672,28.1299991607666,36428000
2024-03-15,PFE,27.959999084472656,28.280000686645508,27.860000610351562,27.940000534057617,75727900
2024-03-18,PFE,28.010000228881836,28.030000686645508,27.610000610351562,27.719999313354492,36226500
2024-03-19,PFE,27.670000076293945,27.780000686645508,27.31999969482422,27.6299991607666,29026600
2024-03-20,PFE,27.479999542236328,27.739999771118164,27.209999084472656,27.700000762939453,34468000
2024-03-21,PFE,27.75,28.040000915527344,27.6299991607666,27.65999984741211,29633700
2024-03-22,PFE,27.469999313354492,27.84000015258789,27.34000015258789,27.360000610351562,28830100
2024-03-25,PFE,27.239999771118164,27.479999542236328,27.100000381469727,27.43000030517578,31110600
2024-03-26,PFE,27.450000762939453,27.6299991607666,27.309999465942383,27.59000015258789,38220300
2024-03-27,PFE,27.709999084472656,27.940000534057617,27.540000915527344,27.780000686645508,34247600
2024-03-28,PFE,27.81999969482422,28.1200008392334,27.719999313354492,27.75,40466700
2024-04-01,PFE,27.760000228881836,27.8700008392334,27.579999923706055,27.719999313354492,26596600
2024-04-02,PFE,27.56999969482422,27.75,27.40999984741211,27.549999237060547,32451500
2024-04-03,PFE,27.510000228881836,27.75,27.200000762939453,27.219999313354492,36828600
2024-04-04,PFE,27.309999465942383,27.399999618530273,26.639999389648438,26.649999618530273,41922700
2024-04-05,PFE,26.559999465942383,26.700000762939453,26.350000381469727,26.65999984741211,39880500
2024-04-08,PFE,26.600000381469727,26.81999969482422,26.520000457763672,26.579999923706055,24431400
2024-04-09,PFE,26.770000457763672,27.420000076293945,26.649999618530273,26.780000686645508,45127800
2024-04-10,PFE,26.520000457763672,26.59000015258789,26.15999984741211,26.31999969482422,44541600
2024-04-11,PFE,26.350000381469727,26.450000762939453,26.1299991607666,26.34000015258789,32814500
2024-04-12,PFE,26.25,26.31999969482422,25.829999923706055,25.860000610351562,43034100
2024-04-15,PFE,25.90999984741211,26.170000076293945,25.75,25.90999984741211,35660200
2024-04-16,PFE,25.81999969482422,25.989999771118164,25.68000030517578,25.690000534057617,28885300
2024-04-17,PFE,25.690000534057617,25.690000534057617,25.260000228881836,25.420000076293945,43828900
2024-04-18,PFE,25.350000381469727,25.459999084472656,25.229999542236328,25.389999389648438,35788400
2024-04-19,PFE,25.389999389648438,26.0,25.350000381469727,26.0,38372800
2024-04-22,PFE,26.0,26.5,25.93000030517578,26.260000228881836,35678700
2024-04-23,PFE,26.329999923706055,26.469999313354492,26.190000534057617,26.31999969482422,24297800
2024-04-24,PFE,26.25,26.34000015258789,26.040000915527344,26.270000457763672,24547800
2024-04-25,PFE,26.270000457763672,26.43000030517578,25.25,25.260000228881836,47661400
2024-04-26,PFE,25.329999923706055,25.540000915527344,25.200000762939453,25.399999618530273,46526500
2024-04-29,PFE,25.579999923706055,25.850000381469727,25.540000915527344,25.639999389648438,39995300
2024-04-30,PFE,25.649999618530273,25.829999923706055,25.59000015258789,25.6200008392334,38017700
2024-05-01,PFE,26.329999923706055,27.450000762939453,26.020000457763672,27.18000030517578,97388900
2024-05-02,PFE,27.209999084472656,27.940000534057617,27.1200008392334,27.700000762939453,69649000
2024-05-03,PFE,27.860000610351562,27.90999984741211,27.520000457763672,27.809999465942383,60568900
2024-05-06,PFE,27.979999542236328,28.329999923706055,27.959999084472656,28.15999984741211,59899700
2024-05-07,PFE,28.290000915527344,28.489999771118164,27.399999618530273,27.770000457763672,65606400
2024-05-08,PFE,27.700000762939453,28.34000015258789,27.520000457763672,28.270000457763672,39087800
2024-05-09,PFE,27.760000228881836,28.25,27.31999969482422,28.18000030517578,47831100
2024-05-10,PFE,28.239999771118164,28.280000686645508,27.920000076293945,28.010000228881836,25849800
2024-05-13,PFE,28.190000534057617,28.649999618530273,28.170000076293945,28.440000534057617,39609800
2024-05-14,PFE,28.549999237060547,28.68000030517578,28.190000534057617,28.3799991607666,23530900
2024-05-15,PFE,28.489999771118164,28.989999771118164,28.479999542236328,28.81999969482422,38376300
2024-05-16,PFE,28.8700008392334,29.030000686645508,28.670000076293945,28.920000076293945,40077800
2024-05-17,PFE,28.899999618530273,28.90999984741211,28.510000228881836,28.639999389648438,26106400
2024-05-20,PFE,28.65999984741211,28.709999084472656,28.459999084472656,28.530000686645508,22423300
2024-05-21,PFE,28.469999313354492,28.670000076293945,28.31999969482422,28.559999465942383,28119900
2024-05-22,PFE,28.469999313354492,29.6299991607666,28.420000076293945,29.600000381469727,46987500
2024-05-23,PFE,29.43000030517578,29.43000030517578,28.670000076293945,28.690000534057617,42031300
2024-05-24,PFE,28.670000076293945,28.989999771118164,28.549999237060547,28.8799991607666,22589100
2024-05-28,PFE,28.799999237060547,28.8799991607666,28.1299991607666,28.299999237060547,32371200
2024-05-29,PFE,28.15999984741211,28.170000076293945,27.690000534057617,27.81999969482422,24241700
2024-05-30,PFE,27.90999984741211,28.200000762939453,27.790000915527344,28.200000762939453,23298600
2024-05-31,PFE,28.34000015258789,28.75,28.239999771118164,28.65999984741211,78290100
2024-06-03,PFE,28.65999984741211,29.530000686645508,28.639999389648438,29.309999465942383,38177200
2024-06-04,PFE,29.299999237060547,29.729999542236328,29.170000076293945,29.489999771118164,46309500
2024-06-05,PFE,29.559999465942383,29.6200008392334,29.170000076293945,29.549999237060547,27346700
2024-06-06,PFE,29.360000610351562,29.540000915527344,28.790000915527344,28.799999237060547,35360400
2024-06-07,PFE,28.75,29.049999237060547,28.549999237060547,28.579999923706055,27526200
2024-06-10,PFE,28.350000381469727,28.350000381469727,27.6299991607666,28.06999969482422,36977900
2024-06-11,PFE,27.950000762939453,28.329999923706055,27.889999389648438,28.030000686645508,29573500
2024-06-12,PFE,28.170000076293945,28.229999542236328,27.559999465942383,27.65999984741211,32507900
2024-06-13,PFE,27.5,27.719999313354492,27.200000762939453,27.649999618530273,33945200
2024-06-14,PFE,27.75,28.219999313354492,27.43000030517578,27.530000686645508,29461900
2024-06-17,PFE,27.450000762939453,27.479999542236328,26.8700008392334,26.979999542236328,32194600
2024-06-18,PFE,26.979999542236328,27.459999084472656,26.950000762939453,27.40999984741211,29817800
2024-06-20,PFE,27.200000762939453,27.959999084472656,27.149999618530273,27.739999771118164,29693400
2024-06-21,PFE,27.770000457763672,27.889999389648438,27.559999465942383,27.739999771118164,52487000
2024-06-24,PFE,27.950000762939453,28.40999984741211,27.729999542236328,28.360000610351562,35414100
2024-06-25,PFE,28.399999618530273,28.450000762939453,27.93000030517578,27.989999771118164,24721600
2024-06-26,PFE,27.90999984741211,27.93000030517578,27.06999969482422,27.420000076293945,30745800
2024-06-27,PFE,27.3700008392334,27.829999923706055,27.06999969482422,27.799999237060547,28399600
2024-06-28,PFE,27.780000686645508,28.1200008392334,27.639999389648438,27.979999542236328,33189200
2024-07-01,PFE,27.950000762939453,28.6299991607666,27.940000534057617,28.219999313354492,26209000
2024-07-02,PFE,28.219999313354492,28.280000686645508,27.690000534057617,27.829999923706055,21989800
2024-07-03,PFE,27.920000076293945,28.049999237060547,27.6200008392334,27.700000762939453,15180100
2024-07-05,PFE,27.760000228881836,28.09000015258789,27.670000076293945,28.049999237060547,17268700
2024-07-08,PFE,28.049999237060547,28.1200008392334,27.790000915527344,27.93000030517578,25694400
2024-07-09,PFE,27.8799991607666,27.940000534057617,27.299999237060547,27.719999313354492,36867800
2024-07-10,PFE,27.829999923706055,28.40999984741211,27.799999237060547,28.350000381469727,29873600
2024-07-11,PFE,28.780000686645508,29.229999542236328,28.420000076293945,28.65999984741211,47322600
2024-07-12,PFE,28.899999618530273,29.139999389648438,28.790000915527344,28.920000076293945,28397000
2024-07-15,PFE,29.030000686645508,29.270000457763672,28.829999923706055,29.100000381469727,30534400
2024-07-16,PFE,29.200000762939453,29.559999465942383,29.1200008392334,29.5,26912100
2024-07-17,PFE,29.420000076293945,30.299999237060547,29.309999465942383,30.030000686645508,45395000
2024-07-18,PFE,29.90999984741211,30.690000534057617,29.6299991607666,29.709999084472656,47279700
2024-07-19,PFE,29.940000534057617,30.0,29.549999237060547,29.969999313354492,30021200
2024-07-22,PFE,30.110000610351562,30.229999542236328,29.3799991607666,29.600000381469727,46483200
2024-07-23,PFE,29.6200008392334,29.639999389648438,29.329999923706055,29.5,25528300
2024-07-24,PFE,29.510000228881836,29.989999771118164,29.309999465942383,29.979999542236328,29579400
2024-07-25,PFE,29.969999313354492,30.93000030517578,29.969999313354492,30.18000030517578,42296200
2024-07-26,PFE,30.149999618530273,30.8799991607666,30.010000228881836,30.770000457763672,35657100
2024-07-29,PFE,30.690000534057617,30.93000030517578,30.440000534057617,30.719999313354492,41713700
2024-07-30,PFE,31.010000228881836,31.540000915527344,29.780000686645508,31.389999389648438,89857500
2024-07-31,PFE,31.200000762939453,31.260000228881836,30.469999313354492,30.540000915527344,40978700
2024-08-01,PFE,30.719999313354492,30.809999465942383,29.90999984741211,30.649999618530273,39753100
2024-08-02,PFE,30.8799991607666,31.31999969482422,30.010000228881836,30.43000030517578,42364700
2024-08-05,PFE,29.09000015258789,30.010000228881836,28.850000381469727,29.739999771118164,37838000
2024-08-06,PFE,29.729999542236328,30.049999237060547,29.25,29.31999969482422,29031800
2024-08-07,PFE,29.6299991607666,29.809999465942383,28.739999771118164,28.850000381469727,32866100
2024-08-08,PFE,28.93000030517578,29.010000228881836,28.540000915527344,28.760000228881836,32094400
2024-08-09,PFE,28.649999618530273,28.75,28.450000762939453,28.549999237060547,25795600
2024-08-12,PFE,28.579999923706055,28.610000610351562,28.31999969482422,28.450000762939453,21141600
2024-08-13,PFE,28.549999237060547,28.950000762939453,28.309999465942383,28.850000381469727,34620700
2024-08-14,PFE,28.799999237060547,29.18000030517578,28.670000076293945,28.8799991607666,23677700
2024-08-15,PFE,28.93000030517578,29.010000228881836,28.520000457763672,28.709999084472656,28676800
2024-08-16,PFE,28.649999618530273,28.649999618530273,27.850000381469727,28.299999237060547,50332900
2024-08-19,PFE,28.350000381469727,28.889999389648438,28.280000686645508,28.799999237060547,26382500
2024-08-20,PFE,28.799999237060547,29.190000534057617,28.799999237060547,28.899999618530273,21301300
2024-08-21,PFE,28.979999542236328,29.170000076293945,28.93000030517578,29.030000686645508,16729700
2024-08-22,PFE,29.020000457763672,29.1299991607666,28.540000915527344,28.780000686645508,20241500
2024-08-23,PFE,28.81999969482422,28.940000534057617,28.639999389648438,28.899999618530273,21885300
2024-08-26,PFE,28.920000076293945,29.049999237060547,28.770000457763672,28.920000076293945,16506000
2024-08-27,PFE,28.979999542236328,29.040000915527344,28.559999465942383,28.81999969482422,16184600
2024-08-28,PFE,28.780000686645508,29.079999923706055,28.639999389648438,28.75,19874100
2024-08-29,PFE,28.8700008392334,28.889999389648438,28.530000686645508,28.719999313354492,19229800
2024-08-30,PFE,28.719999313354492,29.049999237060547,28.670000076293945,29.010000228881836,37137600
2024-09-03,PFE,28.649999618530273,28.920000076293945,28.139999389648438,28.299999237060547,44499600
2024-09-04,PFE,28.290000915527344,28.540000915527344,28.200000762939453,28.389999389648438,23510500
2024-09-05,PFE,28.43000030517578,28.799999237060547,28.350000381469727,28.510000228881836,25927200
2024-09-06,PFE,28.559999465942383,28.770000457763672,28.280000686645508,28.559999465942383,31214500
2024-09-09,PFE,28.540000915527344,29.59000015258789,28.450000762939453,29.40999984741211,36558400
2024-09-10,PFE,29.420000076293945,29.760000228881836,29.190000534057617,29.739999771118164,32378800
2024-09-11,PFE,29.68000030517578,29.700000762939453,29.139999389648438,29.65999984741211,31943100
2024-09-12,PFE,29.579999923706055,29.709999084472656,28.760000228881836,29.15999984741211,32511800
2024-09-13,PFE,29.15999984741211,29.31999969482422,28.989999771118164,29.270000457763672,19987700
2024-09-16,PFE,29.56999969482422,30.139999389648438,29.440000534057617,30.06999969482422,29224600
2024-09-17,PFE,30.049999237060547,30.139999389648438,29.600000381469727,29.829999923706055,27055300
2024-09-18,PFE,30.0,30.139999389648438,29.729999542236328,29.75,25812800
2024-09-19,PFE,29.889999389648438,30.350000381469727,29.520000457763672,29.65999984741211,22653200
2024-09-20,PFE,29.540000915527344,29.549999237060547,29.229999542236328,29.420000076293945,56877400
2024-09-23,PFE,29.43000030517578,29.469999313354492,29.18000030517578,29.309999465942383,23126200
2024-09-24,PFE,29.25,29.59000015258789,29.149999618530273,29.5,21446200
2024-09-25,PFE,29.600000381469727,29.709999084472656,28.90999984741211,28.93000030517578,30712700
2024-09-26,PFE,28.479999542236328,29.010000228881836,28.309999465942383,28.969999313354492,32310400
2024-09-27,PFE,29.020000457763672,29.229999542236328,28.920000076293945,29.09000015258789,25013000
2024-09-30,PFE,29.110000610351562,29.190000534057617,28.780000686645508,28.940000534057617,27464700
2024-10-01,PFE,29.049999237060547,29.079999923706055,28.530000686645508,28.670000076293945,30725100
2024-10-02,PFE,28.600000381469727,28.770000457763672,28.3799991607666,28.610000610351562,24957200
2024-10-03,PFE,28.5,28.520000457763672,28.260000228881836,28.34000015258789,25678900
2024-10-04,PFE,28.290000915527344,28.59000015258789,28.239999771118164,28.579999923706055,28769000
2024-10-07,PFE,29.3700008392334,29.84000015258789,29.110000610351562,29.200000762939453,51426600
2024-10-08,PFE,29.209999084472656,29.489999771118164,29.0,29.18000030517578,29126600
2024-10-09,PFE,29.219999313354492,30.43000030517578,29.100000381469727,30.190000534057617,44244800
2024-10-10,PFE,29.889999389648438,30.079999923706055,29.280000686645508,29.34000015258789,34347700
2024-10-11,PFE,29.360000610351562,29.440000534057617,28.950000762939453,29.15999984741211,29617600
2024-10-14,PFE,29.15999984741211,29.170000076293945,28.850000381469727,29.079999923706055,23594200
2024-10-15,PFE,29.09000015258789,29.739999771118164,29.06999969482422,29.440000534057617,29009900
2024-10-16,PFE,29.5,29.81999969482422,29.43000030517578,29.670000076293945,28414800
2024-10-17,PFE,29.479999542236328,29.530000686645508,29.219999313354492,29.270000457763672,23779200
2024-10-18,PFE,29.299999237060547,29.3700008392334,29.079999923706055,29.219999313354492,24244900
2024-10-21,PFE,29.219999313354492,29.219999313354492,28.8799991607666,28.93000030517578,23395700
2024-10-22,PFE,28.899999618530273,28.989999771118164,28.600000381469727,28.84000015258789,29036400
2024-10-23,PFE,28.8700008392334,29.110000610351562,28.670000076293945,28.860000610351562,22217600
2024-10-24,PFE,28.860000610351562,28.979999542236328,28.5,28.639999389648438,31473600
2024-10-25,PFE,28.68000030517578,28.729999542236328,28.440000534057617,28.450000762939453,26091100
2024-10-28,PFE,28.600000381469727,28.940000534057617,28.559999465942383,28.860000610351562,37922500
2024-10-29,PFE,29.010000228881836,29.170000076293945,28.030000686645508,28.459999084472656,102267000
2024-10-30,PFE,28.309999465942383,28.600000381469727,28.190000534057617,28.520000457763672,47104000
2024-10-31,PFE,28.450000762939453,28.639999389648438,28.290000915527344,28.299999237060547,37909600
2024-11-01,PFE,28.479999542236328,28.540000915527344,28.049999237060547,28.09000015258789,46894600
2024-11-04,PFE,28.100000381469727,28.139999389648438,27.729999542236328,27.760000228881836,41347800
2024-11-05,PFE,27.739999771118164,28.0,27.579999923706055,27.989999771118164,44175800
2024-11-06,PFE,27.93000030517578,27.989999771118164,27.079999923706055,27.360000610351562,65749500
2024-11-07,PFE,27.530000686645508,27.59000015258789,27.34000015258789,27.459999084472656,48484800
2024-11-08,PFE,27.110000610351562,27.149999618530273,26.709999084472656,26.719999313354492,55951300
2024-11-11,PFE,26.719999313354492,26.829999923706055,26.219999313354492,26.239999771118164,54329300
2024-11-12,PFE,26.229999542236328,26.440000534057617,25.950000762939453,26.190000534057617,53035200
2024-11-13,PFE,26.229999542236328,26.75,25.979999542236328,26.719999313354492,47983100
2024-11-14,PFE,26.739999771118164,26.850000381469727,25.84000015258789,26.020000457763672,45262200
2024-11-15,PFE,25.700000762939453,25.700000762939453,24.479999542236328,24.799999237060547,131074400
2024-11-18,PFE,24.969999313354492,25.25,24.700000762939453,24.860000610351562,64221700
2024-11-19,PFE,24.700000762939453,25.110000610351562,24.610000610351562,25.100000381469727,52381200
2024-11-20,PFE,25.06999969482422,25.100000381469727,24.649999618530273,24.940000534057617,46170800
2024-11-21,PFE,24.8700008392334,25.219999313354492,24.780000686645508,25.1299991607666,45048400
2024-11-22,PFE,25.18000030517578,25.75,25.100000381469727,25.649999618530273,41897000
2024-11-25,PFE,25.75,26.450000762939453,25.739999771118164,26.170000076293945,57707600
2024-11-26,PFE,26.15999984741211,26.239999771118164,25.610000610351562,25.770000457763672,33001000
2024-11-27,PFE,25.760000228881836,25.950000762939453,25.700000762939453,25.829999923706055,28242100
2024-11-29,PFE,25.829999923706055,26.229999542236328,25.770000457763672,26.209999084472656,22023000
2024-12-02,PFE,26.06999969482422,26.219999313354492,25.729999542236328,25.81999969482422,43866400
2024-12-03,PFE,25.829999923706055,25.899999618530273,25.520000457763672,25.559999465942383,49064300
2024-12-04,PFE,25.450000762939453,25.5,25.18000030517578,25.229999542236328,42541500
2024-12-05,PFE,25.229999542236328,25.790000915527344,25.139999389648438,25.700000762939453,43647900
2024-12-06,PFE,25.739999771118164,26.100000381469727,25.59000015258789,25.729999542236328,31830700
2024-12-09,PFE,25.760000228881836,26.440000534057617,25.579999923706055,26.100000381469727,37464800
2024-12-10,PFE,26.100000381469727,26.110000610351562,25.510000228881836,25.56999969482422,43280500
2024-12-11,PFE,25.3799991607666,25.510000228881836,25.170000076293945,25.229999542236328,39569400
2024-12-12,PFE,25.18000030517578,25.479999542236328,25.059999465942383,25.3700008392334,38705100
2024-12-13,PFE,25.34000015258789,25.65999984741211,25.260000228881836,25.579999923706055,29043600
2024-12-16,PFE,25.59000015258789,25.75,25.219999313354492,25.25,40194000
2024-12-17,PFE,25.899999618530273,26.459999084472656,25.860000610351562,26.43000030517578,71440300
2024-12-18,PFE,26.190000534057617,26.520000457763672,25.860000610351562,25.889999389648438,47575100
2024-12-19,PFE,25.700000762939453,26.09000015258789,25.579999923706055,25.770000457763672,50324700
2024-12-20,PFE,25.700000762939453,26.489999771118164,25.700000762939453,26.360000610351562,116340100
2024-12-23,PFE,26.360000610351562,26.75,26.190000534057617,26.709999084472656,35350400
2024-12-24,PFE,26.59000015258789,26.770000457763672,26.3799991607666,26.739999771118164,19716400
2024-12-26,PFE,26.639999389648438,26.719999313354492,26.479999542236328,26.559999465942383,31406000
2024-12-27,PFE,26.43000030517578,26.850000381469727,26.420000076293945,26.6200008392334,35218300
2024-12-30,PFE,26.479999542236328,26.579999923706055,26.239999771118164,26.420000076293945,32859100
2024-12-31,PFE,26.399999618530273,26.649999618530273,26.360000610351562,26.530000686645508,27085500
2025-01-02,PFE,26.75,26.860000610351562,26.559999465942383,26.610000610351562,32899200
2025-01-03,PFE,26.700000762939453,26.84000015258789,26.520000457763672,26.59000015258789,33417000
2025-01-06,PFE,26.709999084472656,27.25,26.559999465942383,26.889999389648438,43951000
2025-01-07,PFE,27.010000228881836,27.56999969482422,26.940000534057617,27.1299991607666,35030000
2025-01-08,PFE,27.049999237060547,27.139999389648438,26.229999542236328,26.860000610351562,35430700
2025-01-10,PFE,26.8700008392334,27.049999237060547,26.690000534057617,26.719999313354492,32836900
2025-01-13,PFE,26.649999618530273,26.809999465942383,26.360000610351562,26.799999237060547,28359600
2025-01-14,PFE,26.809999465942383,26.8700008392334,26.270000457763672,26.40999984741211,25856900
2025-01-15,PFE,26.520000457763672,26.649999618530273,26.209999084472656,26.219999313354492,35949700
2025-01-16,PFE,26.06999969482422,26.56999969482422,25.959999084472656,26.489999771118164,29981100
2025-01-17,PFE,26.399999618530273,26.559999465942383,26.219999313354492,26.299999237060547,35380300
2025-01-21,PFE,26.450000762939453,26.639999389648438,26.389999389648438,26.639999389648438,39745600
2025-01-22,PFE,26.510000228881836,26.600000381469727,25.969999313354492,26.010000228881836,41890400
2025-01-23,PFE,26.010000228881836,26.479999542236328,25.850000381469727,26.440000534057617,40987000
2025-01-24,PFE,26.020000457763672,26.200000762939453,25.959999084472656,26.09000015258789,31300200
2025-01-27,PFE,26.239999771118164,26.969999313354492,26.18000030517578,26.860000610351562,50648600
2025-01-28,PFE,26.780000686645508,26.860000610351562,26.489999771118164,26.75,40589600
2025-01-29,PFE,26.799999237060547,27.06999969482422,26.56999969482422,26.6200008392334,34418200
2025-01-30,PFE,26.65999984741211,27.010000228881836,26.579999923706055,26.90999984741211,32289600
2025-01-31,PFE,26.959999084472656,27.010000228881836,26.420000076293945,26.520000457763672,37307000
2025-02-03,PFE,26.299999237060547,26.469999313354492,26.149999618530273,26.200000762939453,49626200
2025-02-04,PFE,26.100000381469727,26.920000076293945,25.600000381469727,25.8700008392334,68748300
2025-02-05,PFE,25.950000762939453,26.690000534057617,25.700000762939453,26.440000534057617,50426800
2025-02-06,PFE,26.420000076293945,26.469999313354492,25.780000686645508,25.829999923706055,45182000
2025-02-07,PFE,25.860000610351562,25.959999084472656,25.530000686645508,25.739999771118164,36512800
2025-02-10,PFE,25.780000686645508,26.1200008392334,25.510000228881836,25.8700008392334,39632700
2025-02-11,PFE,25.829999923706055,25.90999984741211,25.459999084472656,25.530000686645508,36593300
2025-02-12,PFE,25.479999542236328,25.6200008392334,25.170000076293945,25.469999313354492,31671600
2025-02-13,PFE,25.489999771118164,25.739999771118164,25.329999923706055,25.639999389648438,30612500
2025-02-14,PFE,25.729999542236328,25.829999923706055,25.469999313354492,25.530000686645508,33214600
2025-02-18,PFE,25.610000610351562,25.739999771118164,25.420000076293945,25.559999465942383,40499700
2025-02-19,PFE,25.56999969482422,25.920000076293945,25.5,25.889999389648438,37292400
2025-02-20,PFE,25.860000610351562,26.079999923706055,25.75,25.899999618530273,37139000
2025-02-21,PFE,25.889999389648438,26.56999969482422,25.850000381469727,26.299999237060547,54611500
2025-02-24,PFE,26.399999618530273,26.739999771118164,25.8799991607666,26.649999618530273,43823300
2025-02-25,PFE,26.719999313354492,27.030000686645508,26.540000915527344,26.739999771118164,43560100
2025-02-26,PFE,26.68000030517578,26.780000686645508,26.350000381469727,26.420000076293945,30103300
2025-02-27,PFE,26.290000915527344,26.5,26.010000228881836,26.100000381469727,28268300
2025-02-28,PFE,26.059999465942383,26.489999771118164,25.90999984741211,26.43000030517578,51531700
2025-03-03,PFE,26.3700008392334,26.899999618530273,25.969999313354492,26.25,54048600
2025-03-04,PFE,26.25,26.309999465942383,25.670000076293945,25.75,51315000
2025-03-05,PFE,25.700000762939453,26.18000030517578,25.65999984741211,25.940000534057617,37062400
2025-03-06,PFE,25.93000030517578,26.459999084472656,25.899999618530273,26.239999771118164,46998300
2025-03-07,PFE,26.399999618530273,26.889999389648438,26.18000030517578,26.729999542236328,54337700
2025-03-10,PFE,26.639999389648438,27.239999771118164,26.540000915527344,26.639999389648438,53013500
2025-03-11,PFE,26.56999969482422,26.6200008392334,25.8700008392334,25.989999771118164,44841400
2025-03-12,PFE,25.940000534057617,25.969999313354492,25.5,25.709999084472656,37331000
2025-03-13,PFE,25.760000228881836,26.06999969482422,25.530000686645508,25.600000381469727,36717900
2025-03-14,PFE,25.6200008392334,25.760000228881836,25.5,25.719999313354492,30298300
2025-03-17,PFE,25.739999771118164,26.149999618530273,25.59000015258789,26.049999237060547,32676900
2025-03-18,PFE,26.209999084472656,26.399999618530273,26.100000381469727,26.309999465942383,32958700
2025-03-19,PFE,26.329999923706055,26.5,26.079999923706055,26.209999084472656,42522700
2025-03-20,PFE,26.25,26.299999237060547,26.020000457763672,26.190000534057617,35378900
2025-03-21,PFE,26.1299991607666,26.520000457763672,26.010000228881836,26.280000686645508,349996500
2025-03-24,PFE,26.100000381469727,26.219999313354492,25.889999389648438,26.139999389648438,37944400
2025-03-25,PFE,26.15999984741211,26.200000762939453,25.510000228881836,25.549999237060547,47607600
2025-03-26,PFE,25.520000457763672,25.649999618530273,25.1299991607666,25.209999084472656,49487400
2025-03-27,PFE,25.200000762939453,25.229999542236328,24.829999923706055,25.010000228881836,51302000
2025-03-28,PFE,25.030000686645508,25.219999313354492,24.809999465942383,25.209999084472656,32352500
2025-03-31,PFE,24.799999237060547,25.43000030517578,24.610000610351562,25.34000015258789,53498100
2025-04-01,PFE,25.290000915527344,25.350000381469727,24.520000457763672,24.540000915527344,54444200
2025-04-02,PFE,24.5,24.739999771118164,24.309999465942383,24.700000762939453,41965000
2025-04-03,PFE,24.739999771118164,24.8700008392334,24.280000686645508,24.290000915527344,53501800
2025-04-04,PFE,23.940000534057617,24.100000381469727,22.950000762939453,22.969999313354492,80002600
2025-04-07,PFE,22.139999389648438,23.15999984741211,21.75,22.6299991607666,86106100
2025-04-08,PFE,22.899999618530273,22.989999771118164,21.440000534057617,21.84000015258789,72406000
2025-04-09,PFE,21.110000610351562,22.540000915527344,20.920000076293945,22.489999771118164,95954400
2025-04-10,PFE,22.260000228881836,22.270000457763672,21.09000015258789,21.59000015258789,72960700
2025-04-11,PFE,21.59000015258789,22.0,21.280000686645508,21.90999984741211,55078100
2025-04-14,PFE,22.079999923706055,22.229999542236328,21.8700008392334,22.1200008392334,61900900
2025-04-15,PFE,22.170000076293945,22.93000030517578,22.1299991607666,22.440000534057617,51814700
2025-04-16,PFE,22.489999771118164,22.68000030517578,21.950000762939453,22.040000915527344,37641200
2025-04-17,PFE,22.149999618530273,22.549999237060547,22.100000381469727,22.139999389648438,54073700
2025-04-21,PFE,22.1299991607666,22.170000076293945,21.8700008392334,22.040000915527344,32021000
2025-04-22,PFE,22.18000030517578,22.549999237060547,22.149999618530273,22.530000686645508,36052600
2025-04-23,PFE,22.780000686645508,23.059999465942383,22.239999771118164,22.389999389648438,50781000
2025-04-24,PFE,22.399999618530273,22.860000610351562,22.229999542236328,22.780000686645508,35009600
2025-04-25,PFE,22.770000457763672,23.110000610351562,22.479999542236328,22.920000076293945,35847700
2025-04-28,PFE,23.030000686645508,23.290000915527344,22.899999618530273,23.049999237060547,55888900
2025-04-29,PFE,22.829999923706055,24.1200008392334,22.459999084472656,23.790000915527344,98540200
2025-04-30,PFE,24.200000762939453,24.440000534057617,23.979999542236328,24.40999984741211,53941700
2025-05-01,PFE,24.299999237060547,24.329999923706055,23.799999237060547,23.93000030517578,46891700
2025-05-02,PFE,24.280000686645508,24.299999237060547,23.969999313354492,24.200000762939453,41685800
2025-05-05,PFE,24.200000762939453,24.25,23.850000381469727,23.8700008392334,40811800
2025-05-06,PFE,23.829999923706055,23.889999389648438,22.850000381469727,22.8799991607666,60872600
2025-05-07,PFE,22.989999771118164,23.09000015258789,22.719999313354492,22.790000915527344,48270500
2025-05-08,PFE,22.81999969482422,23.09000015258789,22.510000228881836,22.969999313354492,55669800
2025-05-09,PFE,22.510000228881836,22.600000381469727,22.260000228881836,22.280000686645508,39059800
2025-05-12,PFE,22.229999542236328,23.149999618530273,22.18000030517578,23.09000015258789,77480900
2025-05-13,PFE,22.899999618530273,22.979999542236328,22.489999771118164,22.8700008392334,41193200
2025-05-14,PFE,22.860000610351562,22.899999618530273,21.969999313354492,22.020000457763672,59394000
2025-05-15,PFE,22.200000762939453,22.600000381469727,22.09000015258789,22.600000381469727,51800100
2025-05-16,PFE,22.649999618530273,22.850000381469727,22.450000762939453,22.829999923706055,37786800
2025-05-19,PFE,22.739999771118164,23.030000686645508,22.639999389648438,23.0,31513700
2025-05-20,PFE,23.170000076293945,23.700000762939453,23.15999984741211,23.520000457763672,57047500
2025-05-21,PFE,23.469999313354492,23.479999542236328,23.040000915527344,23.040000915527344,42984700
2025-05-22,PFE,23.040000915527344,23.15999984741211,22.809999465942383,23.040000915527344,38602800
2025-05-23,PFE,22.950000762939453,23.389999389648438,22.8799991607666,23.31999969482422,35405400
2025-05-27,PFE,23.549999237060547,23.65999984741211,23.3700008392334,23.610000610351562,36155400
2025-05-28,PFE,23.610000610351562,23.639999389648438,23.110000610351562,23.18000030517578,36737200
2025-05-29,PFE,23.329999923706055,23.450000762939453,23.15999984741211,23.450000762939453,26091400
2025-05-30,PFE,23.479999542236328,23.6200008392334,23.15999984741211,23.489999771118164,56618600
2025-06-02,PFE,23.540000915527344,23.559999465942383,23.219999313354492,23.459999084472656,30443900
2025-06-03,PFE,23.3799991607666,23.540000915527344,23.059999465942383,23.350000381469727,37887100
2025-06-04,PFE,23.40999984741211,23.540000915527344,23.350000381469727,23.389999389648438,24500100
2025-06-05,PFE,23.440000534057617,23.440000534057617,23.079999923706055,23.1200008392334,33173600
2025-06-06,PFE,23.270000457763672,23.579999923706055,23.25,23.350000381469727,30426200
2025-06-09,PFE,23.440000534057617,24.139999389648438,23.420000076293945,23.969999313354492,42542600
2025-06-10,PFE,23.969999313354492,24.420000076293945,23.959999084472656,24.299999237060547,40439200
2025-06-11,PFE,24.329999923706055,24.690000534057617,24.31999969482422,24.479999542236328,38558700
2025-06-12,PFE,24.530000686645508,24.8799991607666,24.530000686645508,24.84000015258789,42465400
2025-06-13,PFE,24.790000915527344,24.950000762939453,24.459999084472656,24.540000915527344,46368400
2025-06-16,PFE,24.5,24.59000015258789,24.280000686645508,24.399999618530273,35102100
2025-06-17,PFE,24.270000457763672,24.31999969482422,23.90999984741211,24.0,40408800
2025-06-18,PFE,23.959999084472656,24.079999923706055,23.770000457763672,23.8799991607666,37076200
2025-06-20,PFE,24.0,24.09000015258789,23.770000457763672,23.969999313354492,63098100
2025-06-23,PFE,23.8700008392334,24.09000015258789,23.770000457763672,24.030000686645508,31959100
2025-06-24,PFE,24.139999389648438,24.399999618530273,24.110000610351562,24.309999465942383,34404200
2025-06-25,PFE,24.209999084472656,24.3700008392334,24.06999969482422,24.260000228881836,25603300
2025-06-26,PFE,24.31999969482422,24.43000030517578,24.15999984741211,24.239999771118164,31835300
2025-06-27,PFE,24.350000381469727,24.420000076293945,24.079999923706055,24.190000534057617,39528800
2025-06-30,PFE,24.209999084472656,24.3799991607666,24.1200008392334,24.239999771118164,44730900
2025-07-01,PFE,24.280000686645508,25.350000381469727,24.260000228881836,25.040000915527344,59259900
2025-07-02,PFE,25.1299991607666,25.360000610351562,25.030000686645508,25.31999969482422,36772100
2025-07-03,PFE,25.350000381469727,25.520000457763672,25.219999313354492,25.3799991607666,27104600
2025-07-07,PFE,25.360000610351562,25.530000686645508,25.139999389648438,25.239999771118164,34905900
2025-07-08,PFE,25.239999771118164,25.959999084472656,25.209999084472656,25.6200008392334,51275800
2025-07-09,PFE,25.690000534057617,25.84000015258789,25.34000015258789,25.559999465942383,38362200
2025-07-10,PFE,25.579999923706055,26.049999237060547,25.540000915527344,25.780000686645508,39499200
2025-07-11,PFE,25.649999618530273,25.719999313354492,25.420000076293945,25.649999618530273,34864400
2025-07-14,PFE,25.579999923706055,25.6299991607666,25.34000015258789,25.350000381469727,25918000
2025-07-15,PFE,25.34000015258789,25.440000534057617,24.530000686645508,24.610000610351562,54458000
2025-07-16,PFE,24.68000030517578,24.959999084472656,24.530000686645508,24.610000610351562,44218200
2025-07-17,PFE,24.489999771118164,24.780000686645508,24.450000762939453,24.579999923706055,47393900
2025-07-18,PFE,24.709999084472656,24.780000686645508,24.389999389648438,24.469999313354492,36309400
2025-07-21,PFE,24.59000015258789,24.649999618530273,24.260000228881836,24.260000228881836,33663400
2025-07-22,PFE,24.3700008392334,25.139999389648438,24.34000015258789,25.139999389648438,48091600
2025-07-23,PFE,25.3799991607666,25.530000686645508,25.25,25.360000610351562,42073300
2025-07-24,PFE,25.389999389648438,25.540000915527344,25.260000228881836,25.350000381469727,25672400
2025-07-25,PFE,24.969999313354492,24.969999313354492,24.6200008392334,24.790000915527344,35643400
2025-07-28,PFE,24.68000030517578,24.729999542236328,24.239999771118164,24.309999465942383,31096600
2025-07-29,PFE,24.309999465942383,24.329999923706055,23.93000030517578,24.299999237060547,38499800
2025-07-30,PFE,24.31999969482422,24.399999618530273,23.799999237060547,23.809999465942383,35649500
2025-07-31,PFE,23.600000381469727,23.84000015258789,23.139999389648438,23.290000915527344,62768300
2025-08-01,PFE,23.299999237060547,23.520000457763672,23.110000610351562,23.489999771118164,51332700
2025-08-04,PFE,23.440000534057617,23.68000030517578,23.399999618530273,23.530000686645508,57010700
2025-08-05,PFE,24.270000457763672,24.889999389648438,24.270000457763672,24.75,113955100
2025-08-06,PFE,24.68000030517578,24.709999084472656,23.860000610351562,23.93000030517578,65689200
2025-08-07,PFE,24.170000076293945,24.469999313354492,23.940000534057617,24.229999542236328,45494400
2025-08-08,PFE,24.290000915527344,24.610000610351562,24.15999984741211,24.579999923706055,36377000
2025-08-11,PFE,24.600000381469727,24.920000076293945,24.530000686645508,24.579999923706055,38115700
2025-08-12,PFE,24.65999984741211,24.770000457763672,24.469999313354492,24.649999618530273,34402700
2025-08-13,PFE,24.75,25.200000762939453,24.739999771118164,25.15999984741211,40176500
2025-08-14,PFE,25.09000015258789,25.18000030517578,24.81999969482422,25.110000610351562,32514000
2025-08-15,PFE,25.219999313354492,25.299999237060547,24.969999313354492,25.139999389648438,31844800
2025-08-18,PFE,25.139999389648438,25.229999542236328,25.010000228881836,25.06999969482422,35623300
2025-08-19,PFE,25.139999389648438,25.43000030517578,25.100000381469727,25.31999969482422,29170500
2025-08-20,PFE,25.389999389648438,25.690000534057617,25.34000015258789,25.3799991607666,38111000
2025-08-21,PFE,25.40999984741211,25.889999389648438,25.3700008392334,25.739999771118164,37068100
2025-08-22,PFE,25.899999618530273,26.110000610351562,25.760000228881836,25.8799991607666,34560500
2025-08-25,PFE,25.8799991607666,25.889999389648438,25.110000610351562,25.139999389648438,32684200
2025-08-26,PFE,25.139999389648438,25.239999771118164,24.8700008392334,24.920000076293945,43938700
2025-08-27,PFE,25.010000228881836,25.170000076293945,24.850000381469727,25.06999969482422,31840300
2025-08-28,PFE,25.06999969482422,25.06999969482422,24.510000228881836,24.600000381469727,44306800
2025-08-29,PFE,24.68000030517578,24.8799991607666,24.510000228881836,24.760000228881836,37030000
2025-09-02,PFE,24.729999542236328,25.06999969482422,24.709999084472656,24.979999542236328,44725000
2025-09-03,PFE,24.8799991607666,25.1200008392334,24.719999313354492,24.790000915527344,30957600
2025-09-04,PFE,24.780000686645508,24.780000686645508,24.350000381469727,24.540000915527344,41695500
2025-09-05,PFE,24.56999969482422,24.889999389648438,24.510000228881836,24.8799991607666,34613200
2025-09-08,PFE,24.899999618530273,24.969999313354492,24.309999465942383,24.549999237060547,49242900
2025-09-09,PFE,24.549999237060547,24.790000915527344,24.510000228881836,24.709999084472656,32751300
2025-09-10,PFE,24.639999389648438,24.649999618530273,24.450000762939453,24.56999969482422,32975900
2025-09-11,PFE,24.600000381469727,24.860000610351562,24.540000915527344,24.860000610351562,36784100
2025-09-12,PFE,24.809999465942383,24.84000015258789,23.84000015258789,23.8700008392334,81378200
2025-09-15,PFE,23.989999771118164,24.1200008392334,23.68000030517578,23.969999313354492,50760200
2025-09-16,PFE,23.959999084472656,24.219999313354492,23.8700008392334,23.899999618530273,57010800
2025-09-17,PFE,23.979999542236328,24.389999389648438,23.899999618530273,24.049999237060547,46351600
2025-09-18,PFE,24.049999237060547,24.239999771118164,23.959999084472656,24.149999618530273,34419000
2025-09-19,PFE,24.25,24.25,23.81999969482422,24.030000686645508,86577600
2025-09-22,PFE,24.280000686645508,24.799999237060547,24.030000686645508,24.040000915527344,67863300
2025-09-23,PFE,24.100000381469727,24.360000610351562,24.049999237060547,24.1299991607666,38955200
2025-09-24,PFE,24.170000076293945,24.18000030517578,23.979999542236328,24.09000015258789,39669400
2025-09-25,PFE,24.09000015258789,24.149999618530273,23.579999923706055,23.600000381469727,56738300
2025-09-26,PFE,23.729999542236328,23.809999465942383,23.610000610351562,23.760000228881836,33374500
2025-09-29,PFE,23.790000915527344,23.860000610351562,23.639999389648438,23.850000381469727,39184300
2025-09-30,PFE,23.850000381469727,25.6299991607666,23.809999465942383,25.479999542236328,164867300
2025-10-01,PFE,25.969999313354492,27.450000762939453,25.579999923706055,27.209999084472656,150879900
2025-10-02,PFE,26.93000030517578,27.170000076293945,26.6200008392334,27.079999923706055,69684100
2025-10-03,PFE,27.200000762939453,27.690000534057617,27.040000915527344,27.3700008392334,70524000
2025-10-06,PFE,27.270000457763672,27.360000610351562,26.389999389648438,26.43000030517578,62945600
2025-10-07,PFE,26.420000076293945,26.579999923706055,26.049999237060547,26.270000457763672,47744200
2025-10-08,PFE,26.420000076293945,26.5,25.6299991607666,25.68000030517578,48693300
2025-10-09,PFE,25.780000686645508,25.899999618530273,25.209999084472656,25.239999771118164,47278700
2025-10-10,PFE,25.260000228881836,25.420000076293945,24.6200008392334,24.780000686645508,64963900
2025-10-13,PFE,24.84000015258789,24.950000762939453,24.610000610351562,24.729999542236328,45356600
2025-10-14,PFE,24.649999618530273,24.790000915527344,24.479999542236328,24.520000457763672,42277000
2025-10-15,PFE,24.489999771118164,24.579999923706055,24.209999084472656,24.389999389648438,47729800
2025-10-16,PFE,24.440000534057617,24.610000610351562,24.209999084472656,24.229999542236328,44390000
2025-10-17,PFE,24.200000762939453,24.530000686645508,24.15999984741211,24.510000228881836,40101900
2025-10-20,PFE,24.56999969482422,24.729999542236328,24.510000228881836,24.690000534057617,35856800
2025-10-21,PFE,24.719999313354492,24.959999084472656,24.600000381469727,24.850000381469727,40726900
2025-10-22,PFE,24.790000915527344,24.93000030517578,24.6200008392334,24.719999313354492,48662900
2025-10-23,PFE,24.760000228881836,24.780000686645508,24.510000228881836,24.670000076293945,34219900
2025-10-24,PFE,24.700000762939453,24.829999923706055,24.68000030517578,24.760000228881836,27429200
2025-10-27,PFE,24.739999771118164,24.799999237060547,24.6299991607666,24.770000457763672,34974900
2025-10-28,PFE,24.780000686645508,24.780000686645508,24.3799991607666,24.5,50152400
2025-10-29,PFE,24.530000686645508,24.6299991607666,24.229999542236328,24.290000915527344,65438400
2025-10-30,PFE,24.309999465942383,24.700000762939453,24.149999618530273,24.290000915527344,157478000
2025-10-31,PFE,24.280000686645508,24.729999542236328,24.15999984741211,24.649999618530273,132697400
2025-11-03,PFE,24.59000015258789,24.75,24.40999984741211,24.65999984741211,140871300
2025-11-04,PFE,24.389999389648438,25.200000762939453,24.200000762939453,24.299999237060547,166162000
2025-11-05,PFE,24.3799991607666,24.670000076293945,24.15999984741211,24.610000610351562,107240900
2025-11-06,PFE,24.75,25.1299991607666,24.540000915527344,24.850000381469727,124137200
2025-11-07,PFE,24.329999923706055,24.6299991607666,24.110000610351562,24.43000030517578,117794500
2025-11-10,PFE,24.65999984741211,24.889999389648438,23.90999984741211,24.389999389648438,148958600
2025-11-11,PFE,24.489999771118164,25.510000228881836,24.440000534057617,25.510000228881836,139673800
2025-11-12,PFE,25.399999618530273,25.950000762939453,25.25,25.8700008392334,96008000
2025-11-13,PFE,25.940000534057617,26.479999542236328,25.670000076293945,25.790000915527344,123083100
2025-11-14,PFE,25.670000076293945,25.770000457763672,24.969999313354492,25.059999465942383,96507600
2025-11-17,PFE,25.110000610351562,25.56999969482422,24.950000762939453,25.079999923706055,88042200
2025-11-18,PFE,25.049999237060547,25.510000228881836,24.979999542236328,25.450000762939453,66511800
2025-11-19,PFE,25.350000381469727,25.5,24.719999313354492,24.8799991607666,62000200
2025-11-20,PFE,24.889999389648438,25.0,24.280000686645508,24.399999618530273,51983200
2025-11-21,PFE,24.59000015258789,25.520000457763672,24.59000015258789,25.040000915527344,73079400
2025-11-24,PFE,25.110000610351562,25.469999313354492,25.049999237060547,25.219999313354492,63074900
2025-11-25,PFE,25.3700008392334,25.969999313354492,25.360000610351562,25.719999313354492,39130300
2025-11-26,PFE,25.700000762939453,25.809999465942383,25.579999923706055,25.709999084472656,33461000
2025-11-28,PFE,25.850000381469727,25.860000610351562,25.65999984741211,25.739999771118164,22627600
2025-12-01,PFE,25.760000228881836,25.940000534057617,25.229999542236328,25.270000457763672,53198600
2025-12-02,PFE,25.31999969482422,25.31999969482422,25.040000915527344,25.149999618530273,43827000
2025-12-03,PFE,25.31999969482422,25.889999389648438,25.299999237060547,25.56999969482422,56121200
2025-12-04,PFE,25.6299991607666,25.739999771118164,25.350000381469727,25.700000762939453,35454000
2025-12-05,PFE,25.770000457763672,26.1200008392334,25.639999389648438,26.030000686645508,47443700
2025-12-08,PFE,26.040000915527344,26.190000534057617,25.760000228881836,25.770000457763672,45209300
2025-12-09,PFE,26.0,26.1299991607666,25.1299991607666,25.329999923706055,43483800
2025-12-10,PFE,25.489999771118164,25.790000915527344,25.219999313354492,25.780000686645508,43635400
2025-12-11,PFE,25.799999237060547,26.040000915527344,25.610000610351562,25.799999237060547,35570200
2025-12-12,PFE,25.84000015258789,26.040000915527344,25.719999313354492,25.850000381469727,51599700
2025-12-15,PFE,25.81999969482422,26.649999618530273,25.809999465942383,26.43000030517578,60360000
2025-12-16,PFE,26.440000534057617,26.510000228881836,24.920000076293945,25.530000686645508,111695500
2025-12-17,PFE,25.399999618530273,25.489999771118164,25.030000686645508,25.040000915527344,61255300
2025-12-18,PFE,25.010000228881836,25.229999542236328,24.979999542236328,25.040000915527344,47062500
2025-12-19,PFE,25.010000228881836,25.520000457763672,24.979999542236328,25.190000534057617,87590000
2025-12-22,PFE,25.200000762939453,25.399999618530273,25.1299991607666,25.209999084472656,38758900
2025-12-23,PFE,25.260000228881836,25.34000015258789,24.829999923706055,24.8799991607666,43692900
2025-12-24,PFE,24.920000076293945,25.139999389648438,24.90999984741211,25.030000686645508,19328500
2025-12-26,PFE,25.020000457763672,25.110000610351562,24.920000076293945,25.09000015258789,21617800
2025-12-29,PFE,25.049999237060547,25.200000762939453,24.969999313354492,25.0,33067700
2025-12-30,PFE,25.010000228881836,25.049999237060547,24.920000076293945,24.989999771118164,28821700
2023-01-03,TSLA,118.47000122070312,118.80000305175781,104.63999938964844,108.0999984741211,231402800
2023-01-04,TSLA,109.11000061035156,114.58999633789062,107.5199966430664,113.63999938964844,180389000
2023-01-05,TSLA,110.51000213623047,111.75,107.16000366210938,110.33999633789062,157986300
2023-01-06,TSLA,103.0,114.38999938964844,101.80999755859375,113.05999755859375,220911100
2023-01-09,TSLA,118.95999908447266,123.5199966430664,117.11000061035156,119.7699966430664,190284000
2023-01-10,TSLA,121.06999969482422,122.76000213623047,114.91999816894531,118.8499984741211,167642500
2023-01-11,TSLA,122.08999633789062,125.94999694824219,120.51000213623047,123.22000122070312,183810800
2023-01-12,TSLA,122.55999755859375,124.12999725341797,117.0,123.55999755859375,169400900
2023-01-13,TSLA,116.55000305175781,122.62999725341797,115.5999984741211,122.4000015258789,180714100
2023-01-17,TSLA,125.69999694824219,131.6999969482422,125.0199966430664,131.49000549316406,186477000
2023-01-18,TSLA,136.55999755859375,136.67999267578125,127.01000213623047,128.77999877929688,195680300
2023-01-19,TSLA,127.26000213623047,129.99000549316406,124.30999755859375,127.16999816894531,170291900
2023-01-20,TSLA,128.67999267578125,133.50999450683594,127.3499984741211,133.4199981689453,138858100
2023-01-23,TSLA,135.8699951171875,145.3800048828125,134.27000427246094,143.75,203119200
2023-01-24,TSLA,143.0,146.5,141.10000610351562,143.88999938964844,158699100
2023-01-25,TSLA,141.91000366210938,146.41000366210938,138.07000732421875,144.42999267578125,192734300
2023-01-26,TSLA,159.97000122070312,161.4199981689453,154.75999450683594,160.27000427246094,234815100
2023-01-27,TSLA,162.42999267578125,180.67999267578125,161.1699981689453,177.89999389648438,306590600
2023-01-30,TSLA,178.0500030517578,179.77000427246094,166.5,166.66000366210938,230878800
2023-01-31,TSLA,164.57000732421875,174.3000030517578,162.77999877929688,173.22000122070312,196813500
2023-02-01,TSLA,173.88999938964844,183.80999755859375,169.92999267578125,181.41000366210938,213806300
2023-02-02,TSLA,187.3300018310547,196.75,182.61000061035156,188.27000427246094,217448300
2023-02-03,TSLA,183.9499969482422,199.0,183.69000244140625,189.97999572753906,232662000
2023-02-06,TSLA,193.00999450683594,198.1699981689453,189.9199981689453,194.75999450683594,186188100
2023-02-07,TSLA,196.42999267578125,197.5,189.5500030517578,196.80999755859375,186010300
2023-02-08,TSLA,196.10000610351562,203.0,194.30999755859375,201.2899932861328,180673600
2023-02-09,TSLA,207.77999877929688,214.0,204.77000427246094,207.32000732421875,215431400
2023-02-10,TSLA,202.22999572753906,206.1999969482422,192.88999938964844,196.88999938964844,204754100
2023-02-13,TSLA,194.4199981689453,196.3000030517578,187.61000061035156,194.63999938964844,172475500
2023-02-14,TSLA,191.94000244140625,209.82000732421875,189.44000244140625,209.25,216455700
2023-02-15,TSLA,211.75999450683594,214.66000366210938,206.11000061035156,214.24000549316406,181006400
2023-02-16,TSLA,210.77999877929688,217.64999389648438,201.83999633789062,202.0399932861328,229586500
2023-02-17,TSLA,199.99000549316406,208.44000244140625,197.5,208.30999755859375,213738500
2023-02-21,TSLA,204.99000549316406,209.7100067138672,197.22000122070312,197.3699951171875,180018600
2023-02-22,TSLA,197.92999267578125,201.99000549316406,191.77999877929688,200.86000061035156,191828500
2023-02-23,TSLA,203.91000366210938,205.13999938964844,196.3300018310547,202.07000732421875,146360000
2023-02-24,TSLA,196.3300018310547,197.6699981689453,192.8000030517578,196.8800048828125,142228100
2023-02-27,TSLA,202.02999877929688,209.4199981689453,201.25999450683594,207.6300048828125,161028300
2023-02-28,TSLA,210.58999633789062,211.22999572753906,203.75,205.7100067138672,153144900
2023-03-01,TSLA,206.2100067138672,207.1999969482422,198.52000427246094,202.77000427246094,156852800
2023-03-02,TSLA,186.74000549316406,193.75,186.00999450683594,190.89999389648438,181500700
2023-03-03,TSLA,194.8000030517578,200.47999572753906,192.8800048828125,197.7899932861328,154193300
2023-03-06,TSLA,198.5399932861328,198.60000610351562,192.3000030517578,193.80999755859375,128100100
2023-03-07,TSLA,191.3800048828125,194.1999969482422,186.10000610351562,187.7100067138672,148125800
2023-03-08,TSLA,185.0399932861328,186.5,180.0,182.0,151897800
2023-03-09,TSLA,180.25,185.17999267578125,172.50999450683594,172.9199981689453,170023800
2023-03-10,TSLA,175.1300048828125,178.2899932861328,168.44000244140625,173.44000244140625,191488900
2023-03-13,TSLA,167.4600067138672,177.35000610351562,163.91000366210938,174.47999572753906,167790300
2023-03-14,TSLA,177.30999755859375,183.8000030517578,177.13999938964844,183.25999450683594,143717900
2023-03-15,TSLA,180.8000030517578,182.33999633789062,176.02999877929688,180.4499969482422,145995600
2023-03-16,TSLA,180.3699951171875,185.80999755859375,178.83999633789062,184.1300048828125,121136800
2023-03-17,TSLA,184.52000427246094,186.22000122070312,177.3300018310547,180.1300048828125,133197100
2023-03-20,TSLA,178.0800018310547,186.44000244140625,176.35000610351562,183.25,129684400
2023-03-21,TSLA,188.27999877929688,198.0,188.0399932861328,197.5800018310547,153391400
2023-03-22,TSLA,199.3000030517578,200.66000366210938,190.9499969482422,191.14999389648438,150376400
2023-03-23,TSLA,195.25999450683594,199.30999755859375,188.64999389648438,192.22000122070312,144193900
2023-03-24,TSLA,191.64999389648438,192.36000061035156,187.14999389648438,190.41000366210938,116312400
2023-03-27,TSLA,194.4199981689453,197.38999938964844,189.94000244140625,191.80999755859375,120851600
2023-03-28,TSLA,192.0,192.35000610351562,185.42999267578125,189.19000244140625,98654600
2023-03-29,TSLA,193.1300048828125,195.2899932861328,189.44000244140625,193.8800048828125,123660000
2023-03-30,TSLA,195.5800018310547,197.3300018310547,194.4199981689453,195.27999877929688,110252200
2023-03-31,TSLA,197.52999877929688,207.7899932861328,197.1999969482422,207.4600067138672,170222100
2023-04-03,TSLA,199.91000366210938,202.69000244140625,192.1999969482422,194.77000427246094,169545900
2023-04-04,TSLA,197.32000732421875,198.74000549316406,190.32000732421875,192.5800018310547,126463800
2023-04-05,TSLA,190.52000427246094,190.67999267578125,183.75999450683594,185.52000427246094,133882500
2023-04-06,TSLA,183.0800018310547,186.38999938964844,179.74000549316406,185.05999755859375,123857900
2023-04-10,TSLA,179.94000244140625,185.10000610351562,176.11000061035156,184.50999450683594,142154600
2023-04-11,TSLA,186.69000244140625,189.19000244140625,185.64999389648438,186.7899932861328,115770900
2023-04-12,TSLA,190.74000549316406,191.5800018310547,180.30999755859375,180.5399932861328,150256300
2023-04-13,TSLA,182.9600067138672,186.5,180.94000244140625,185.89999389648438,112933000
2023-04-14,TSLA,183.9499969482422,186.27999877929688,182.00999450683594,185.0,96438700
2023-04-17,TSLA,186.32000732421875,189.69000244140625,182.69000244140625,187.0399932861328,116662200
2023-04-18,TSLA,187.14999389648438,187.69000244140625,183.5800018310547,184.30999755859375,92067000
2023-04-19,TSLA,179.10000610351562,183.5,177.64999389648438,180.58999633789062,125732700
2023-04-20,TSLA,166.1699981689453,169.6999969482422,160.55999755859375,162.99000549316406,210970800
2023-04-21,TSLA,164.8000030517578,166.0,161.32000732421875,165.0800018310547,123539000
2023-04-24,TSLA,164.64999389648438,165.64999389648438,158.61000061035156,162.5500030517578,140006600
2023-04-25,TSLA,159.82000732421875,163.47000122070312,158.75,160.6699981689453,121999300
2023-04-26,TSLA,160.2899932861328,160.6699981689453,153.13999938964844,153.75,153364100
2023-04-27,TSLA,152.63999938964844,160.47999572753906,152.3699951171875,160.19000244140625,127015200
2023-04-28,TSLA,160.89999389648438,165.0,157.32000732421875,164.30999755859375,122515800
2023-05-01,TSLA,163.1699981689453,163.27999877929688,158.8300018310547,161.8300018310547,109015000
2023-05-02,TSLA,161.8800048828125,165.49000549316406,158.92999267578125,160.30999755859375,128259700
2023-05-03,TSLA,160.00999450683594,165.0,159.91000366210938,160.61000061035156,119728000
2023-05-04,TSLA,162.7100067138672,162.9499969482422,159.64999389648438,161.1999969482422,95108500
2023-05-05,TSLA,163.97000122070312,170.7899932861328,163.50999450683594,170.05999755859375,107607300
2023-05-08,TSLA,173.72000122070312,173.8000030517578,169.19000244140625,171.7899932861328,112249400
2023-05-09,TSLA,168.9499969482422,169.82000732421875,166.55999755859375,169.14999389648438,88965000
2023-05-10,TSLA,172.5500030517578,174.42999267578125,166.67999267578125,168.5399932861328,119840700
2023-05-11,TSLA,168.6999969482422,173.57000732421875,166.7899932861328,172.0800018310547,103889900
2023-05-12,TSLA,176.07000732421875,177.3800048828125,167.22999572753906,167.97999572753906,157849600
2023-05-15,TSLA,167.66000366210938,169.75999450683594,164.5500030517578,166.35000610351562,105592500
2023-05-16,TSLA,165.64999389648438,169.52000427246094,164.35000610351562,166.52000427246094,98288800
2023-05-17,TSLA,168.41000366210938,174.5,167.19000244140625,173.86000061035156,125473600
2023-05-18,TSLA,174.22000122070312,177.05999755859375,172.4499969482422,176.88999938964844,109520300
2023-05-19,TSLA,177.1699981689453,181.9499969482422,176.30999755859375,180.13999938964844,136196700
2023-05-22,TSLA,180.6999969482422,189.32000732421875,180.11000061035156,188.8699951171875,132001400
2023-05-23,TSLA,186.1999969482422,192.9600067138672,185.25999450683594,185.77000427246094,156952100
2023-05-24,TSLA,182.22999572753906,184.22000122070312,178.22000122070312,182.89999389648438,137605100
2023-05-25,TSLA,186.5399932861328,186.77999877929688,180.5800018310547,184.47000122070312,96870700
2023-05-26,TSLA,184.6199951171875,198.60000610351562,184.52999877929688,193.1699981689453,162061500
2023-05-30,TSLA,200.10000610351562,204.47999572753906,197.52999877929688,201.16000366210938,128818700
2023-05-31,TSLA,199.77999877929688,203.9499969482422,195.1199951171875,203.92999267578125,150711700
2023-06-01,TSLA,202.58999633789062,209.8000030517578,199.3699951171875,207.52000427246094,148029900
2023-06-02,TSLA,210.14999389648438,217.25,209.75,213.97000122070312,164398400
2023-06-05,TSLA,217.8000030517578,221.2899932861328,214.52000427246094,217.61000061035156,151143100
2023-06-06,TSLA,216.13999938964844,221.91000366210938,212.52999877929688,221.30999755859375,146911600
2023-06-07,TSLA,228.0,230.8300018310547,223.1999969482422,224.57000732421875,185710800
2023-06-08,TSLA,224.22000122070312,235.22999572753906,223.00999450683594,234.86000061035156,164489700
2023-06-09,TSLA,249.07000732421875,252.4199981689453,242.02000427246094,244.39999389648438,200242400
2023-06-12,TSLA,247.94000244140625,250.97000122070312,244.58999633789062,249.8300018310547,150337900
2023-06-13,TSLA,253.50999450683594,259.67999267578125,251.33999633789062,258.7099914550781,162384300
2023-06-14,TSLA,260.1700134277344,261.57000732421875,250.5,256.7900085449219,170575500
2023-06-15,TSLA,248.39999389648438,258.95001220703125,247.2899932861328,255.89999389648438,160171200
2023-06-16,TSLA,258.9200134277344,263.6000061035156,257.2099914550781,260.5400085449219,167915600
2023-06-20,TSLA,261.5,274.75,261.1199951171875,274.45001220703125,165611200
2023-06-21,TSLA,275.1300048828125,276.989990234375,257.7799987792969,259.4599914550781,211797100
2023-06-22,TSLA,250.77000427246094,265.0,248.25,264.6099853515625,166875900
2023-06-23,TSLA,259.2900085449219,262.45001220703125,252.8000030517578,256.6000061035156,177460800
2023-06-26,TSLA,250.07000732421875,258.3699951171875,240.6999969482422,241.0500030517578,179990600
2023-06-27,TSLA,243.24000549316406,250.38999938964844,240.85000610351562,250.2100067138672,164968200
2023-06-28,TSLA,249.6999969482422,259.8800048828125,248.88999938964844,256.239990234375,159770800
2023-06-29,TSLA,258.0299987792969,260.739990234375,253.61000061035156,257.5,131283400
2023-06-30,TSLA,260.6000061035156,264.45001220703125,259.8900146484375,261.7699890136719,112620800
2023-07-03,TSLA,276.489990234375,284.25,275.1099853515625,279.82000732421875,119685900
2023-07-05,TSLA,278.82000732421875,283.8500061035156,277.6000061035156,282.4800109863281,131530900
2023-07-06,TSLA,278.0899963378906,279.9700012207031,272.8800048828125,276.5400085449219,120332100
2023-07-07,TSLA,278.42999267578125,280.7799987792969,273.7699890136719,274.42999267578125,113879200
2023-07-10,TSLA,276.4700012207031,277.5199890136719,265.1000061035156,269.6099853515625,119425400
2023-07-11,TSLA,268.6499938964844,270.8999938964844,266.3699951171875,269.7900085449219,91972400
2023-07-12,TSLA,276.3299865722656,276.5199890136719,271.4599914550781,271.989990234375,95672100
2023-07-13,TSLA,274.5899963378906,279.45001220703125,270.6000061035156,277.8999938964844,112681500
2023-07-14,TSLA,277.010009765625,285.29998779296875,276.30999755859375,281.3800048828125,120062400
2023-07-17,TSLA,286.6300048828125,292.2300109863281,283.57000732421875,290.3800048828125,131569600
2023-07-18,TSLA,290.1499938964844,295.260009765625,286.010009765625,293.3399963378906,112120300
2023-07-19,TSLA,296.0400085449219,299.2900085449219,289.5199890136719,291.260009765625,142355400
2023-07-20,TSLA,279.55999755859375,280.92999267578125,261.20001220703125,262.8999938964844,175158300
2023-07-21,TSLA,268.0,268.0,255.8000030517578,260.0199890136719,161796100
2023-07-24,TSLA,255.85000610351562,269.8500061035156,254.1199951171875,269.05999755859375,136508500
2023-07-25,TSLA,272.3800048828125,272.8999938964844,265.0,265.2799987792969,112757300
2023-07-26,TSLA,263.25,268.0400085449219,261.75,264.3500061035156,95856200
2023-07-27,TSLA,268.30999755859375,269.1300048828125,255.3000030517578,255.7100067138672,103697300
2023-07-28,TSLA,259.8599853515625,267.25,258.2300109863281,266.44000244140625,111446000
2023-07-31,TSLA,267.4800109863281,269.0799865722656,263.7799987792969,267.42999267578125,84582200
2023-08-01,TSLA,266.260009765625,266.4700012207031,260.25,261.07000732421875,83166000
2023-08-02,TSLA,255.57000732421875,259.5199890136719,250.49000549316406,254.11000061035156,101752900
2023-08-03,TSLA,252.0399932861328,260.489990234375,252.0,259.32000732421875,97569100
2023-08-04,TSLA,260.9700012207031,264.7699890136719,253.11000061035156,253.86000061035156,99539900
2023-08-07,TSLA,251.4499969482422,253.64999389648438,242.75999450683594,251.4499969482422,111097900
2023-08-08,TSLA,247.4499969482422,250.9199981689453,245.00999450683594,249.6999969482422,96642200
2023-08-09,TSLA,250.8699951171875,251.10000610351562,241.89999389648438,242.19000244140625,101596300
2023-08-10,TSLA,245.39999389648438,251.8000030517578,243.0,245.33999633789062,109498600
2023-08-11,TSLA,241.77000427246094,243.7899932861328,238.02000427246094,242.64999389648438,99038600
2023-08-14,TSLA,235.6999969482422,240.66000366210938,233.75,239.75999450683594,98595300
2023-08-15,TSLA,238.72999572753906,240.5,232.61000061035156,232.9600067138672,88197600
2023-08-16,TSLA,228.02000427246094,233.97000122070312,225.3800048828125,225.60000610351562,112484500
2023-08-17,TSLA,226.05999755859375,226.74000549316406,218.8300018310547,219.22000122070312,120718400
2023-08-18,TSLA,214.1199951171875,217.5800018310547,212.36000061035156,215.49000549316406,136276600
2023-08-21,TSLA,221.5500030517578,232.1300048828125,220.5800018310547,231.27999877929688,135702700
2023-08-22,TSLA,240.25,240.82000732421875,229.5500030517578,233.19000244140625,130442800
2023-08-23,TSLA,229.33999633789062,238.97999572753906,229.2899932861328,236.86000061035156,101077600
2023-08-24,TSLA,238.66000366210938,238.9199981689453,228.17999267578125,230.0399932861328,99777400
2023-08-25,TSLA,231.30999755859375,239.0,230.35000610351562,238.58999633789062,106612200
2023-08-28,TSLA,242.5800018310547,244.3800048828125,235.35000610351562,238.82000732421875,107673700
2023-08-29,TSLA,238.5800018310547,257.4800109863281,237.77000427246094,257.17999267578125,134047600
2023-08-30,TSLA,254.1999969482422,260.510009765625,250.58999633789062,256.8999938964844,121988400
2023-08-31,TSLA,255.97999572753906,261.17999267578125,255.0500030517578,258.0799865722656,108861700
2023-09-01,TSLA,257.260009765625,259.0799865722656,242.00999450683594,245.00999450683594,132541600
2023-09-05,TSLA,245.0,258.0,244.86000061035156,256.489990234375,129469600
2023-09-06,TSLA,255.13999938964844,255.38999938964844,245.05999755859375,251.9199981689453,116959800
2023-09-07,TSLA,245.07000732421875,252.80999755859375,243.27000427246094,251.49000549316406,115312900
2023-09-08,TSLA,251.22000122070312,256.5199890136719,246.6699981689453,248.5,118367700
2023-09-11,TSLA,264.2699890136719,274.8500061035156,260.6099853515625,273.5799865722656,174667900
2023-09-12,TSLA,270.760009765625,278.3900146484375,266.6000061035156,267.4800109863281,135999900
2023-09-13,TSLA,270.07000732421875,274.9800109863281,268.1000061035156,271.29998779296875,111673700
2023-09-14,TSLA,271.32000732421875,276.7099914550781,270.4200134277344,276.0400085449219,107709800
2023-09-15,TSLA,277.54998779296875,278.9800109863281,271.0,274.3900146484375,133692300
2023-09-18,TSLA,271.1600036621094,271.44000244140625,263.760009765625,265.2799987792969,101543300
2023-09-19,TSLA,264.3500061035156,267.8500061035156,261.20001220703125,266.5,103704000
2023-09-20,TSLA,267.0400085449219,273.92999267578125,262.4599914550781,262.5899963378906,122514600
2023-09-21,TSLA,257.8500061035156,260.8599853515625,254.2100067138672,255.6999969482422,119951500
2023-09-22,TSLA,257.3999938964844,257.7900085449219,244.47999572753906,244.8800048828125,127524100
2023-09-25,TSLA,243.3800048828125,247.10000610351562,238.30999755859375,246.99000549316406,104636600
2023-09-26,TSLA,242.97999572753906,249.5500030517578,241.66000366210938,244.1199951171875,101993600
2023-09-27,TSLA,244.25999450683594,245.3300018310547,234.5800018310547,240.5,136597200
2023-09-28,TSLA,240.02000427246094,247.5500030517578,238.64999389648438,246.3800048828125,117058900
2023-09-29,TSLA,250.0,254.77000427246094,246.35000610351562,250.22000122070312,128522700
2023-10-02,TSLA,244.80999755859375,254.27999877929688,242.6199951171875,251.60000610351562,123810400
2023-10-03,TSLA,248.61000061035156,250.02000427246094,244.4499969482422,246.52999877929688,101985300
2023-10-04,TSLA,248.13999938964844,261.8599853515625,247.60000610351562,261.1600036621094,129721600
2023-10-05,TSLA,260.0,263.6000061035156,256.25,260.04998779296875,119159200
2023-10-06,TSLA,253.97999572753906,261.6499938964844,250.64999389648438,260.5299987792969,118121800
2023-10-09,TSLA,255.30999755859375,261.3599853515625,252.0500030517578,259.6700134277344,101377900
2023-10-10,TSLA,257.75,268.94000244140625,257.6499938964844,263.6199951171875,122656000
2023-10-11,TSLA,266.20001220703125,268.6000061035156,260.8999938964844,262.989990234375,103706300
2023-10-12,TSLA,262.9200134277344,265.4100036621094,256.6300048828125,258.8699951171875,111508100
2023-10-13,TSLA,258.8999938964844,259.6000061035156,250.22000122070312,251.1199951171875,102073800
2023-10-16,TSLA,250.0500030517578,255.39999389648438,248.47999572753906,253.9199981689453,88917200
2023-10-17,TSLA,250.10000610351562,257.17999267578125,247.0800018310547,254.85000610351562,93562900
2023-10-18,TSLA,252.6999969482422,254.6300048828125,242.0800018310547,242.67999267578125,125147800
2023-10-19,TSLA,225.9499969482422,230.61000061035156,216.77999877929688,220.11000061035156,170772700
2023-10-20,TSLA,217.00999450683594,218.86000061035156,210.4199981689453,211.99000549316406,138010100
2023-10-23,TSLA,210.0,216.97999572753906,202.50999450683594,212.0800018310547,150683400
2023-10-24,TSLA,216.5,222.0500030517578,214.11000061035156,216.52000427246094,118231100
2023-10-25,TSLA,215.8800048828125,220.10000610351562,212.1999969482422,212.4199981689453,107065100
2023-10-26,TSLA,211.32000732421875,214.8000030517578,204.8800048828125,205.75999450683594,115112600
2023-10-27,TSLA,210.60000610351562,212.41000366210938,205.77000427246094,207.3000030517578,94881200
2023-10-30,TSLA,209.27999877929688,210.8800048828125,194.6699981689453,197.36000061035156,136448200
2023-10-31,TSLA,196.1199951171875,202.8000030517578,194.07000732421875,200.83999633789062,118068300
2023-11-01,TSLA,204.0399932861328,205.99000549316406,197.85000610351562,205.66000366210938,121661700
2023-11-02,TSLA,212.97000122070312,219.1999969482422,211.4499969482422,218.50999450683594,125987600
2023-11-03,TSLA,221.14999389648438,226.3699951171875,218.39999389648438,219.9600067138672,119534800
2023-11-06,TSLA,223.97999572753906,226.32000732421875,215.0,219.27000427246094,117335800
2023-11-07,TSLA,219.97999572753906,223.1199951171875,215.72000122070312,222.17999267578125,116900100
2023-11-08,TSLA,223.14999389648438,224.14999389648438,217.63999938964844,222.11000061035156,106584800
2023-11-09,TSLA,219.75,220.8000030517578,206.67999267578125,209.97999572753906,142110500
2023-11-10,TSLA,210.02999877929688,215.3800048828125,205.69000244140625,214.64999389648438,130994000
2023-11-13,TSLA,215.60000610351562,225.39999389648438,211.61000061035156,223.7100067138672,140447600
2023-11-14,TSLA,235.02999877929688,238.13999938964844,230.72000122070312,237.41000366210938,149771600
2023-11-15,TSLA,239.2899932861328,246.6999969482422,236.4499969482422,242.83999633789062,150354000
2023-11-16,TSLA,239.49000549316406,240.8800048828125,230.9600067138672,233.58999633789062,136816800
2023-11-17,TSLA,232.0,237.38999938964844,226.5399932861328,234.3000030517578,142532800
2023-11-20,TSLA,234.0399932861328,237.10000610351562,231.02000427246094,235.60000610351562,116320100
2023-11-21,TSLA,235.0399932861328,243.6199951171875,233.33999633789062,241.1999969482422,122288000
2023-11-22,TSLA,242.0399932861328,244.00999450683594,231.39999389648438,234.2100067138672,117950600
2023-11-24,TSLA,233.75,238.75,232.3300018310547,235.4499969482422,65125200
2023-11-27,TSLA,236.88999938964844,238.3300018310547,232.10000610351562,236.0800018310547,112031800
2023-11-28,TSLA,236.67999267578125,247.0,234.00999450683594,246.72000122070312,148549900
2023-11-29,TSLA,249.2100067138672,252.75,242.75999450683594,244.13999938964844,135401300
2023-11-30,TSLA,245.13999938964844,245.22000122070312,236.91000366210938,240.0800018310547,132353200
2023-12-01,TSLA,233.13999938964844,240.19000244140625,231.89999389648438,238.8300018310547,121331700
2023-12-04,TSLA,235.75,239.3699951171875,233.2899932861328,235.5800018310547,104099800
2023-12-05,TSLA,233.8699951171875,246.66000366210938,233.6999969482422,238.72000122070312,137971100
2023-12-06,TSLA,242.9199981689453,246.57000732421875,239.1699981689453,239.3699951171875,126436200
2023-12-07,TSLA,241.5500030517578,244.0800018310547,236.97999572753906,242.63999938964844,107142300
2023-12-08,TSLA,240.27000427246094,245.27000427246094,239.27000427246094,243.83999633789062,103126800
2023-12-11,TSLA,242.74000549316406,243.44000244140625,237.4499969482422,239.74000549316406,97913900
2023-12-12,TSLA,238.5500030517578,238.99000549316406,233.8699951171875,237.00999450683594,95328300
2023-12-13,TSLA,234.19000244140625,240.3000030517578,228.1999969482422,239.2899932861328,146286300
2023-12-14,TSLA,241.22000122070312,253.8800048828125,240.7899932861328,251.0500030517578,160829200
2023-12-15,TSLA,251.2100067138672,254.1300048828125,248.3000030517578,253.5,135932800
2023-12-18,TSLA,253.77999877929688,258.739990234375,251.36000061035156,252.0800018310547,116416500
2023-12-19,TSLA,253.47999572753906,258.3399963378906,253.00999450683594,257.2200012207031,106737400
2023-12-20,TSLA,256.4100036621094,259.8399963378906,247.0,247.13999938964844,125097000
2023-12-21,TSLA,251.89999389648438,254.8000030517578,248.5500030517578,254.5,109594200
2023-12-22,TSLA,256.760009765625,258.2200012207031,251.3699951171875,252.5399932861328,93370100
2023-12-26,TSLA,254.49000549316406,257.9700012207031,252.91000366210938,256.6099853515625,86892400
2023-12-27,TSLA,258.3500061035156,263.3399963378906,257.5199890136719,261.44000244140625,106494400
2023-12-28,TSLA,263.6600036621094,265.1300048828125,252.7100067138672,253.17999267578125,113619900
2023-12-29,TSLA,255.10000610351562,255.19000244140625,247.42999267578125,248.47999572753906,100891600
2024-01-02,TSLA,250.0800018310547,251.25,244.41000366210938,248.4199981689453,104654200
2024-01-03,TSLA,244.97999572753906,245.67999267578125,236.32000732421875,238.4499969482422,121082600
2024-01-04,TSLA,239.25,242.6999969482422,237.72999572753906,237.92999267578125,102629300
2024-01-05,TSLA,236.86000061035156,240.1199951171875,234.89999389648438,237.49000549316406,92488900
2024-01-08,TSLA,236.13999938964844,241.25,235.3000030517578,240.4499969482422,85166600
2024-01-09,TSLA,238.11000061035156,238.9600067138672,232.0399932861328,234.9600067138672,96705700
2024-01-10,TSLA,235.10000610351562,235.5,231.2899932861328,233.94000244140625,91628500
2024-01-11,TSLA,230.57000732421875,230.92999267578125,225.3699951171875,227.22000122070312,105873600
2024-01-12,TSLA,220.0800018310547,225.33999633789062,217.14999389648438,218.88999938964844,123043800
2024-01-16,TSLA,215.10000610351562,223.49000549316406,212.17999267578125,219.91000366210938,115355000
2024-01-17,TSLA,214.86000061035156,215.6699981689453,212.00999450683594,215.5500030517578,103164400
2024-01-18,TSLA,216.8800048828125,217.4499969482422,208.74000549316406,211.8800048828125,108595400
2024-01-19,TSLA,209.99000549316406,213.19000244140625,207.55999755859375,212.19000244140625,102260300
2024-01-22,TSLA,212.25999450683594,217.8000030517578,206.27000427246094,208.8000030517578,117952500
2024-01-23,TSLA,211.3000030517578,215.64999389648438,207.75,209.13999938964844,106605900
2024-01-24,TSLA,211.8800048828125,212.72999572753906,206.77000427246094,207.8300018310547,123369900
2024-01-25,TSLA,189.6999969482422,193.0,180.05999755859375,182.6300048828125,198076800
2024-01-26,TSLA,185.5,186.77999877929688,182.10000610351562,183.25,107343200
2024-01-29,TSLA,185.6300048828125,191.47999572753906,183.6699981689453,190.92999267578125,125013100
2024-01-30,TSLA,195.3300018310547,196.36000061035156,190.61000061035156,191.58999633789062,109982300
2024-01-31,TSLA,187.0,193.97000122070312,185.85000610351562,187.2899932861328,103221400
2024-02-01,TSLA,188.5,189.8800048828125,184.27999877929688,188.86000061035156,91843300
2024-02-02,TSLA,185.0399932861328,188.69000244140625,182.0,187.91000366210938,110612700
2024-02-05,TSLA,184.25999450683594,184.67999267578125,175.00999450683594,181.05999755859375,134294400
2024-02-06,TSLA,177.2100067138672,186.49000549316406,177.11000061035156,185.10000610351562,122676000
2024-02-07,TSLA,188.17999267578125,189.7899932861328,182.67999267578125,187.5800018310547,111535200
2024-02-08,TSLA,189.0,191.6199951171875,185.5800018310547,189.55999755859375,83034000
2024-02-09,TSLA,190.17999267578125,194.1199951171875,189.47999572753906,193.57000732421875,84476300
2024-02-12,TSLA,192.11000061035156,194.72999572753906,187.27999877929688,188.1300048828125,95498600
2024-02-13,TSLA,183.99000549316406,187.25999450683594,182.11000061035156,184.02000427246094,86759500
2024-02-14,TSLA,185.3000030517578,188.88999938964844,183.35000610351562,188.7100067138672,81203000
2024-02-15,TSLA,189.16000366210938,200.8800048828125,188.86000061035156,200.4499969482422,120831800
2024-02-16,TSLA,202.05999755859375,203.1699981689453,197.39999389648438,199.9499969482422,111346700
2024-02-20,TSLA,196.1300048828125,198.60000610351562,189.1300048828125,193.75999450683594,104545800
2024-02-21,TSLA,193.36000061035156,199.44000244140625,191.9499969482422,194.77000427246094,103500300
2024-02-22,TSLA,194.0,198.32000732421875,191.36000061035156,197.41000366210938,92739500
2024-02-23,TSLA,195.30999755859375,197.57000732421875,191.5,191.97000122070312,78841900
2024-02-26,TSLA,192.2899932861328,201.77999877929688,192.0,199.39999389648438,111747100
2024-02-27,TSLA,204.0399932861328,205.60000610351562,198.25999450683594,199.72999572753906,108645400
2024-02-28,TSLA,200.4199981689453,205.3000030517578,198.44000244140625,202.0399932861328,99806200
2024-02-29,TSLA,204.17999267578125,205.27999877929688,198.4499969482422,201.8800048828125,85907000
2024-03-01,TSLA,200.52000427246094,204.52000427246094,198.5,202.63999938964844,82243100
2024-03-04,TSLA,198.72999572753906,199.75,186.72000122070312,188.13999938964844,134334900
2024-03-05,TSLA,183.0500030517578,184.58999633789062,177.57000732421875,180.74000549316406,119660800
2024-03-06,TSLA,179.99000549316406,181.5800018310547,173.6999969482422,176.5399932861328,107920900
2024-03-07,TSLA,174.35000610351562,180.0399932861328,173.6999969482422,178.64999389648438,102129000
2024-03-08,TSLA,181.5,182.72999572753906,174.6999969482422,175.33999633789062,85544600
2024-03-11,TSLA,175.4499969482422,182.8699951171875,174.8000030517578,177.77000427246094,85391500
2024-03-12,TSLA,177.77000427246094,179.42999267578125,172.41000366210938,177.5399932861328,87391700
2024-03-13,TSLA,173.0500030517578,176.0500030517578,169.14999389648438,169.47999572753906,106524500
2024-03-14,TSLA,167.77000427246094,171.1699981689453,160.50999450683594,162.5,126325700
2024-03-15,TSLA,163.16000366210938,165.17999267578125,160.75999450683594,163.57000732421875,97146800
2024-03-18,TSLA,170.02000427246094,174.72000122070312,165.89999389648438,173.8000030517578,108214400
2024-03-19,TSLA,172.36000061035156,172.82000732421875,167.4199981689453,171.32000732421875,77271400
2024-03-20,TSLA,173.0,176.25,170.82000732421875,175.66000366210938,83846700
2024-03-21,TSLA,176.38999938964844,178.17999267578125,171.8000030517578,172.82000732421875,73178000
2024-03-22,TSLA,166.69000244140625,171.1999969482422,166.3000030517578,170.8300018310547,75580600
2024-03-25,TSLA,168.75999450683594,175.24000549316406,168.72999572753906,172.6300048828125,74228600
2024-03-26,TSLA,178.5800018310547,184.25,177.3800048828125,177.6699981689453,113186200
2024-03-27,TSLA,181.41000366210938,181.91000366210938,176.0,179.8300018310547,81804000
2024-03-28,TSLA,177.4499969482422,179.57000732421875,175.3000030517578,175.7899932861328,77654800
2024-04-01,TSLA,176.1699981689453,176.75,170.2100067138672,175.22000122070312,81562100
2024-04-02,TSLA,164.75,167.69000244140625,163.42999267578125,166.6300048828125,116650600
2024-04-03,TSLA,164.02000427246094,168.82000732421875,163.27999877929688,168.3800048828125,82950100
2024-04-04,TSLA,170.07000732421875,177.19000244140625,168.00999450683594,171.11000061035156,123162000
2024-04-05,TSLA,169.0800018310547,170.86000061035156,160.50999450683594,164.89999389648438,143157600
2024-04-08,TSLA,169.33999633789062,174.5,167.7899932861328,172.97999572753906,104423300
2024-04-09,TSLA,172.91000366210938,179.22000122070312,171.9199981689453,176.8800048828125,102951700
2024-04-10,TSLA,173.0399932861328,174.92999267578125,170.00999450683594,171.75999450683594,84532400
2024-04-11,TSLA,172.5500030517578,175.8800048828125,168.50999450683594,174.60000610351562,94516000
2024-04-12,TSLA,172.33999633789062,173.80999755859375,170.36000061035156,171.0500030517578,64722700
2024-04-15,TSLA,170.24000549316406,170.69000244140625,161.3800048828125,161.47999572753906,100245300
2024-04-16,TSLA,156.74000549316406,158.19000244140625,153.75,157.11000061035156,97000000
2024-04-17,TSLA,157.63999938964844,158.3300018310547,153.77999877929688,155.4499969482422,82439700
2024-04-18,TSLA,151.25,152.1999969482422,148.6999969482422,149.92999267578125,96098800
2024-04-19,TSLA,148.97000122070312,150.94000244140625,146.22000122070312,147.0500030517578,87074500
2024-04-22,TSLA,140.55999755859375,144.44000244140625,138.8000030517578,142.0500030517578,107097600
2024-04-23,TSLA,143.3300018310547,147.25999450683594,141.11000061035156,144.67999267578125,124545100
2024-04-24,TSLA,162.83999633789062,167.97000122070312,157.50999450683594,162.1300048828125,181178000
2024-04-25,TSLA,158.9600067138672,170.8800048828125,158.36000061035156,170.17999267578125,126427500
2024-04-26,TSLA,168.85000610351562,172.1199951171875,166.3699951171875,168.2899932861328,109815700
2024-04-29,TSLA,188.4199981689453,198.8699951171875,184.5399932861328,194.0500030517578,243869700
2024-04-30,TSLA,186.97999572753906,190.9499969482422,182.83999633789062,183.27999877929688,127031800
2024-05-01,TSLA,182.0,185.86000061035156,179.00999450683594,179.99000549316406,92829700
2024-05-02,TSLA,182.86000061035156,184.60000610351562,176.02000427246094,180.00999450683594,89148000
2024-05-03,TSLA,182.10000610351562,184.77999877929688,178.4199981689453,181.19000244140625,75491500
2024-05-06,TSLA,183.8000030517578,187.55999755859375,182.1999969482422,184.75999450683594,84390300
2024-05-07,TSLA,182.39999389648438,183.25999450683594,177.39999389648438,177.80999755859375,75045900
2024-05-08,TSLA,171.58999633789062,176.05999755859375,170.14999389648438,174.72000122070312,79969500
2024-05-09,TSLA,175.00999450683594,175.6199951171875,171.3699951171875,171.97000122070312,65950300
2024-05-10,TSLA,173.0500030517578,173.05999755859375,167.75,168.47000122070312,72627200
2024-05-13,TSLA,170.0,175.39999389648438,169.0,171.88999938964844,67018900
2024-05-14,TSLA,174.5,179.49000549316406,174.07000732421875,177.5500030517578,86407400
2024-05-15,TSLA,179.89999389648438,180.0,173.11000061035156,173.99000549316406,79663000
2024-05-16,TSLA,174.10000610351562,175.7899932861328,171.42999267578125,174.83999633789062,59812200
2024-05-17,TSLA,173.5500030517578,179.6300048828125,172.75,177.4600067138672,77445800
2024-05-20,TSLA,177.55999755859375,177.75,173.52000427246094,174.9499969482422,61727400
2024-05-21,TSLA,175.50999450683594,186.8800048828125,174.7100067138672,186.60000610351562,115266500
2024-05-22,TSLA,182.85000610351562,183.8000030517578,178.1199951171875,180.11000061035156,88313500
2024-05-23,TSLA,181.8000030517578,181.89999389648438,173.25999450683594,173.74000549316406,71975500
2024-05-24,TSLA,174.83999633789062,180.0800018310547,173.72999572753906,179.24000549316406,65584500
2024-05-28,TSLA,176.39999389648438,178.25,173.16000366210938,176.75,59736600
2024-05-29,TSLA,174.19000244140625,178.14999389648438,173.92999267578125,176.19000244140625,54782600
2024-05-30,TSLA,178.5800018310547,182.6699981689453,175.3800048828125,178.7899932861328,77618400
2024-05-31,TSLA,178.5,180.32000732421875,173.82000732421875,178.0800018310547,67314600
2024-06-03,TSLA,178.1300048828125,182.63999938964844,174.49000549316406,176.2899932861328,68568900
2024-06-04,TSLA,174.77999877929688,177.75999450683594,174.0,174.77000427246094,60056300
2024-06-05,TSLA,175.35000610351562,176.14999389648438,172.1300048828125,175.0,57953800
2024-06-06,TSLA,174.60000610351562,179.72999572753906,172.72999572753906,177.94000244140625,69887000
2024-06-07,TSLA,176.1300048828125,179.35000610351562,175.5800018310547,177.47999572753906,56244900
2024-06-10,TSLA,176.05999755859375,178.57000732421875,173.1699981689453,173.7899932861328,50774600
2024-06-11,TSLA,173.9199981689453,174.75,167.41000366210938,170.66000366210938,64761900
2024-06-12,TSLA,171.1199951171875,180.5500030517578,169.8000030517578,177.2899932861328,90389400
2024-06-13,TSLA,188.38999938964844,191.0800018310547,181.22999572753906,182.47000122070312,118984100
2024-06-14,TSLA,185.8000030517578,186.0,176.9199981689453,178.00999450683594,82038200
2024-06-17,TSLA,177.9199981689453,188.80999755859375,177.0,187.44000244140625,109786100
2024-06-18,TSLA,186.55999755859375,187.1999969482422,182.3699951171875,184.86000061035156,68982300
2024-06-20,TSLA,184.67999267578125,185.2100067138672,179.66000366210938,181.57000732421875,55893100
2024-06-21,TSLA,182.3000030517578,183.9499969482422,180.69000244140625,183.00999450683594,61937300
2024-06-24,TSLA,184.97000122070312,188.8000030517578,182.5500030517578,182.5800018310547,61992100
2024-06-25,TSLA,184.39999389648438,187.97000122070312,182.00999450683594,187.35000610351562,62905700
2024-06-26,TSLA,186.5399932861328,197.75999450683594,186.36000061035156,196.3699951171875,95737100
2024-06-27,TSLA,195.1699981689453,198.72000122070312,194.0500030517578,197.4199981689453,72746500
2024-06-28,TSLA,199.5500030517578,203.1999969482422,195.25999450683594,197.8800048828125,95438100
2024-07-01,TSLA,201.02000427246094,213.22999572753906,200.85000610351562,209.86000061035156,135691400
2024-07-02,TSLA,218.88999938964844,231.3000030517578,218.05999755859375,231.25999450683594,205047900
2024-07-03,TSLA,234.55999755859375,248.35000610351562,234.25,246.38999938964844,166561500
2024-07-05,TSLA,249.80999755859375,252.3699951171875,242.4600067138672,251.52000427246094,154501200
2024-07-08,TSLA,247.7100067138672,259.44000244140625,244.57000732421875,252.94000244140625,157219600
2024-07-09,TSLA,251.0,265.6099853515625,250.3000030517578,262.3299865722656,160210900
2024-07-10,TSLA,262.79998779296875,267.5899963378906,257.8599853515625,263.260009765625,128519400
2024-07-11,TSLA,263.29998779296875,271.0,239.64999389648438,241.02999877929688,221707300
2024-07-12,TSLA,235.8000030517578,251.83999633789062,233.08999633789062,248.22999572753906,155955800
2024-07-15,TSLA,255.97000122070312,265.6000061035156,251.72999572753906,252.63999938964844,146912900
2024-07-16,TSLA,255.30999755859375,258.6199951171875,245.8000030517578,256.55999755859375,126332500
2024-07-17,TSLA,252.72999572753906,258.4700012207031,246.17999267578125,248.5,115584800
2024-07-18,TSLA,251.08999633789062,257.1400146484375,247.1999969482422,249.22999572753906,110869000
2024-07-19,TSLA,247.7899932861328,249.44000244140625,236.8300018310547,239.1999969482422,87403900
2024-07-22,TSLA,244.2100067138672,253.2100067138672,243.75,251.50999450683594,101225400
2024-07-23,TSLA,253.60000610351562,255.75999450683594,245.6300048828125,246.3800048828125,111928200
2024-07-24,TSLA,225.4199981689453,225.99000549316406,214.7100067138672,215.99000549316406,167942900
2024-07-25,TSLA,216.8000030517578,226.0,216.22999572753906,220.25,100636500
2024-07-26,TSLA,221.19000244140625,222.27999877929688,215.3300018310547,219.8000030517578,94604100
2024-07-29,TSLA,224.89999389648438,234.27000427246094,224.6999969482422,232.10000610351562,129201800
2024-07-30,TSLA,232.25,232.41000366210938,220.0,222.6199951171875,100560300
2024-07-31,TSLA,227.89999389648438,234.67999267578125,226.7899932861328,232.07000732421875,67497000
2024-08-01,TSLA,227.69000244140625,231.8699951171875,214.3300018310547,216.86000061035156,83861900
2024-08-02,TSLA,214.8800048828125,216.1300048828125,205.77999877929688,207.6699981689453,82880100
2024-08-05,TSLA,185.22000122070312,203.8800048828125,182.0,198.8800048828125,100308800
2024-08-06,TSLA,200.75,202.89999389648438,192.6699981689453,200.63999938964844,73783900
2024-08-07,TSLA,200.77000427246094,203.49000549316406,191.47999572753906,191.75999450683594,71159800
2024-08-08,TSLA,195.6999969482422,200.6999969482422,192.0399932861328,198.83999633789062,65033900
2024-08-09,TSLA,197.0500030517578,200.8800048828125,195.11000061035156,200.0,58648300
2024-08-12,TSLA,199.02000427246094,199.25999450683594,194.6699981689453,197.49000549316406,64044900
2024-08-13,TSLA,198.47000122070312,208.49000549316406,197.05999755859375,207.8300018310547,76247400
2024-08-14,TSLA,207.38999938964844,208.44000244140625,198.75,201.3800048828125,70250000
2024-08-15,TSLA,205.02000427246094,215.8800048828125,204.82000732421875,214.13999938964844,89848500
2024-08-16,TSLA,211.14999389648438,219.8000030517578,210.8000030517578,216.1199951171875,88765100
2024-08-19,TSLA,217.07000732421875,222.97999572753906,214.08999633789062,222.72000122070312,76435200
2024-08-20,TSLA,224.8800048828125,228.22000122070312,219.55999755859375,221.10000610351562,74001200
2024-08-21,TSLA,222.6699981689453,224.66000366210938,218.86000061035156,223.27000427246094,70146000
2024-08-22,TSLA,223.82000732421875,224.8000030517578,210.32000732421875,210.66000366210938,79514500
2024-08-23,TSLA,214.4600067138672,221.47999572753906,214.2100067138672,220.32000732421875,81525200
2024-08-26,TSLA,218.75,219.08999633789062,211.00999450683594,213.2100067138672,59301200
2024-08-27,TSLA,213.25,215.66000366210938,206.94000244140625,209.2100067138672,62821400
2024-08-28,TSLA,209.72000122070312,211.83999633789062,202.58999633789062,205.75,64116400
2024-08-29,TSLA,209.8000030517578,214.88999938964844,205.97000122070312,206.27999877929688,62308800
2024-08-30,TSLA,208.6300048828125,214.57000732421875,207.02999877929688,214.11000061035156,63370600
2024-09-03,TSLA,215.25999450683594,219.89999389648438,209.63999938964844,210.60000610351562,76714200
2024-09-04,TSLA,210.58999633789062,222.22000122070312,210.57000732421875,219.41000366210938,80651800
2024-09-05,TSLA,223.49000549316406,235.0,222.25,230.1699981689453,119355000
2024-09-06,TSLA,232.60000610351562,233.60000610351562,210.50999450683594,210.72999572753906,112177000
2024-09-09,TSLA,216.1999969482422,219.8699951171875,213.6699981689453,216.27000427246094,67443500
2024-09-10,TSLA,220.07000732421875,226.39999389648438,218.63999938964844,226.1699981689453,78891100
2024-09-11,TSLA,224.5500030517578,228.47000122070312,216.8000030517578,228.1300048828125,83548600
2024-09-12,TSLA,224.66000366210938,231.4499969482422,223.8300018310547,229.80999755859375,71894900
2024-09-13,TSLA,228.0,232.6699981689453,226.32000732421875,230.2899932861328,59515100
2024-09-16,TSLA,229.3000030517578,229.9600067138672,223.52999877929688,226.77999877929688,54323000
2024-09-17,TSLA,229.4499969482422,234.57000732421875,226.5500030517578,227.8699951171875,66761600
2024-09-18,TSLA,230.08999633789062,235.67999267578125,226.8800048828125,227.1999969482422,78010200
2024-09-19,TSLA,234.0,244.24000549316406,232.1300048828125,243.9199981689453,102694600
2024-09-20,TSLA,241.52000427246094,243.99000549316406,235.9199981689453,238.25,99879100
2024-09-23,TSLA,242.61000061035156,250.0,241.9199981689453,250.0,86927200
2024-09-24,TSLA,254.0800018310547,257.19000244140625,249.0500030517578,254.27000427246094,88491000
2024-09-25,TSLA,252.5399932861328,257.04998779296875,252.27999877929688,257.0199890136719,65034300
2024-09-26,TSLA,260.6000061035156,261.75,251.52999877929688,254.22000122070312,67142200
2024-09-27,TSLA,257.3800048828125,260.70001220703125,254.1199951171875,260.4599914550781,70988100
2024-09-30,TSLA,259.0400085449219,264.8599853515625,255.77000427246094,261.6300048828125,80705700
2024-10-01,TSLA,262.6700134277344,263.9800109863281,248.52999877929688,258.0199890136719,87397600
2024-10-02,TSLA,247.5500030517578,251.16000366210938,241.5,249.02000427246094,93983900
2024-10-03,TSLA,244.47999572753906,249.7899932861328,237.80999755859375,240.66000366210938,80729200
2024-10-04,TSLA,246.69000244140625,250.9600067138672,244.5800018310547,250.0800018310547,86573200
2024-10-07,TSLA,249.0,249.8300018310547,240.6999969482422,240.8300018310547,68113300
2024-10-08,TSLA,243.55999755859375,246.2100067138672,240.55999755859375,244.5,56303200
2024-10-09,TSLA,243.82000732421875,247.42999267578125,239.50999450683594,241.0500030517578,66289500
2024-10-10,TSLA,241.80999755859375,242.7899932861328,232.33999633789062,238.77000427246094,83087100
2024-10-11,TSLA,220.1300048828125,223.33999633789062,214.3800048828125,217.8000030517578,142628900
2024-10-14,TSLA,220.1300048828125,221.91000366210938,213.74000549316406,219.16000366210938,86291900
2024-10-15,TSLA,220.00999450683594,224.25999450683594,217.1199951171875,219.57000732421875,62988800
2024-10-16,TSLA,221.39999389648438,222.82000732421875,218.92999267578125,221.3300018310547,49632800
2024-10-17,TSLA,221.58999633789062,222.0800018310547,217.89999389648438,220.88999938964844,50791800
2024-10-18,TSLA,220.7100067138672,222.27999877929688,219.22999572753906,220.6999969482422,49611900
2024-10-21,TSLA,218.89999389648438,220.47999572753906,215.72999572753906,218.85000610351562,47329000
2024-10-22,TSLA,217.30999755859375,218.22000122070312,215.25999450683594,217.97000122070312,43268700
2024-10-23,TSLA,217.1300048828125,218.72000122070312,212.11000061035156,213.64999389648438,80938900
2024-10-24,TSLA,244.67999267578125,262.1199951171875,242.64999389648438,260.4800109863281,204491900
2024-10-25,TSLA,256.010009765625,269.489990234375,255.32000732421875,269.19000244140625,161611900
2024-10-28,TSLA,270.0,273.5400085449219,262.239990234375,262.510009765625,107653600
2024-10-29,TSLA,264.510009765625,264.9800109863281,255.50999450683594,259.5199890136719,80521800
2024-10-30,TSLA,258.0400085449219,263.3500061035156,255.82000732421875,257.54998779296875,53993600
2024-10-31,TSLA,257.989990234375,259.75,249.25,249.85000610351562,66575300
2024-11-01,TSLA,252.0399932861328,254.0,246.6300048828125,248.97999572753906,57544800
2024-11-04,TSLA,244.55999755859375,248.89999389648438,238.8800048828125,242.83999633789062,68802400
2024-11-05,TSLA,247.33999633789062,255.27999877929688,246.2100067138672,251.44000244140625,69282500
2024-11-06,TSLA,284.6700134277344,289.5899963378906,275.6199951171875,288.5299987792969,165228700
2024-11-07,TSLA,288.8900146484375,299.75,285.5199890136719,296.9100036621094,117309200
2024-11-08,TSLA,299.1400146484375,328.7099914550781,297.6600036621094,321.2200012207031,204782800
2024-11-11,TSLA,346.29998779296875,358.6400146484375,336.0,350.0,210521600
2024-11-12,TSLA,342.739990234375,345.8399963378906,323.30999755859375,328.489990234375,155726000
2024-11-13,TSLA,335.8500061035156,344.6000061035156,322.5,330.239990234375,125405600
2024-11-14,TSLA,327.69000244140625,329.9800109863281,310.3699951171875,311.17999267578125,120726100
2024-11-15,TSLA,310.57000732421875,324.67999267578125,309.2200012207031,320.7200012207031,114440300
2024-11-18,TSLA,340.7300109863281,348.54998779296875,330.010009765625,338.739990234375,126085600
2024-11-19,TSLA,335.760009765625,347.3800048828125,332.75,346.0,88852500
2024-11-20,TSLA,345.0,346.6000061035156,334.29998779296875,342.0299987792969,66340700
2024-11-21,TSLA,343.80999755859375,347.989990234375,335.2799987792969,339.6400146484375,58011700
2024-11-22,TSLA,341.0899963378906,361.5299987792969,337.70001220703125,352.55999755859375,89140700
2024-11-25,TSLA,360.1400146484375,361.92999267578125,338.20001220703125,338.5899963378906,95890900
2024-11-26,TSLA,341.0,346.9599914550781,335.6600036621094,338.2300109863281,62295900
2024-11-27,TSLA,341.79998779296875,342.54998779296875,326.5899963378906,332.8900146484375,57896400
2024-11-29,TSLA,336.0799865722656,345.45001220703125,334.6499938964844,345.1600036621094,37167600
2024-12-02,TSLA,352.3800048828125,360.0,351.1499938964844,357.0899963378906,77986500
2024-12-03,TSLA,351.79998779296875,355.69000244140625,348.20001220703125,351.4200134277344,58267200
2024-12-04,TSLA,353.0,358.1000061035156,348.6000061035156,357.92999267578125,50810900
2024-12-05,TSLA,359.8699951171875,375.42999267578125,359.5,369.489990234375,81403600
2024-12-06,TSLA,377.4200134277344,389.489990234375,370.79998779296875,389.2200012207031,81455800
2024-12-09,TSLA,397.6099853515625,404.79998779296875,378.010009765625,389.7900085449219,96359200
2024-12-10,TSLA,392.67999267578125,409.7300109863281,390.8500061035156,400.989990234375,97563600
2024-12-11,TSLA,409.70001220703125,424.8800048828125,402.3800048828125,424.7699890136719,104287600
2024-12-12,TSLA,424.8399963378906,429.29998779296875,415.0,418.1000061035156,87752200
2024-12-13,TSLA,420.0,436.29998779296875,415.7099914550781,436.2300109863281,89000200
2024-12-16,TSLA,441.0899963378906,463.19000244140625,436.1499938964844,463.0199890136719,114083800
2024-12-17,TSLA,475.8999938964844,483.989990234375,457.510009765625,479.8599853515625,131223000
2024-12-18,TSLA,466.5,488.5400085449219,427.010009765625,440.1300048828125,149340800
2024-12-19,TSLA,451.8800048828125,456.3599853515625,420.0199890136719,436.1700134277344,118566100
2024-12-20,TSLA,425.510009765625,447.0799865722656,417.6400146484375,421.05999755859375,132216200
2024-12-23,TSLA,431.0,434.510009765625,415.4100036621094,430.6000061035156,72698100
2024-12-24,TSLA,435.8999938964844,462.7799987792969,435.1400146484375,462.2799987792969,59551800
2024-12-26,TSLA,465.1600036621094,465.3299865722656,451.0199890136719,454.1300048828125,76366400
2024-12-27,TSLA,449.5199890136719,450.0,426.5,431.6600036621094,82666800
2024-12-30,TSLA,419.3999938964844,427.0,415.75,417.4100036621094,64941000
2024-12-31,TSLA,423.7900085449219,427.92999267578125,402.5400085449219,403.8399963378906,76825100
2025-01-02,TSLA,390.1000061035156,392.7300109863281,373.0400085449219,379.2799987792969,109710700
2025-01-03,TSLA,381.4800109863281,411.8800048828125,379.45001220703125,410.44000244140625,95423300
2025-01-06,TSLA,423.20001220703125,426.42999267578125,401.70001220703125,411.04998779296875,85516500
2025-01-07,TSLA,405.8299865722656,414.3299865722656,390.0,394.3599853515625,75699500
2025-01-08,TSLA,392.95001220703125,402.5,387.3999938964844,394.94000244140625,73038800
2025-01-10,TSLA,391.3999938964844,399.2799987792969,377.2900085449219,394.739990234375,62287300
2025-01-13,TSLA,383.2099914550781,403.7900085449219,380.07000732421875,403.30999755859375,67580500
2025-01-14,TSLA,414.3399963378906,422.6400146484375,394.5400085449219,396.3599853515625,84565000
2025-01-15,TSLA,409.8999938964844,429.79998779296875,405.6600036621094,428.2200012207031,81375500
2025-01-16,TSLA,423.489990234375,424.0,409.1300048828125,413.82000732421875,68335200
2025-01-17,TSLA,421.5,439.739990234375,419.75,426.5,94991400
2025-01-21,TSLA,432.6400146484375,433.20001220703125,406.30999755859375,424.07000732421875,87320900
2025-01-22,TSLA,416.80999755859375,428.0,414.5899963378906,415.1099853515625,60963300
2025-01-23,TSLA,416.05999755859375,420.7300109863281,408.95001220703125,412.3800048828125,50690600
2025-01-24,TSLA,414.45001220703125,418.8800048828125,405.7799987792969,406.5799865722656,56427100
2025-01-27,TSLA,394.79998779296875,406.69000244140625,389.0,397.1499938964844,58125500
2025-01-28,TSLA,396.9100036621094,400.5899963378906,386.5,398.0899963378906,48910700
2025-01-29,TSLA,395.2099914550781,398.5899963378906,384.4800109863281,389.1000061035156,68033600
2025-01-30,TSLA,410.7799987792969,412.5,384.4100036621094,400.2799987792969,98092900
2025-01-31,TSLA,401.5299987792969,419.989990234375,401.3399963378906,404.6000061035156,83283600
2025-02-03,TSLA,386.67999267578125,389.1700134277344,374.3599853515625,383.67999267578125,93732100
2025-02-04,TSLA,382.6300048828125,394.0,381.3999938964844,392.2099914550781,57072200
2025-02-05,TSLA,387.510009765625,388.3900146484375,375.5299987792969,378.1700134277344,57223300
2025-02-06,TSLA,373.0299987792969,375.3999938964844,363.17999267578125,374.32000732421875,77918200
2025-02-07,TSLA,370.19000244140625,380.54998779296875,360.3399963378906,361.6199951171875,70298300
2025-02-10,TSLA,356.2099914550781,362.70001220703125,350.510009765625,350.7300109863281,77514900
2025-02-11,TSLA,345.79998779296875,349.3699951171875,325.1000061035156,328.5,118543400
2025-02-12,TSLA,329.94000244140625,346.3999938964844,329.1199951171875,336.510009765625,105382700
2025-02-13,TSLA,345.0,358.69000244140625,342.8500061035156,355.94000244140625,89441500
2025-02-14,TSLA,360.6199951171875,362.0,347.5,355.8399963378906,68277300
2025-02-18,TSLA,355.010009765625,359.1000061035156,350.0199890136719,354.1099853515625,51631700
2025-02-19,TSLA,354.0,367.3399963378906,353.6700134277344,360.55999755859375,67094400
2025-02-20,TSLA,361.510009765625,362.29998779296875,348.0,354.3999938964844,45965400
2025-02-21,TSLA,353.44000244140625,354.9800109863281,334.4200134277344,337.79998779296875,74058600
2025-02-24,TSLA,338.1400146484375,342.3999938964844,324.70001220703125,330.5299987792969,76052300
2025-02-25,TSLA,327.0199890136719,328.8900146484375,297.25,302.79998779296875,134228800
2025-02-26,TSLA,303.7099914550781,309.0,288.0400085449219,290.79998779296875,100118300
2025-02-27,TSLA,291.1600036621094,297.2300109863281,280.8800048828125,281.95001220703125,101748200
2025-02-28,TSLA,279.5,293.8800048828125,273.6000061035156,292.9800109863281,115697000
2025-03-03,TSLA,300.3399963378906,303.94000244140625,277.29998779296875,284.6499938964844,115551400
2025-03-04,TSLA,270.92999267578125,284.3500061035156,261.8399963378906,272.0400085449219,126706600
2025-03-05,TSLA,272.9200134277344,279.54998779296875,267.7099914550781,279.1000061035156,94042900
2025-03-06,TSLA,272.05999755859375,272.6499938964844,260.0199890136719,263.45001220703125,98451600
2025-03-07,TSLA,259.32000732421875,266.25,250.72999572753906,262.6700134277344,102369600
2025-03-10,TSLA,252.5399932861328,253.3699951171875,220.0,222.14999389648438,189076900
2025-03-11,TSLA,225.30999755859375,237.05999755859375,217.02000427246094,230.5800018310547,174896400
2025-03-12,TSLA,247.22000122070312,251.83999633789062,241.10000610351562,248.08999633789062,142215700
2025-03-13,TSLA,248.1300048828125,248.2899932861328,232.60000610351562,240.67999267578125,114813500
2025-03-14,TSLA,247.30999755859375,251.5800018310547,240.72999572753906,249.97999572753906,100242300
2025-03-17,TSLA,245.05999755859375,245.39999389648438,232.8000030517578,238.00999450683594,111900600
2025-03-18,TSLA,228.16000366210938,230.10000610351562,222.27999877929688,225.30999755859375,111477600
2025-03-19,TSLA,231.61000061035156,241.41000366210938,229.1999969482422,235.86000061035156,111993800
2025-03-20,TSLA,233.35000610351562,238.0,230.0500030517578,236.25999450683594,99028300
2025-03-21,TSLA,234.99000549316406,249.52000427246094,234.5500030517578,248.7100067138672,132728700
2025-03-24,TSLA,258.0799865722656,278.6400146484375,256.3299865722656,278.3900146484375,169079900
2025-03-25,TSLA,283.6000061035156,288.20001220703125,271.2799987792969,288.1400146484375,150361500
2025-03-26,TSLA,282.6600036621094,284.8999938964844,266.510009765625,272.05999755859375,153629800
2025-03-27,TSLA,272.4800109863281,291.8500061035156,271.82000732421875,273.1300048828125,162572100
2025-03-28,TSLA,275.5799865722656,276.1000061035156,260.57000732421875,263.54998779296875,123809400
2025-03-31,TSLA,249.30999755859375,260.55999755859375,243.36000061035156,259.1600036621094,134008900
2025-04-01,TSLA,263.79998779296875,277.45001220703125,259.25,268.4599914550781,146486900
2025-04-02,TSLA,254.60000610351562,284.989990234375,251.27000427246094,282.760009765625,212787800
2025-04-03,TSLA,265.2900085449219,276.29998779296875,261.510009765625,267.2799987792969,136174300
2025-04-04,TSLA,255.3800048828125,261.0,236.0,239.42999267578125,181229400
2025-04-07,TSLA,223.77999877929688,252.0,214.25,233.2899932861328,183453800
2025-04-08,TSLA,245.0,250.44000244140625,217.8000030517578,221.86000061035156,171603500
2025-04-09,TSLA,224.69000244140625,274.69000244140625,223.8800048828125,272.20001220703125,219433400
2025-04-10,TSLA,260.0,262.489990234375,239.3300018310547,252.39999389648438,181722600
2025-04-11,TSLA,251.83999633789062,257.739990234375,241.36000061035156,252.30999755859375,128948100
2025-04-14,TSLA,258.3599853515625,261.79998779296875,245.92999267578125,252.35000610351562,100135200
2025-04-15,TSLA,249.91000366210938,258.75,247.5399932861328,254.11000061035156,79594300
2025-04-16,TSLA,247.61000061035156,251.97000122070312,233.88999938964844,241.5500030517578,112378700
2025-04-17,TSLA,243.47000122070312,244.33999633789062,237.67999267578125,241.3699951171875,83404800
2025-04-21,TSLA,230.25999450683594,232.2100067138672,222.7899932861328,227.5,97768000
2025-04-22,TSLA,230.9600067138672,242.7899932861328,229.85000610351562,237.97000122070312,120858500
2025-04-23,TSLA,254.86000061035156,259.45001220703125,244.42999267578125,250.74000549316406,150381900
2025-04-24,TSLA,250.5,259.5400085449219,249.1999969482422,259.510009765625,94464200
2025-04-25,TSLA,261.69000244140625,286.8500061035156,259.6300048828125,284.95001220703125,167560700
2025-04-28,TSLA,288.9800109863281,294.8599853515625,272.4200134277344,285.8800048828125,151731800
2025-04-29,TSLA,285.5,293.32000732421875,279.4700012207031,292.0299987792969,108906600
2025-04-30,TSLA,279.8999938964844,284.45001220703125,270.7799987792969,282.1600036621094,128961100
2025-05-01,TSLA,280.010009765625,290.8699951171875,279.80999755859375,280.5199890136719,99659000
2025-05-02,TSLA,284.8999938964844,294.7799987792969,279.80999755859375,287.2099914550781,114454700
2025-05-05,TSLA,284.57000732421875,284.8500061035156,274.3999938964844,280.260009765625,94618900
2025-05-06,TSLA,273.1099853515625,277.7300109863281,271.3500061035156,275.3500061035156,76715800
2025-05-07,TSLA,276.8800048828125,277.9200134277344,271.0,276.2200012207031,71592600
2025-05-08,TSLA,279.6300048828125,289.79998779296875,279.4100036621094,284.82000732421875,97539400
2025-05-09,TSLA,290.2099914550781,307.0400085449219,290.0,298.260009765625,132387800
2025-05-12,TSLA,321.989990234375,322.2099914550781,311.5,318.3800048828125,112826700
2025-05-13,TSLA,320.0,337.5899963378906,316.79998779296875,334.07000732421875,136992600
2025-05-14,TSLA,342.5,350.0,337.0,347.67999267578125,136997300
2025-05-15,TSLA,340.3399963378906,346.1400146484375,334.7200012207031,342.82000732421875,97882600
2025-05-16,TSLA,346.239990234375,351.6199951171875,342.3299865722656,349.9800109863281,95895700
2025-05-19,TSLA,336.29998779296875,343.0,333.3699951171875,342.0899963378906,88869900
2025-05-20,TSLA,347.8699951171875,354.989990234375,341.6300048828125,343.82000732421875,131715500
2025-05-21,TSLA,344.42999267578125,347.3500061035156,332.20001220703125,334.6199951171875,102354800
2025-05-22,TSLA,331.8999938964844,347.2699890136719,331.3900146484375,341.0400085449219,97113400
2025-05-23,TSLA,337.9200134277344,343.17999267578125,333.2099914550781,339.3399963378906,84654800
2025-05-27,TSLA,347.3500061035156,363.7900085449219,347.32000732421875,362.8900146484375,120146400
2025-05-28,TSLA,364.8399963378906,365.0,355.9100036621094,356.8999938964844,91404300
2025-05-29,TSLA,365.2900085449219,367.7099914550781,356.0,358.42999267578125,88087800
2025-05-30,TSLA,355.5199890136719,363.67999267578125,345.2900085449219,346.4599914550781,123474900
2025-06-02,TSLA,343.5,348.0199890136719,333.3299865722656,342.69000244140625,81873800
2025-06-03,TSLA,346.6000061035156,355.3999938964844,343.0400085449219,344.2699890136719,99324500
2025-06-04,TSLA,345.1000061035156,345.6000061035156,327.3299865722656,332.04998779296875,98912100
2025-06-05,TSLA,322.489990234375,324.54998779296875,273.2099914550781,284.70001220703125,287499800
2025-06-06,TSLA,298.8299865722656,305.5,291.1400146484375,295.1400146484375,164747700
2025-06-09,TSLA,285.9599914550781,309.8299865722656,281.8500061035156,308.5799865722656,140908900
2025-06-10,TSLA,314.94000244140625,327.8299865722656,310.6700134277344,326.0899963378906,151256500
2025-06-11,TSLA,334.3999938964844,335.5,322.5,326.42999267578125,122611400
2025-06-12,TSLA,323.0799865722656,332.55999755859375,316.8599853515625,319.1099853515625,105127500
2025-06-13,TSLA,313.9700012207031,332.989990234375,313.29998779296875,325.30999755859375,128964300
2025-06-16,TSLA,331.2900085449219,332.04998779296875,326.4100036621094,329.1300048828125,83925900
2025-06-17,TSLA,326.0899963378906,327.260009765625,314.739990234375,316.3500061035156,88282700
2025-06-18,TSLA,317.30999755859375,329.32000732421875,315.45001220703125,322.04998779296875,95137700
2025-06-20,TSLA,327.95001220703125,332.3599853515625,317.7799987792969,322.1600036621094,108688000
2025-06-23,TSLA,327.5400085449219,357.5400085449219,327.4800109863281,348.67999267578125,190716800
2025-06-24,TSLA,356.1700134277344,356.260009765625,340.44000244140625,340.4700012207031,114736200
2025-06-25,TSLA,342.70001220703125,343.0,320.3999938964844,327.54998779296875,119845100
2025-06-26,TSLA,324.6099853515625,331.04998779296875,323.6099853515625,325.7799987792969,80440900
2025-06-27,TSLA,324.510009765625,329.3399963378906,317.5,323.6300048828125,89067000
2025-06-30,TSLA,319.8999938964844,325.5799865722656,316.6000061035156,317.6600036621094,76695100
2025-07-01,TSLA,298.4599914550781,305.8900146484375,293.2099914550781,300.7099914550781,145085700
2025-07-02,TSLA,312.6300048828125,316.8299865722656,303.82000732421875,315.6499938964844,119483700
2025-07-03,TSLA,317.989990234375,318.45001220703125,312.760009765625,315.3500061035156,58042300
2025-07-07,TSLA,291.3699951171875,296.1499938964844,288.7699890136719,293.94000244140625,131177900
2025-07-08,TSLA,297.0,304.04998779296875,294.3500061035156,297.80999755859375,103246700
2025-07-09,TSLA,297.54998779296875,300.1499938964844,293.54998779296875,295.8800048828125,75586800
2025-07-10,TSLA,300.04998779296875,310.4800109863281,300.0,309.8699951171875,104365300
2025-07-11,TSLA,307.8900146484375,314.0899963378906,305.6499938964844,313.510009765625,79236400
2025-07-14,TSLA,317.7300109863281,322.6000061035156,312.6700134277344,316.8999938964844,78043400
2025-07-15,TSLA,319.67999267578125,321.20001220703125,310.5,310.7799987792969,77556300
2025-07-16,TSLA,312.79998779296875,323.5,312.6199951171875,321.6700134277344,97284800
2025-07-17,TSLA,323.1499938964844,324.3399963378906,317.05999755859375,319.4100036621094,73922900
2025-07-18,TSLA,321.6600036621094,330.8999938964844,321.4200134277344,329.6499938964844,94255000
2025-07-21,TSLA,334.3999938964844,338.0,326.8800048828125,328.489990234375,75768800
2025-07-22,TSLA,329.739990234375,335.4100036621094,321.54998779296875,332.1099853515625,77370400
2025-07-23,TSLA,330.8999938964844,336.20001220703125,328.6700134277344,332.55999755859375,92553800
2025-07-24,TSLA,310.0,310.1499938964844,300.4100036621094,305.29998779296875,156966000
2025-07-25,TSLA,308.739990234375,323.6300048828125,308.010009765625,316.05999755859375,148227000
2025-07-28,TSLA,318.45001220703125,330.489990234375,315.69000244140625,325.5899963378906,112673800
2025-07-29,TSLA,325.54998779296875,326.25,318.25,321.20001220703125,87358900
2025-07-30,TSLA,322.17999267578125,324.45001220703125,311.6199951171875,319.0400085449219,83931900
2025-07-31,TSLA,319.6099853515625,321.3699951171875,306.1000061035156,308.2699890136719,85270900
2025-08-01,TSLA,306.2099914550781,309.30999755859375,297.82000732421875,302.6300048828125,89121400
2025-08-04,TSLA,309.0799865722656,312.1199951171875,303.0,309.260009765625,78683900
2025-08-05,TSLA,308.95001220703125,312.45001220703125,305.5,308.7200012207031,57961300
2025-08-06,TSLA,307.8900146484375,320.4700012207031,306.92999267578125,319.9100036621094,78523600
2025-08-07,TSLA,319.7900085449219,322.3999938964844,316.1600036621094,322.2699890136719,66658700
2025-08-08,TSLA,321.42999267578125,335.1499938964844,320.9800109863281,329.6499938964844,91200300
2025-08-11,TSLA,335.0,346.6400146484375,334.1499938964844,339.0299987792969,105320200
2025-08-12,TSLA,345.0,345.260009765625,332.94000244140625,340.8399963378906,80522100
2025-08-13,TSLA,341.5,348.9800109863281,338.20001220703125,339.3800048828125,67838900
2025-08-14,TSLA,335.760009765625,340.4700012207031,330.3999938964844,335.5799865722656,75000700
2025-08-15,TSLA,337.6600036621094,339.29998779296875,327.0199890136719,330.55999755859375,74319800
2025-08-18,TSLA,329.6199951171875,336.2699890136719,329.5899963378906,335.1600036621094,56956600
2025-08-19,TSLA,335.7900085449219,340.54998779296875,327.8500061035156,329.30999755859375,75956000
2025-08-20,TSLA,329.2200012207031,331.3699951171875,314.6000061035156,323.8999938964844,77481800
2025-08-21,TSLA,322.0799865722656,324.8999938964844,318.67999267578125,320.1099853515625,55744400
2025-08-22,TSLA,321.6600036621094,340.25,319.69000244140625,340.010009765625,94016300
2025-08-25,TSLA,338.8999938964844,349.5299987792969,335.0299987792969,346.6000061035156,86670000
2025-08-26,TSLA,344.92999267578125,351.8999938964844,343.7200012207031,351.6700134277344,76651600
2025-08-27,TSLA,351.94000244140625,355.3900146484375,349.1600036621094,349.6000061035156,65519000
2025-08-28,TSLA,350.9100036621094,353.54998779296875,340.260009765625,345.9800109863281,67903200
2025-08-29,TSLA,347.2300109863281,348.75,331.70001220703125,333.8699951171875,81145700
2025-09-02,TSLA,328.2300109863281,333.3299865722656,325.6000061035156,329.3599853515625,58392000
2025-09-03,TSLA,335.20001220703125,343.3299865722656,328.510009765625,334.0899963378906,88733300
2025-09-04,TSLA,336.1499938964844,338.8900146484375,331.4800109863281,338.5299987792969,60711000
2025-09-05,TSLA,348.0,355.8699951171875,344.67999267578125,350.8399963378906,108989800
2025-09-08,TSLA,354.6400146484375,358.44000244140625,344.8399963378906,346.3999938964844,75208300
2025-09-09,TSLA,348.44000244140625,350.7699890136719,343.82000732421875,346.9700012207031,53816000
2025-09-10,TSLA,350.54998779296875,356.3299865722656,346.07000732421875,347.7900085449219,72121700
2025-09-11,TSLA,350.1700134277344,368.989990234375,347.6000061035156,368.80999755859375,103756000
2025-09-12,TSLA,370.94000244140625,396.69000244140625,370.239990234375,395.94000244140625,168156400
2025-09-15,TSLA,423.1300048828125,425.70001220703125,402.42999267578125,410.0400085449219,163823700
2025-09-16,TSLA,414.5,423.25,411.42999267578125,421.6199951171875,104285700
2025-09-17,TSLA,415.75,428.30999755859375,409.6700134277344,425.8599853515625,106133500
2025-09-18,TSLA,428.8699951171875,432.2200012207031,416.55999755859375,416.8500061035156,90454500
2025-09-19,TSLA,421.82000732421875,429.4700012207031,421.7200012207031,426.07000732421875,93131000
2025-09-22,TSLA,431.1099853515625,444.9800109863281,429.1300048828125,434.2099914550781,97108800
2025-09-23,TSLA,439.8800048828125,440.9700012207031,423.7200012207031,425.8500061035156,83422700
2025-09-24,TSLA,429.8299865722656,444.2099914550781,429.0299987792969,442.7900085449219,93133600
2025-09-25,TSLA,435.239990234375,435.3500061035156,419.0799865722656,423.3900146484375,96746400
2025-09-26,TSLA,428.29998779296875,440.4700012207031,421.0199890136719,440.3999938964844,101628200
2025-09-29,TSLA,444.3500061035156,450.9800109863281,439.5,443.2099914550781,79491500
2025-09-30,TSLA,441.5199890136719,445.0,433.1199951171875,444.7200012207031,74358000
2025-10-01,TSLA,443.79998779296875,462.2900085449219,440.75,459.4599914550781,98122300
2025-10-02,TSLA,470.5400085449219,470.75,435.57000732421875,436.0,137009000
2025-10-03,TSLA,443.2900085449219,446.7699890136719,416.5799865722656,429.8299865722656,133188200
2025-10-06,TSLA,440.75,453.54998779296875,436.69000244140625,453.25,85324900
2025-10-07,TSLA,447.82000732421875,452.67999267578125,432.45001220703125,433.0899963378906,102296100
2025-10-08,TSLA,437.57000732421875,441.3299865722656,425.2300109863281,438.69000244140625,71192100
2025-10-09,TSLA,431.80999755859375,436.3500061035156,426.17999267578125,435.5400085449219,69339900
2025-10-10,TSLA,436.5400085449219,443.1300048828125,411.45001220703125,413.489990234375,112107900
2025-10-13,TSLA,423.5299987792969,436.8900146484375,419.70001220703125,435.8999938964844,79552800
2025-10-14,TSLA,426.7900085449219,434.20001220703125,417.8599853515625,429.239990234375,72669400
2025-10-15,TSLA,434.8999938964844,440.510009765625,426.3299865722656,435.1499938964844,71558200
2025-10-16,TSLA,434.7300109863281,439.3500061035156,421.30999755859375,428.75,77189900
2025-10-17,TSLA,425.5,441.4599914550781,423.6000061035156,439.30999755859375,89331600
2025-10-20,TSLA,443.8699951171875,449.79998779296875,440.6099853515625,447.42999267578125,63719000
2025-10-21,TSLA,445.760009765625,449.29998779296875,442.04998779296875,442.6000061035156,54412200
2025-10-22,TSLA,443.45001220703125,445.5400085449219,429.0,438.9700012207031,84023500
2025-10-23,TSLA,420.0,449.3999938964844,413.8999938964844,448.9800109863281,126709800
2025-10-24,TSLA,446.8299865722656,451.67999267578125,430.1700134277344,433.7200012207031,94727800
2025-10-27,TSLA,439.9800109863281,460.1600036621094,438.69000244140625,452.4200134277344,105867500
2025-10-28,TSLA,454.7799987792969,467.0,451.6000061035156,460.54998779296875,80185700
2025-10-29,TSLA,462.5,465.70001220703125,452.6499938964844,461.510009765625,67983500
2025-10-30,TSLA,451.04998779296875,455.05999755859375,439.6099853515625,440.1000061035156,72447900
2025-10-31,TSLA,446.75,458.0,443.69000244140625,456.55999755859375,83135800
2025-11-03,TSLA,455.989990234375,474.07000732421875,453.79998779296875,468.3699951171875,84595200
2025-11-04,TSLA,454.4599914550781,460.2200012207031,443.6000061035156,444.260009765625,87756600
2025-11-05,TSLA,452.04998779296875,466.3299865722656,440.7099914550781,462.07000732421875,85573000
2025-11-06,TSLA,461.9599914550781,467.45001220703125,435.0899963378906,445.9100036621094,109622900
2025-11-07,TSLA,437.9200134277344,439.3599853515625,421.8800048828125,429.5199890136719,103471500
2025-11-10,TSLA,439.6000061035156,449.6700134277344,433.3599853515625,445.2300109863281,76515900
2025-11-11,TSLA,439.3999938964844,442.489990234375,432.3599853515625,439.6199951171875,60533200
2025-11-12,TSLA,442.1499938964844,442.3299865722656,426.55999755859375,430.6000061035156,58513500
2025-11-13,TSLA,423.1300048828125,424.5,396.3399963378906,401.989990234375,118948000
2025-11-14,TSLA,386.29998779296875,412.19000244140625,382.7799987792969,404.3500061035156,105506700
2025-11-17,TSLA,398.739990234375,423.9599914550781,398.739990234375,408.9200134277344,102214300
2025-11-18,TSLA,405.3800048828125,408.8999938964844,393.7099914550781,401.25,80688600
2025-11-19,TSLA,406.17999267578125,411.7799987792969,398.5,403.989990234375,72047700
2025-11-20,TSLA,414.6300048828125,428.94000244140625,394.739990234375,395.2300109863281,113548800
2025-11-21,TSLA,402.32000732421875,402.79998779296875,383.760009765625,391.0899963378906,100460600
2025-11-24,TSLA,402.1700134277344,421.7200012207031,401.0899963378906,417.7799987792969,96806400
2025-11-25,TSLA,414.4200134277344,420.4800109863281,405.95001220703125,419.3999938964844,71915600
2025-11-26,TSLA,423.95001220703125,426.94000244140625,416.8900146484375,426.5799865722656,63463000
2025-11-28,TSLA,426.5899963378906,432.92999267578125,426.20001220703125,430.1700134277344,36252900
2025-12-01,TSLA,425.32000732421875,433.6600036621094,425.2900085449219,430.1400146484375,57463600
2025-12-02,TSLA,430.80999755859375,436.79998779296875,422.1199951171875,429.239990234375,69336600
2025-12-03,TSLA,432.1000061035156,447.9200134277344,431.1099853515625,446.739990234375,87483000
2025-12-04,TSLA,449.94000244140625,454.6300048828125,445.3900146484375,454.5299987792969,71906500
2025-12-05,TSLA,453.0299987792969,458.8699951171875,451.6600036621094,455.0,56427500
2025-12-08,TSLA,447.45001220703125,449.75,435.25,439.5799865722656,69165800
2025-12-09,TSLA,437.5400085449219,452.3900146484375,435.70001220703125,445.1700134277344,62367400
2025-12-10,TSLA,446.07000732421875,456.8800048828125,443.6099853515625,451.45001220703125,63257500
2025-12-11,TSLA,448.95001220703125,449.2699890136719,440.3299865722656,446.8900146484375,55979500
2025-12-12,TSLA,448.0899963378906,463.010009765625,441.6700134277344,458.9599914550781,95656700
2025-12-15,TSLA,469.44000244140625,481.7699890136719,467.6600036621094,475.30999755859375,114542200
2025-12-16,TSLA,472.2099914550781,491.5,465.8299865722656,489.8800048828125,107608100
2025-12-17,TSLA,488.2200012207031,495.2799987792969,466.20001220703125,467.260009765625,106490400
2025-12-18,TSLA,478.1600036621094,490.8599853515625,473.1199951171875,483.3699951171875,95168400
2025-12-19,TSLA,488.1199951171875,490.489990234375,474.7200012207031,481.20001220703125,103305400
2025-12-22,TSLA,489.8800048828125,498.8299865722656,485.3299865722656,488.7300109863281,86916100
2025-12-23,TSLA,489.3999938964844,491.9700012207031,482.8399963378906,485.55999755859375,58223600
2025-12-24,TSLA,488.4800109863281,490.8999938964844,476.79998779296875,485.3999938964844,41285400
2025-12-26,TSLA,485.2300109863281,489.0899963378906,473.82000732421875,475.19000244140625,58780700
2025-12-29,TSLA,469.0,469.3999938964844,459.0,459.6400146484375,66263000
2025-12-30,TSLA,461.0899963378906,463.1199951171875,453.8299865722656,454.42999267578125,59238500
